Topic,Words,Frequency,Timestamp
-1,"hungarn, ungarn, dess, auss, umb",293,1703-07-09 06:00:00
0,"hungarn, umb, rebellen, auff, general",87,1703-07-09 06:00:00
1,"rationsgeliffert, herschaffen, erbeüthet, herligk, käyserl",15,1703-07-09 06:00:00
2,"schiff, schovel, meer, mittelländischen, flotte",16,1703-07-09 06:00:00
3,"dess, conjunƈturen, miraculosen, befndlichen, jungftauen",2,1703-07-09 06:00:00
4,"erbeütet, geldt, beuthe, paaren, gulden",2,1703-07-09 06:00:00
5,"jungst, rendsburg, troup, revue, gebessert",5,1703-07-09 06:00:00
6,"armée, offensivè, meissten, defensiyé, kirkordie",3,1703-07-09 06:00:00
9,"pferden, artigleripferdt, gutsche, weisenfels, tauscher",4,1703-07-09 06:00:00
10,"andræe, seyeindemdaslandvondergegendarienbiss, tächer, philippine, salviren",1,1703-07-09 06:00:00
11,"regnia, rasirung, unvermuth, mattalona, revociren",4,1703-07-09 06:00:00
13,"schwedis, schneid, schmid, müller, schlossergs",1,1703-07-09 06:00:00
14,"rawitsch, maiest, daselbsten, jhre, hungarn",1,1703-07-09 06:00:00
15,"marechal, tallard, gefangenen, marlboroug, milord",2,1703-07-09 06:00:00
19,"schweden, woywodschafften, thorn, confoederirten, confœderation",11,1703-07-09 06:00:00
20,"durchl, wilh, guardarobba, didak, se",15,1703-07-09 06:00:00
22,"majest, ma, , , ",12,1703-07-09 06:00:00
23,"1704, biss, 1703, tyrnau, gewinn",2,1703-07-09 06:00:00
31,"1000, 5000, pothiany, kopffstein, haltbare",8,1703-07-09 06:00:00
35,"delectirten, favoritarevertirten, nommenem, thainl, fasahnen",1,1703-07-09 06:00:00
38,"churfürstl, erwartet, hingegen, jhro, man",1,1703-07-09 06:00:00
39,"brech, ellen, seither, savoyen, jhrer",3,1703-07-09 06:00:00
40,"frantzosen, frantzösischen, frantzösische, städtlein, nohe",23,1703-07-09 06:00:00
44,"julij, londen, auss, novembris, eodem",4,1703-07-09 06:00:00
47,"jenner, sonntag, den, montag, montags",1,1703-07-09 06:00:00
54,"römis, leopoldi, sambt, majestäten, jhrer",2,1703-07-09 06:00:00
55,"königl, und, möstl, kopp, kugler",5,1703-07-09 06:00:00
62,"kayserl, kays, schwaben, brieffe, jnzwischen",5,1703-07-09 06:00:00
68,"eodem, novemb, novembris, maynstrohm, november",5,1703-07-09 06:00:00
69,"erfrischen, logiren, cavalliers, kommende, könten",1,1703-07-09 06:00:00
96,"köstigung, hoffstatt, benöthiget, gantzen, be",1,1703-07-09 06:00:00
100,"hochfürstl, eodem, heut, jhre, seynd",2,1703-07-09 06:00:00
101,"julij, haag, auss, vom, holland",1,1703-07-09 06:00:00
105,"generalcontemedauid, lieut, lieuten, käyserl, general",3,1703-07-09 06:00:00
106,"alldasiges, mylordducdemarlboroug, auffbrin, europæeuropae, berathschlagung",1,1703-07-09 06:00:00
110,"abzubringen, ambassadeurmonsieurchateauneuf, liantz, courir, beschleinigen",2,1703-07-09 06:00:00
111,"käyser, sambt, begaben, eodem, königliche",1,1703-07-09 06:00:00
115,"sterlings, civilenrolle, angewend, pfund, geschä",2,1703-07-09 06:00:00
137,"gallaway, savoyischen, nechster, völckern, mylord",1,1703-07-09 06:00:00
141,"fracht, 40000, gütern, brüssel, partheyen",1,1703-07-09 06:00:00
148,"december, moselstrohm, mosel, strohm, vom",3,1703-07-09 06:00:00
150,"decemb, den, dedöcker, kreisamt, neuburg",1,1703-07-09 06:00:00
153,"schlachtung, kauffmanschafft, geschlichtet, viehs, getraids",1,1703-07-09 06:00:00
155,"einheimbischen, congratulations, complimenten, ausländischen, ministern",1,1703-07-09 06:00:00
158,"golso, venedig, flaggen, venetianischen, decemb",2,1703-07-09 06:00:00
164,"julij, lissabon, vom, lisabon, portugal",2,1703-07-09 06:00:00
169,"seithen, ssigiährige, fortfah, belehren, rthl",1,1703-07-09 06:00:00
173,"heuth, fest, heil, allhier, wurde",1,1703-07-09 06:00:00
174,"brig, fliss, fürstenthümbern, wohlau, lignitz",2,1703-07-09 06:00:00
183,"wiederholet, anlangung, neuburg, closter, besagter",1,1703-07-09 06:00:00
184,"rheinstrom, sthrom, rhein, nider, december",2,1703-07-09 06:00:00
185,"schweitz, novembris, december, eodem, auss",2,1703-07-09 06:00:00
187,"stahremberg, käyserl, reichs, grafen, titl",1,1703-07-09 06:00:00
189,"münchen, augusti, auss, vom, frankfurt",1,1703-07-09 06:00:00
194,"sambt, hertzog, ertz, carl, durchl",1,1703-07-09 06:00:00
196,"königl, dem, königi, thrones, seine",1,1703-07-09 06:00:00
199,"jawoscow, otsock, avancirt, zuverlässliche, abreiss",2,1703-07-09 06:00:00
206,"anticipando, langucdoc, desaintcolumba, pensionennen, hofetliche",1,1703-07-09 06:00:00
212,"200000, 2000, 20000, zufaro, quarnisonen",6,1703-07-09 06:00:00
215,"amnystial, scharffer, bauersmann, patenta, betrohung",2,1703-07-09 06:00:00
221,"novembr, warschau, polen, eodem, vom",1,1703-07-09 06:00:00
228,"käyserl, fürstl, auss, entschlieffe, cell",1,1703-07-09 06:00:00
250,"reinschild, reu, marschfertig, terey, stünde",1,1703-07-09 06:00:00
253,"reichsth, portio, jede, nen, juden",1,1703-07-09 06:00:00
259,"mjttwoch, jenner, ibid, maesstrom, stark",1,1703-07-09 06:00:00
273,"majestäten, durchl, jhro, wie, auch",1,1703-07-09 06:00:00
276,"magdalena, divertiren, bliben, jagt, tzogin",1,1703-07-09 06:00:00
285,"herrschafft, durchl, jungen, ausser, jhro",1,1703-07-09 06:00:00
309,"mehres, urbig, fridrichsburg, gesandschafft, envoyè",2,1703-07-09 06:00:00
317,"grassirenden, scharbock, gefan, genen, starck",1,1703-07-09 06:00:00
337,"jenner, erchtag, sambstag, elbstrom, auss",2,1703-07-09 06:00:00
344,"cæcilia, thanhausen, quarde, eintziger, bonaventura",1,1703-07-09 06:00:00
353,"pfingstag, novembris, pfründl, pfeffer, pflaster",1,1703-07-09 06:00:00
359,"auffzuheben, völ, cker, vermuthlich, käyserl",1,1703-07-09 06:00:00
360,"kayserl, celebriten, pomposester, celebrirt, kaysers",2,1703-07-09 06:00:00
371,"delanoy, sintzendorff, lim, burgischen, deleg",1,1703-07-09 06:00:00
378,"nachzusenden, belagert, rucken, mann, auff",2,1703-07-09 06:00:00
393,"mayt, todt, , , ",1,1703-07-09 06:00:00
438,"50000, starck, wi, biss, vorigen",1,1703-07-09 06:00:00
460,"käys, donnerstag, jenner, donnerstags, augusti",1,1703-07-09 06:00:00
469,"rom, päbstl, eodem, julii, auss",1,1703-07-09 06:00:00
471,"dito, divertirten, strohm, ulm, käyserl",4,1703-07-09 06:00:00
483,"favoritta, wratislau, königlicher, eodem, graff",1,1703-07-09 06:00:00
507,"schwören, generalität, müssen, grundherrlichkeit, grundherrlichkeiten",1,1703-07-09 06:00:00
510,"imimmer, grandibus, hütung, anwende, auffstand",1,1703-07-09 06:00:00
512,"december, auss, madrit, bon, vom",6,1703-07-09 06:00:00
522,"rthl, rthlr, rthkr, , ",1,1703-07-09 06:00:00
538,"divertirten, käyser, sambt, königliche, beede",1,1703-07-09 06:00:00
564,"einfexung, defensionsstand, arriviret, tockay, ragozi",1,1703-07-09 06:00:00
565,"kayserl, langenkell, kayserling, definidefinitortor, zwey",1,1703-07-09 06:00:00
566,"julij, madrit, junii, dito, vom",1,1703-07-09 06:00:00
-1,"ungarn, auff, umb, auss, hungarn",341,1705-03-14 04:00:00
0,"rebellen, umb, feind, ungarn, auff",108,1705-03-14 04:00:00
1,"dähnis, montirung, span, völckern, ankunfft",8,1705-03-14 04:00:00
2,"schiff, flotta, umb, schiffen, gibraltar",23,1705-03-14 04:00:00
3,"hrer, abgeleibten, capell, seelig, alldasigen",1,1705-03-14 04:00:00
4,"aussgetragen, aussbezahlet, erhobenes, apffel, paparaderadebeth",3,1705-03-14 04:00:00
5,"josephoprimo, vaini, bevestigungs, popotenzentenzen, ausswertige",9,1705-03-14 04:00:00
6,"trenché, miethau, brzee, gethanalleinerwäremitgrossemschadenwieder, zuzuruck",4,1705-03-14 04:00:00
9,"pferd, pferdten, pferden, pferde, geyman",11,1705-03-14 04:00:00
10,"vorkehre, fortlouissichinnerhalb, behauptendassgedachtevestung, zufrieren, rarischen",3,1705-03-14 04:00:00
11,"behafftet, dreytägigen, darnider, wegbringen, beschencket",2,1705-03-14 04:00:00
14,"abg, abundio, bestättigter, catha, rina",2,1705-03-14 04:00:00
16,"rabenbauer, umbbringen, gesambtes, anwünschen, nochmah",2,1705-03-14 04:00:00
18,"hagenau, brand, crayburg, umbli, burghausischen",4,1705-03-14 04:00:00
19,"schweden, schwedische, weichsel, pohlnische, opotaw",8,1705-03-14 04:00:00
20,"durchl, wilh, guardarobba, didak, se",20,1705-03-14 04:00:00
22,"majest, ma, , , ",18,1705-03-14 04:00:00
23,"wienn, 1706, biss, februarii, 1705",3,1705-03-14 04:00:00
29,"anna, ihr, maria, waidinger, haussfrauen",13,1705-03-14 04:00:00
31,"ungarn, 1000, vernahme, löffelholz, etilch",7,1705-03-14 04:00:00
35,"verschiebene, disen, käyserl, mahl, glocken",2,1705-03-14 04:00:00
38,"churfürstl, bezei, gütliche, vergleich, get",2,1705-03-14 04:00:00
39,"königseck, kriechbaum, streich, angestellten, darauff",2,1705-03-14 04:00:00
40,"frantzosen, frantzösische, frantzösischen, frantzösis, mossl",28,1705-03-14 04:00:00
47,"sonntag, jenner, montag, dito, den",2,1705-03-14 04:00:00
51,"septemb, september, biss, wienn, erwach",14,1705-03-14 04:00:00
53,"nembl, lusthauss, lacroix, parthey, burgerl",1,1705-03-14 04:00:00
54,"brieffl, kayser, 100000, römische, römischen",2,1705-03-14 04:00:00
62,"kayserl, zigeuner, kay, heute, serl",32,1705-03-14 04:00:00
65,"türken, jorg, pongracz, baloczey, petenhasy",1,1705-03-14 04:00:00
69,"rottirt, angekomme, nemblich, gräfl, landshut",1,1705-03-14 04:00:00
75,"augusti, spanien, auss, vom, july",1,1705-03-14 04:00:00
80,"stättl, bewürcken, bruckenschlagen, kundtschaffter, wantzenau",1,1705-03-14 04:00:00
88,"engell, vereinigung, commissarien, königreichen, schottland",1,1705-03-14 04:00:00
92,"ehew, ah, , , ",20,1705-03-14 04:00:00
96,"blut, cörper, strümpff, hemmet, mordthat",1,1705-03-14 04:00:00
100,"hochfürstl, hochw, todtsfall, uhralten, theologische",7,1705-03-14 04:00:00
101,"haag, auss, jenner, vom, april",4,1705-03-14 04:00:00
105,"lieutenant, löblich, veranstaltet, dardurch, last",2,1705-03-14 04:00:00
109,"bachschmidt, margare, rupert, tha, sein",1,1705-03-14 04:00:00
110,"collonitz, gleichfahls, abgesendet, brieff, courier",1,1705-03-14 04:00:00
114,"februarii, dienstag, montag, febr, den",2,1705-03-14 04:00:00
117,"april, moselstrohm, mosel, auss, vom",5,1705-03-14 04:00:00
118,"dito, den, freytag, und, ",1,1705-03-14 04:00:00
122,"simon, joseph, josepha, böhmen, josephst",1,1705-03-14 04:00:00
123,"braunschweigis, admiadministrationnistration, gulden, publici, gesche",1,1705-03-14 04:00:00
137,"beschenckt, titulunddemezufolg, reissfertig, venetia, mocenigo",1,1705-03-14 04:00:00
142,"spanien, jenner, auss, vom, madrid",1,1705-03-14 04:00:00
158,"venedig, engeländis, auss, vom, april",4,1705-03-14 04:00:00
163,"ungarn, croa, palffi, ban, then",1,1705-03-14 04:00:00
164,"portugall, überschickte, fortgangs, marschi, badajos",2,1705-03-14 04:00:00
174,"ubens, debiel, mollarth, camer, castelbarco",1,1705-03-14 04:00:00
184,"rheinstrohm, rheinstrom, nider, strohm, vom",2,1705-03-14 04:00:00
185,"schweitz, auss, septemb, vom, april",4,1705-03-14 04:00:00
187,"titl, credenzcredenzschreibenschreiben, præprælatenlaten, geymann, sprintzen",4,1705-03-14 04:00:00
190,"catharina, köppel, michael, cath, sein",2,1705-03-14 04:00:00
194,"durchleuchtig, hertzoginen, käyserin, fürstlichen, ertz",1,1705-03-14 04:00:00
199,"könte, wissen, noch, nicht, man",1,1705-03-14 04:00:00
201,"löbl, gemeiner, etliche, fuss, heute",2,1705-03-14 04:00:00
204,"caspar, christian, dito, christ, jesu",1,1705-03-14 04:00:00
206,"mimilordlordraby, majormoncal, guinees, beschencken, lieut",1,1705-03-14 04:00:00
207,"1706, münchen, jenner, geben, leipzig",1,1705-03-14 04:00:00
215,"dehortation, ständte, auffruhr, patent, meinende",1,1705-03-14 04:00:00
236,"königl, des, kauzley, niver, nois",2,1705-03-14 04:00:00
244,"hochfürstl, lieutenants, general, jhrer, feld",9,1705-03-14 04:00:00
253,"reichsthalern, kleynodien, reichsthaler, abgefordert, steuer",2,1705-03-14 04:00:00
259,"jenner, mayland, auss, ibid, mjttwoch",1,1705-03-14 04:00:00
260,"rath, vicevicestatthalternstatthaltern, burgerichafft, landschafft, sambtlich",2,1705-03-14 04:00:00
261,"gefängnussen, jou, anzufüllen, thäte, helffen",1,1705-03-14 04:00:00
273,"schofl, bi, majestäten, jhro, krönungsceremonie",1,1705-03-14 04:00:00
280,"zacharias, lorentz, adam, frantz, joseph",2,1705-03-14 04:00:00
296,"uber, glüender, zang, zwick, urthl",3,1705-03-14 04:00:00
297,"mons, hätte, monsig, man, dass",1,1705-03-14 04:00:00
302,"geschäfft, zufriden, religions, beygelegt, glaubens",1,1705-03-14 04:00:00
309,"ungarn, amelo, plenipoten, primarius, niderlanden",2,1705-03-14 04:00:00
337,"jenner, mosselstrohm, sambstag, pohlen, auss",5,1705-03-14 04:00:00
351,"würtenberg, hertzogen, hochfürstl, dito, herrn",1,1705-03-14 04:00:00
360,"kayserl, verhängnuss, göttlicher, mjttwoch, nachdeme",4,1705-03-14 04:00:00
382,"ihrs, dziali, merida, maiest, maji",10,1705-03-14 04:00:00
398,"braunau, 3000, ungefähr, waren, 30000",1,1705-03-14 04:00:00
405,"aussländischen, cavallieren, gefolg, kayserl, vormittags",1,1705-03-14 04:00:00
406,"tepser, anwalt, daniel, rath, richter",1,1705-03-14 04:00:00
430,"mjttwoch, alldieweilen, römis, september, jhre",2,1705-03-14 04:00:00
440,"vorbeygegangen, grodno, litthauen, czaarische, würcklich",1,1705-03-14 04:00:00
449,"wenighofer, regirender, burgermeister, stadtrichter, rath",1,1705-03-14 04:00:00
459,"kupf, cassale, vendôme, wäre, krems",1,1705-03-14 04:00:00
460,"donnerstag, febr, jenner, donnerstags, augusti",1,1705-03-14 04:00:00
461,"rom, auss, april, vom, decemb",3,1705-03-14 04:00:00
469,"rom, jenner, auss, vom, beygehenden",2,1705-03-14 04:00:00
471,"dito, resia, the, 14, anna",7,1705-03-14 04:00:00
474,"1705, 1710, 1711, 1303, rfls",6,1705-03-14 04:00:00
477,"grodno, brieffen, vermög, jhre, königl",1,1705-03-14 04:00:00
483,"eodem, käyserl, brachte, hochlöbl, churfürstl",3,1705-03-14 04:00:00
497,"ehewe, margareth, margaret, anna, ihr",1,1705-03-14 04:00:00
501,"treviglio, septemb, quartier, biss, haupt",2,1705-03-14 04:00:00
510,"oesterreichisch, catalonien, umbligenden, sinten, sammenkunften",2,1705-03-14 04:00:00
522,"rthlr, rthl, rthkr, , ",1,1705-03-14 04:00:00
529,"genandt, maxelrainische, maxelrain, weinzehrl, lieffern",1,1705-03-14 04:00:00
532,"berlin, jenner, vom, wintermonat, gemel",1,1705-03-14 04:00:00
565,"kayserl, langenkell, kayserling, definidefinitortor, zwey",3,1705-03-14 04:00:00
570,"commissariorum, losinstein, abmahung, rebellirte, wohlmeinender",1,1705-03-14 04:00:00
-1,"ungarn, umb, auss, auff, hungarn",308,1706-10-14 08:00:00
0,"ungarn, rebellen, umb, armee, truppen",48,1706-10-14 08:00:00
1,"friden, aufgewartet, eingewilliget, dientz, unterthänigst",7,1706-10-14 08:00:00
2,"umb, flotta, schiffe, lissabon, schiffen",18,1706-10-14 08:00:00
3,"gri, mani, fests, cardinal, dom",5,1706-10-14 08:00:00
5,"besuchten, verwichener, majestäten, schwe, öfters",6,1706-10-14 08:00:00
6,"moscowitische, moscowiter, moscowittischen, moscowittische, türken",8,1706-10-14 08:00:00
9,"pferdt, maul, thier, dannumbeinegrossemachtzusammenzu, bedürff",5,1706-10-14 08:00:00
10,"hochf, seyten, übergossen, mercklich, zumahlen",1,1706-10-14 08:00:00
11,"gezweifflet, gifftige, gesperret, aufkommen, aufgehöret",2,1706-10-14 08:00:00
13,"geseegnet, adrian, resident, müller, zeitliche",1,1706-10-14 08:00:00
15,"gröste, toggenbur, defensivè, klem, alliirteescadre",1,1706-10-14 08:00:00
16,"wunder, dis, versteht, endschaft, zeigt",1,1706-10-14 08:00:00
19,"schweden, rannstatt, hannoversche, gottorff, demer",5,1706-10-14 08:00:00
20,"durchl, wilh, guardarobba, didak, se",11,1706-10-14 08:00:00
22,"majest, ma, , , ",12,1706-10-14 08:00:00
23,"1707, wienn, biss, 1706, januarii",6,1706-10-14 08:00:00
28,"mantuanis, beurlaubungs, beschencket, gläubiger, kostbaren",2,1706-10-14 08:00:00
30,"accis, admiadministrationnistration, künden, auffzuheben, zufordern",1,1706-10-14 08:00:00
31,"1000, herschiessung, 800000, begehrten, portsmuth",4,1706-10-14 08:00:00
35,"allerhöchstgedachte, hoffmeister, zuruckkunfft, eingenommenem, hierauff",2,1706-10-14 08:00:00
37,"albrechtsburg, theol, herr, graf, lamberg",1,1706-10-14 08:00:00
39,"dito, jhro, königl, ist, von",1,1706-10-14 08:00:00
40,"frantzosen, frantzösische, frantzösis, frantzösischen, frantzös",15,1706-10-14 08:00:00
44,"findlichen, churfürstl, londen, be, britannien",1,1706-10-14 08:00:00
47,"jenner, sonntag, dienstag, montag, decemb",4,1706-10-14 08:00:00
48,"eymer, geführet, wein, zusammen, weine",1,1706-10-14 08:00:00
54,"römis, morosini, anwachse, missverständnuss, allergnädigstem",4,1706-10-14 08:00:00
57,"cæsareæcaesareae, gebeth, carolivi, päpstl, pragæpragae",1,1706-10-14 08:00:00
61,"1023, amburgo, msi, 7ne, 140",1,1706-10-14 08:00:00
62,"zigeuner, kayserl, ungarn, heute, kay",15,1706-10-14 08:00:00
63,"herrens, stifft, regulirten, chor, deren",1,1706-10-14 08:00:00
68,"november, sambstag, novemb, sonntag, wären",4,1706-10-14 08:00:00
75,"august, july, augusti, maynstrom, dienstag",1,1706-10-14 08:00:00
77,"dito, gestern, königl, ist, dem",1,1706-10-14 08:00:00
82,"hungarn, heimb, glückwünschungen, bö, eleonora",1,1706-10-14 08:00:00
86,"gehaltenen, predig, beygewohnet, sonn, evangelien",1,1706-10-14 08:00:00
87,"october, genua, auss, oktob, oktober",2,1706-10-14 08:00:00
88,"administr, commissione, verreiseten, genugsammer, maulthier",2,1706-10-14 08:00:00
100,"hochfürstl, hochw, hoff, jhro, weyhung",9,1706-10-14 08:00:00
101,"holland, auss, april, vom, amsterdam",1,1706-10-14 08:00:00
109,"vulin, globitz, raitzische, 2500, obriste",1,1706-10-14 08:00:00
110,"nottingham, allegre, marquisd, überfahren, douvres",1,1706-10-14 08:00:00
117,"april, maassstrohm, sambstag, auss, genua",7,1706-10-14 08:00:00
118,"dito, den, freytag, und, ",2,1706-10-14 08:00:00
130,"jubilæojubilaeo, ygl, theilhafftig, kurtzer, andächtigen",1,1706-10-14 08:00:00
134,"päbstl, jüngstens, jhro, hohh, bey",1,1706-10-14 08:00:00
137,"belagern, savoyen, regierende, valenzia, gekehrt",3,1706-10-14 08:00:00
142,"spanis, spanien, mertz, auss, octob",3,1706-10-14 08:00:00
148,"december, decemb, auss, vom, maasstrohm",15,1706-10-14 08:00:00
149,"octob, turin, auss, extrablat, dem",1,1706-10-14 08:00:00
155,"ausslän, getrettenen, hannoverischen, glückwünschungen, dische",1,1706-10-14 08:00:00
158,"venedig, auss, decemb, vom, november",5,1706-10-14 08:00:00
163,"ungarn, agy, csay, zollnock, tschaicken",1,1706-10-14 08:00:00
167,"acciss, auffhebung, verordnung, getrayd, bayrn",1,1706-10-14 08:00:00
173,"fest, heil, allhier, dito, wurde",1,1706-10-14 08:00:00
174,"mömpelgard, sponeck, juncker, eber, hard",1,1706-10-14 08:00:00
183,"abgesandschafften, vertrettun, lobwürdi, obgehabten, verschidenen",1,1706-10-14 08:00:00
184,"rheinstrohm, rheinstrom, vom, obern, december",2,1706-10-14 08:00:00
185,"schweitz, auss, december, vom, november",6,1706-10-14 08:00:00
186,"bischoff, hochwürden, wienn, nachmittags, titl",1,1706-10-14 08:00:00
187,"eyd, donath, falcken, falckenstein, donat",2,1706-10-14 08:00:00
190,"catholis, dito, catharina, wurden, cath",2,1706-10-14 08:00:00
201,"löbl, vernahme, dasige, oesterreich, ober",2,1706-10-14 08:00:00
207,"jnsigel, secret, 1706, novembris, münchen",1,1706-10-14 08:00:00
238,"livorno, auss, october, april, vom",2,1706-10-14 08:00:00
243,"doct, dokt, chirurgus, arzt, chelsenden",1,1706-10-14 08:00:00
244,"hochfürstliche, commandirende, feld, marschall, general",1,1706-10-14 08:00:00
254,"florentz, october, auss, frle, frider",1,1706-10-14 08:00:00
259,"jenner, mjttwoch, freytag, ibid, maesstrom",2,1706-10-14 08:00:00
273,"ankommenundbereitsbeyjhro, pohlnische, kö, daselbst, königl",1,1706-10-14 08:00:00
296,"uberfuhr, uber, martonos, csongrad, uberweisung",3,1706-10-14 08:00:00
309,"philippiiv, decondé, vertröstet, laubs, jüngstens",3,1706-10-14 08:00:00
320,"verschieverschiedene, abrededasssie, ausseinander, vorhabende, abmachen",2,1706-10-14 08:00:00
334,"flandern, auss, decemb, vom, december",3,1706-10-14 08:00:00
337,"jenner, sambstag, pohlen, auss, vom",2,1706-10-14 08:00:00
346,"denckwürdiges, jedermahliger, getaufften, nachrichtlich, vierdtens",1,1706-10-14 08:00:00
347,"pfältzischen, lieuten, anführung, ral, gene",1,1706-10-14 08:00:00
360,"kayserl, regirenden, lübeck, alldieweilen, hochfl",6,1706-10-14 08:00:00
375,"hungarn, franckreich, bisshero, spanien, bemühet",1,1706-10-14 08:00:00
378,"getröste, baldigen, ubergab, abgenommen, mann",1,1706-10-14 08:00:00
396,"pohlnis, geschlos, senen, dische, festin",1,1706-10-14 08:00:00
405,"kayserin, kayserl, aussländischen, herrenals, cavalliren",7,1706-10-14 08:00:00
423,"philos, zenneg, phil, doct, jesu",1,1706-10-14 08:00:00
430,"mjttwoch, december, augusti, den, mjtwoch",1,1706-10-14 08:00:00
436,"majest, jhro, jhre, jh, nunmehrigen",1,1706-10-14 08:00:00
440,"seinerseiths, hoffmeisters, hochbesagtem, kleydern, zeilen",1,1706-10-14 08:00:00
460,"donnerstag, jenner, decemb, donnerstags, augusti",2,1706-10-14 08:00:00
461,"rom, auss, octob, decemb, vom",3,1706-10-14 08:00:00
471,"dito, den, divertirten, malabarischen, calender",7,1706-10-14 08:00:00
474,"1707, 1705, 1710, 1711, rfls",1,1706-10-14 08:00:00
477,"jhre, königl, dass, zuma, bega",1,1706-10-14 08:00:00
483,"eodem, rakoczischer, emanueld, emmisemmissariussarius, elbeuff",2,1706-10-14 08:00:00
484,"titl, cammerern, obrist, æternum, fidi",2,1706-10-14 08:00:00
502,"gewidmeten, pferdt, verrichtet, sebastian, andacht",1,1706-10-14 08:00:00
510,"peterbourg, moles, mayländischen, anwerbung, milord",1,1706-10-14 08:00:00
512,"december, auss, mayland, engelland, rom",9,1706-10-14 08:00:00
527,"annebenst, zuruckkunfft, diamanten, versetzten, beschencket",1,1706-10-14 08:00:00
531,"meynung, allergnädigster, vollzogen, hieran, unser",1,1706-10-14 08:00:00
561,"bavari, sabini, abbatecæsarecaesare, capuc, alldasigen",1,1706-10-14 08:00:00
565,"kayserl, definidefinitortor, langenkell, kayserling, zwey",2,1706-10-14 08:00:00
-1,"hungarn, auss, ungarn, auff, kayserl",411,1708-05-15 12:00:00
0,"ungarn, hungarn, rebellen, feind, auff",111,1708-05-15 12:00:00
1,"stelen, cumpriv, nachgezogen, namhaftes, subalterne",7,1708-05-15 12:00:00
2,"schiff, tartanen, schiffe, auss, haven",23,1708-05-15 12:00:00
3,"kirchen, bischöfflichen, chormeistern, benedicirt, kirchweyh",5,1708-05-15 12:00:00
4,"gewonnen, gulden, können, werden, silber",1,1708-05-15 12:00:00
5,"zuruckstellen, zuständigen, gespeyset, abgenom, mene",4,1708-05-15 12:00:00
6,"juden, wilda, moscowittischen, ukraine, mannschafft",7,1708-05-15 12:00:00
9,"pferdt, gönges, rebellisches, angetroffen, leffingen",5,1708-05-15 12:00:00
10,"ungewöhn, eingefallen, schnee, liches, ungefehr",1,1708-05-15 12:00:00
11,"todtengräber, gifftige, axt, zerhauen, türckis",3,1708-05-15 12:00:00
14,"antra, bibliopolæbibliopolae, innocentiox, geliebter, braitenbucher",6,1708-05-15 12:00:00
15,"einräumung, pläzen, wiewieder, marquisdetorcy, etlicher",1,1708-05-15 12:00:00
16,"hungarn, tragenden, abkün, fürwehrende, mütstringe",2,1708-05-15 12:00:00
18,"ununvorsichtigkeit, auffgangen, hauss, ancona, comœdiecomoedie",1,1708-05-15 12:00:00
19,"schweden, schwedische, dännemarck, norwegen, vestungen",15,1708-05-15 12:00:00
20,"durchl, wilh, guardarobba, didak, se",8,1708-05-15 12:00:00
21,"einkeh, zurichten, bayrn, compiegne, continuatio",1,1708-05-15 12:00:00
22,"majest, ma, , , ",10,1708-05-15 12:00:00
23,"1708, wienn, biss, 1709, vom",7,1708-05-15 12:00:00
24,"missæmissae, dominicædominicae, dolorum, sinensium, deihominis",2,1708-05-15 12:00:00
26,"academ, feyertags, predigern, collegio, ordinari",1,1708-05-15 12:00:00
28,"cardinals, eminentz, gläubiger, herrn, des",1,1708-05-15 12:00:00
31,"wolleals, 4000, wenigere, 1600, 5000",5,1708-05-15 12:00:00
35,"mittagsmal, eingenommenem, stifft, burck, beygewohnt",2,1708-05-15 12:00:00
37,"komt, palm, eslingen, vorsteren, dahen",2,1708-05-15 12:00:00
39,"alterthumb, auffgebaute, kostbahr, jhro, zierlich",3,1708-05-15 12:00:00
40,"frantzosen, frantzösischen, frantzösische, ryssel, guienne",12,1708-05-15 12:00:00
42,"herzustel, zubeförderen, auchin, ruhestand, vormaligen",1,1708-05-15 12:00:00
43,"todte, summa, darunter, kind, personen",1,1708-05-15 12:00:00
44,"brittannien, gross, auss, britannien, ducd",8,1708-05-15 12:00:00
50,"lotterie, einzeichnung, looss, wenigerer, begehrende",3,1708-05-15 12:00:00
51,"september, spannien, auss, käyserl, septemb",5,1708-05-15 12:00:00
54,"römischen, päbstlichen, heylsam, sachenzeitz, anvor",5,1708-05-15 12:00:00
55,"königl, und, möstl, kopp, kugler",5,1708-05-15 12:00:00
59,"französis, namur, nächstens, solle, französ",2,1708-05-15 12:00:00
61,"13528, 15550, 1178, 1010, officierer",4,1708-05-15 12:00:00
62,"kayserl, heute, zigeuner, brieffen, ferraresischen",22,1708-05-15 12:00:00
65,"türken, pferden, spahi, bendar, bezieret",1,1708-05-15 12:00:00
68,"november, auss, donnerstag, genua, novemb",4,1708-05-15 12:00:00
75,"augusti, pohln, schwaben, junii, dienstag",6,1708-05-15 12:00:00
77,"dito, käyserl, mitten, 11, hiesiger",2,1708-05-15 12:00:00
80,"freytag, octob, den, freyhrn, freyherrl",1,1708-05-15 12:00:00
87,"october, oktob, auss, genua, mittwoch",14,1708-05-15 12:00:00
100,"hochw, hochfürstl, hochwürde, neuntägigen, xaverianischen",6,1708-05-15 12:00:00
101,"holland, auss, haag, augusti, fürstl",2,1708-05-15 12:00:00
105,"hochfürstliche, lieutenants, gebrauchen, noth, generalen",2,1708-05-15 12:00:00
110,"villars, erfahre, aussstecken, artagnan, frembde",1,1708-05-15 12:00:00
111,"gespeyset, besuchung, abgelegt, denenselben, kayserl",1,1708-05-15 12:00:00
118,"dito, den, freytag, und, ",13,1708-05-15 12:00:00
123,"zuerlegen, zubleiben, bregentz, globitz, abgeferti",1,1708-05-15 12:00:00
134,"päbstl, jhro, bey, dass, hohh",1,1708-05-15 12:00:00
137,"aussgelösten, gelieffertes, madrit, verstärckt, münd",2,1708-05-15 12:00:00
148,"december, maynstrom, sonntag, samstag, montag",5,1708-05-15 12:00:00
149,"octob, spannien, bergstädten, auss, schemnitz",4,1708-05-15 12:00:00
153,"ugutz, takornat, topoltschan, wegzu, grenaden",1,1708-05-15 12:00:00
155,"glückwünschung, hennegau, brittannischen, sieg, gemeinde",1,1708-05-15 12:00:00
158,"venedig, auss, october, verona, augusti",7,1708-05-15 12:00:00
163,"ungarn, szegedin, brieffen, octob, unterm",1,1708-05-15 12:00:00
164,"portugal, portugall, auss, november, september",2,1708-05-15 12:00:00
165,"eygenschafften, catalonisches, trucksess, würcklichen, englisches",2,1708-05-15 12:00:00
173,"heut, fest, heil, auff, als",1,1708-05-15 12:00:00
174,"kammerer, falbenegg, falbenhaubt, weickhard, dornhoefn",1,1708-05-15 12:00:00
175,"dorothea, regul, probst, ferdinand, herr",1,1708-05-15 12:00:00
183,"ernennten, salm, hofmeister, durchleucht, jüngst",1,1708-05-15 12:00:00
184,"rheinstrom, rheinstrohm, nieder, nider, vom",8,1708-05-15 12:00:00
185,"schweitz, auss, october, december, november",7,1708-05-15 12:00:00
187,"titl, reyferscheidt, schlieben, wilhelm, falckenstein",2,1708-05-15 12:00:00
189,"fortfahre, angefangenen, mission, hamburg, fleissig",1,1708-05-15 12:00:00
198,"vornemme, gedencken, augustus, czaarische, einzu",1,1708-05-15 12:00:00
201,"löbl, obrist, des, lobl, ludw",1,1708-05-15 12:00:00
212,"scuro, lago, 2000, welches, 20000",1,1708-05-15 12:00:00
216,"einlangung, bodmässigkeit, breysach, kuglen, genehmhaltung",1,1708-05-15 12:00:00
238,"livorno, auss, octob, october, julii",5,1708-05-15 12:00:00
243,"doct, dokt, chirurgus, arzt, chelsenden",1,1708-05-15 12:00:00
244,"hochfürstl, lieutenant, general, lieutenants, jhrer",9,1708-05-15 12:00:00
296,"uber, aussgeloffe, beykommendem, taillonen, unternemmen",1,1708-05-15 12:00:00
300,"postirungen, einzurichten, beschäfftiget, winter, churfürstl",1,1708-05-15 12:00:00
301,"presbytero, card, hungarn, kartenplänen, karten",1,1708-05-15 12:00:00
309,"niderlanden, gebettet, vorgehabte, augustus, sachsen",1,1708-05-15 12:00:00
317,"gener, gen, anmerkun, genen, findliche",1,1708-05-15 12:00:00
319,"neapel, julii, auss, juny, maesstrom",1,1708-05-15 12:00:00
320,"pun, neralen, bestimte, vorläufigen, cten",1,1708-05-15 12:00:00
330,"beygewoh, augustini, favorita, gekehret, net",1,1708-05-15 12:00:00
334,"flandern, 900000, französis, gelegt, jüngstens",3,1708-05-15 12:00:00
344,"abbt, derlicher, fürtreff, thelky, hochwürden",1,1708-05-15 12:00:00
346,"getauffter, cæsmay, jedermahliger, denckwürdiges, nachrichtlich",1,1708-05-15 12:00:00
351,"saxonia, de, hungarn, preussischen, preuss",1,1708-05-15 12:00:00
359,"nachgedach, hochadel, bergstätten, auffgefangen, neuhäusel",2,1708-05-15 12:00:00
360,"kayserl, jhro, jngleichem, kays, heute",5,1708-05-15 12:00:00
378,"bezohen, abfahren, frischer, mann, völcker",3,1708-05-15 12:00:00
390,"scæsmay, cumpriv, wiennerisches, 1709, wienn",1,1708-05-15 12:00:00
396,"haag, reyss, depajor, engenius, bergeick",3,1708-05-15 12:00:00
398,"3000, biss, wohl, befehl, 30000",1,1708-05-15 12:00:00
405,"kayserin, kayserl, hofstatt, durchleuchtigsten, hertzoginnen",9,1708-05-15 12:00:00
430,"mjttwoch, december, augusti, october, den",3,1708-05-15 12:00:00
451,"brabant, auss, december, augusti, november",4,1708-05-15 12:00:00
460,"donnerstag, augusti, jenner, donnerstags, jahrtage",1,1708-05-15 12:00:00
461,"rom, auss, novemb, october, november",3,1708-05-15 12:00:00
469,"rom, mariamajor, beys, fischer, ring",2,1708-05-15 12:00:00
483,"eodem, topoltschan, lauten, aldorten, klein",2,1708-05-15 12:00:00
484,"titl, æternum, fidi, tribum, 16tes",3,1708-05-15 12:00:00
485,"elbstrohm, elbstrom, augusti, vom, juny",1,1708-05-15 12:00:00
512,"mayland, auss, octob, december, october",2,1708-05-15 12:00:00
524,"mölck, berthold, benedict, abbten, benedicti",1,1708-05-15 12:00:00
525,"aussag, alldor, ryssel, gewärtig, ubergab",1,1708-05-15 12:00:00
556,"hungarn, sachsenzeitz, primas, königreichs, norden",1,1708-05-15 12:00:00
565,"kayserl, langenkell, kayserling, definidefinitortor, zwey",5,1708-05-15 12:00:00
-1,"hungarn, auss, auff, catalonien, jhro",285,1709-12-15 16:00:00
0,"hungarn, ungarn, biss, feind, general",70,1709-12-15 16:00:00
1,"zertren, duella, übergangen, befelch, käyserl",4,1709-12-15 16:00:00
2,"hungarn, schiffe, schiff, schiffen, kappers",21,1709-12-15 16:00:00
3,"daselbsten, erhoben, kirchen, barfüssern, heilig",9,1709-12-15 16:00:00
5,"polnischen, rokunfft, geliebste, gedigen, landschaff",5,1709-12-15 16:00:00
6,"hungarn, moscowitische, gebürg, moskowitische, nachnarva",6,1709-12-15 16:00:00
9,"pferden, 115000, kowitter, knech, ausswechslung",4,1709-12-15 16:00:00
13,"schubardchyrurg, schubard, chyrurg, jacob, johann",2,1709-12-15 16:00:00
14,"verkündigung, rossau, lieben, frauen, unser",1,1709-12-15 16:00:00
16,"minoriten, heil, zum, die, gott",1,1709-12-15 16:00:00
18,"nordthausen, häusser, auffgangen, rauch, unglück",1,1709-12-15 16:00:00
19,"schweden, schwedische, dännische, koppenhagen, norwegen",13,1709-12-15 16:00:00
20,"durchl, wilh, guardarobba, didak, se",7,1709-12-15 16:00:00
22,"majest, ma, , , ",3,1709-12-15 16:00:00
23,"1710, biss, wienn, beysusa, jenner",6,1709-12-15 16:00:00
26,"nebenher, allhiesige, universität, gienge, ungarn",1,1709-12-15 16:00:00
31,"vado, norris, squadra, 5000, 6000",2,1709-12-15 16:00:00
37,"nesselrod, lamberg, wilhelm, frantz, graf",2,1709-12-15 16:00:00
38,"churfürstl, geschäfften, ubrigens, wichtigen, chur",3,1709-12-15 16:00:00
39,"conticontinuation, nuationdiarii, jhro, littauische, königl",5,1709-12-15 16:00:00
40,"frantzosen, frantzösischen, frantzösische, namur, verlauten",16,1709-12-15 16:00:00
44,"brittannien, gross, britannien, auss, brittanien",7,1709-12-15 16:00:00
47,"jenner, sonntag, dienstag, montag, den",3,1709-12-15 16:00:00
50,"einzeichnen, stockhammerischen, andernlotterie, dienumeri, einfinde",1,1709-12-15 16:00:00
51,"septemb, september, samstag, donnerstag, dienstag",7,1709-12-15 16:00:00
55,"königl, zwey, wie, auch, möstl",2,1709-12-15 16:00:00
57,"serv, capitul, allhiesige, dom, gebeth",2,1709-12-15 16:00:00
62,"kayserl, zigeuner, verblichene, heute, kayserlichen",21,1709-12-15 16:00:00
75,"august, augusti, spannien, hierbeyfolgendecontinuationdiarii, auss",9,1709-12-15 16:00:00
80,"freyburg, eingebracht, vormittags, glücklich, freyhrn",1,1709-12-15 16:00:00
82,"magdalenatheresia, hoffstadt, gewönliche, deswe, glückwünschungen",2,1709-12-15 16:00:00
84,"hernachgiengederpäbstlicheherr, nuntius, portugesische, angelanget, majest",2,1709-12-15 16:00:00
90,"stillende, experiexperiment, deutschen, ausszug, glässlein",1,1709-12-15 16:00:00
96,"kammerer, eyd, gnad, käyserl, abgeleget",1,1709-12-15 16:00:00
100,"zuerbitten, hochw, hochfürstl, waffen, jhro",2,1709-12-15 16:00:00
101,"holland, jenner, auss, aprill, august",5,1709-12-15 16:00:00
105,"lieutenants, kayserl, general, herrn, adjutant",1,1709-12-15 16:00:00
117,"aprill, april, samstag, genua, montag",5,1709-12-15 16:00:00
118,"dito, den, freytag, und, ",15,1709-12-15 16:00:00
122,"ertzhertzogin, laimgruben, carmeliter, josepha, durchleuchtigste",2,1709-12-15 16:00:00
128,"authoris, pettschafft, seinerexistimation, gewönlichem, derautor",1,1709-12-15 16:00:00
134,"musicanten, hoff, päbstl, käyserl, jhro",4,1709-12-15 16:00:00
137,"ducadisorbellone, undcavallierdell, zugrand, orso, clerici",1,1709-12-15 16:00:00
142,"gironimo, capece, marchesediroffrano, mertz, catalonien",2,1709-12-15 16:00:00
148,"december, den, decemb, rorate, vom",1,1709-12-15 16:00:00
158,"venedig, auss, jenner, 29, august",4,1709-12-15 16:00:00
164,"portugall, bichi, lissabon, päbstl, auss",3,1709-12-15 16:00:00
175,"ferdinand, frantz, heil, herr, böhmen",1,1709-12-15 16:00:00
181,"kreutz, kleebinder, krayslisches, spiegelritter, kohlischer",1,1709-12-15 16:00:00
184,"rheinstrom, nieder, aprill, zabern, vom",4,1709-12-15 16:00:00
185,"schweitz, auss, aprill, septemb, september",3,1709-12-15 16:00:00
221,"polen, auss, aprill, warschau, septemb",3,1709-12-15 16:00:00
230,"zuerwarten, gewissheit, nächstens, besetzet, davon",1,1709-12-15 16:00:00
231,"maymayland, reütend, gespeyset, brieffe, eingelauffen",1,1709-12-15 16:00:00
236,"auffgeworffen, brieffenmaninalldortigemreichsehrnachderzuruckkunfftdes, schwedi, seufftze, besorge",1,1709-12-15 16:00:00
238,"livorno, auss, aprill, august, december",5,1709-12-15 16:00:00
244,"hochfürstl, lieutenant, general, käys, palffy",4,1709-12-15 16:00:00
259,"jenner, maesstrom, mjttwoch, ibid, freytag",4,1709-12-15 16:00:00
260,"rath, stadtrichter, podstaz, auffgetragnen, landschafft",3,1709-12-15 16:00:00
271,"hertzoginnen, durchleuchtigste, elisabetha, maria, magdalena",1,1709-12-15 16:00:00
272,"bichi, abgangen, alters, rossau, todt",1,1709-12-15 16:00:00
277,"hornung, mjttwoch, freytag, hoheit, durchl",2,1709-12-15 16:00:00
278,"rita, favo, fahrnisse, gekehret, zuruck",1,1709-12-15 16:00:00
287,"auffgehoben, nachts, uhr, worden, um",1,1709-12-15 16:00:00
317,"officierer, gefan, gene, darunter, befinden",1,1709-12-15 16:00:00
319,"maesstrom, aprill, juny, vom, freptag",1,1709-12-15 16:00:00
334,"flandern, auss, jenner, aprill, septemb",6,1709-12-15 16:00:00
337,"jenner, auss, pohlen, elbstrom, mayland",7,1709-12-15 16:00:00
346,"verehlichterundvierdtensallerverstorbenen, getaufften, jedermahliger, denckwürdiges, nachrichtlich",1,1709-12-15 16:00:00
351,"undvillars, generalendevendôme, ausssprengen, mur, derlanden",1,1709-12-15 16:00:00
359,"mussqueten, stellet, be, worden, eichhörnen",1,1709-12-15 16:00:00
360,"kayserl, allerhöchstbesagter, jhro, besuchun, kays",5,1709-12-15 16:00:00
368,"zufolg, pariss, brieffen, unterm, august",1,1709-12-15 16:00:00
405,"hungarn, kayserl, kayserin, verwittibte, kayse",6,1709-12-15 16:00:00
430,"mjttwoch, septemb, december, augusti, mjtwoch",1,1709-12-15 16:00:00
443,"brittannische, majest, gross, jhro, brittannien",1,1709-12-15 16:00:00
444,"leopoldstadt, barmhertzige, barfüsser, carmeliter, brüder",3,1709-12-15 16:00:00
451,"brabant, auss, septemb, august, juny",2,1709-12-15 16:00:00
460,"donnerstag, jenner, hornung, donnerstags, augusti",2,1709-12-15 16:00:00
461,"rom, auss, aprill, august, fernerer",2,1709-12-15 16:00:00
469,"jenn, rom, auss, jenner, beygehenden",2,1709-12-15 16:00:00
474,"1710, 1705, 1711, 1303, rfls",4,1709-12-15 16:00:00
481,"wyden, paulaner, julii, auff, soissons",1,1709-12-15 16:00:00
485,"elbstrom, elb, aprill, strom, vom",3,1709-12-15 16:00:00
504,"barnabiter, regularess, clerici, pauli, michael",1,1709-12-15 16:00:00
510,"beratschlagungen, eyfrigst, wärtigem, fortsetze, zuthun",1,1709-12-15 16:00:00
512,"auss, neapel, decemb, december, mayland",1,1709-12-15 16:00:00
-1,"hungarn, böhmen, kroatien, dalmatien, juden",587,1711-07-17 20:00:00
0,"armee, pol, lager, squadronen, truppen",90,1711-07-17 20:00:00
1,"päbstl, xaver, joannesvonnepomuk, bohem, öff",28,1711-07-17 20:00:00
2,"kapper, schiffe, schiff, marsillien, abgeseeglet",15,1711-07-17 20:00:00
3,"kirchen, mayntz, stab, kapellen, lateinischer",12,1711-07-17 20:00:00
4,"liverey, blau, pfältzischem, brämter, rotsammete",3,1711-07-17 20:00:00
5,"ministernzurukbegleitet, abgenommener, wandlung, vorbeyfahren, zugeruffen",10,1711-07-17 20:00:00
6,"zwibak, zuenden, dniester, alldor, erschollen",2,1711-07-17 20:00:00
9,"pferd, franck, liverey, verbramten, pferden",17,1711-07-17 20:00:00
10,"langwirri, occident, regier, uberwinder, herfür",2,1711-07-17 20:00:00
13,"frantz, schönborn, heimgefallen, schönkirchen, schmidberg",7,1711-07-17 20:00:00
14,"laggeyen, jagerei, sanctius, potest, elegit",8,1711-07-17 20:00:00
15,"franzosen, französische, anschlag, zugehen, quartieren",7,1711-07-17 20:00:00
16,"du, gott, jhn, ewigkeit, lass",23,1711-07-17 20:00:00
18,"brand, hatte, es, auch, sich",1,1711-07-17 20:00:00
19,"schweden, schwedische, dännische, dänischer, rügen",15,1711-07-17 20:00:00
20,"durchl, wilh, guardarobba, didak, se",10,1711-07-17 20:00:00
22,"majest, ma, , , ",6,1711-07-17 20:00:00
23,"1711, 1712, wienn, ingressuifeliciingermaniam, biss",5,1711-07-17 20:00:00
24,"fortè, pagô, redit, flectis, dapem",1,1711-07-17 20:00:00
25,"olten, verbitterung, arburg, allseitig, gehoffet",1,1711-07-17 20:00:00
31,"maesstrom, angekommene, pommern, 8000, 6000",2,1711-07-17 20:00:00
37,"sensheim, herr, graf, mundschenck, lenar",10,1711-07-17 20:00:00
38,"churfürstl, churfürsten, chur, herren, mayntz",12,1711-07-17 20:00:00
39,"zufolg, koppenhagen, brieffen, königl, jhro",1,1711-07-17 20:00:00
40,"frantzosen, frantzösis, frantzösische, epinois, corrin",6,1711-07-17 20:00:00
42,"auffzu, herbeyzuschaffen, bestem, weesens, alldasiger",2,1711-07-17 20:00:00
44,"brittannien, britannien, gros, gross, july",5,1711-07-17 20:00:00
45,"verfüge, anstalten, seiten, papier, gedruckt",1,1711-07-17 20:00:00
47,"heüte, dienstag, montag, vormittags, kaiserl",2,1711-07-17 20:00:00
54,"dalmatien, hungarn, römischen, juliusvisconti, maximiliandebaussart",9,1711-07-17 20:00:00
55,"königl, und, möstl, kopp, kugler",23,1711-07-17 20:00:00
57,"polnis, thil, cisterc, cist, tobias",4,1711-07-17 20:00:00
59,"französis, mosel, verlauten, wolle, nunmehro",3,1711-07-17 20:00:00
62,"kayserl, trabanten, kurtzem, darauff, hinterlassene",5,1711-07-17 20:00:00
63,"trompeten, trompeter, paucken, baucker, schall",11,1711-07-17 20:00:00
65,"türken, woywoda, türkischen, ottomannischen, türckische",4,1711-07-17 20:00:00
68,"november, novemb, freitag, samstag, donnerstag",6,1711-07-17 20:00:00
69,"reis, hauptmannschaft, glaz, versehung, gräfl",2,1711-07-17 20:00:00
72,"kais, debauffart, vollendung, serl, kai",3,1711-07-17 20:00:00
75,"july, mayn, strom, donnerstag, don",3,1711-07-17 20:00:00
77,"dito, montcenis, rasten, moskowitischen, beide",4,1711-07-17 20:00:00
78,"wolbeherrlichet, gespey, einzug, edelgestein, unschätzbare",1,1711-07-17 20:00:00
81,"kaiserl, triangel, petitus, fatis, gesandtschafften",11,1711-07-17 20:00:00
82,"hungarn, durchleuchtigsten, verwittibt, herzoginnen, eleonora",8,1711-07-17 20:00:00
83,"besatzung, stadt, städten, residentz, kaiserstadt",1,1711-07-17 20:00:00
84,"nuntius, monsignorpiazza, nachstem, schoffliche, höchstauferbäulichst",4,1711-07-17 20:00:00
87,"october, mailand, genua, dienstag, november",3,1711-07-17 20:00:00
94,"kaiserl, wönlich, zenneg, heüt, jhre",8,1711-07-17 20:00:00
98,"mitglieder, gesamte, lands, ritter, stand",1,1711-07-17 20:00:00
100,"hochfürstl, gottsdienst, verkundschaftung, jhrer, hochw",6,1711-07-17 20:00:00
101,"holland, july, decemb, auss, amsterdam",2,1711-07-17 20:00:00
105,"freiherr, wetzel, lieuten, 8000, obrist",2,1711-07-17 20:00:00
110,"gauthier, abbè, zuwerden, zufolg, pariser",1,1711-07-17 20:00:00
113,"wägen, kammer, herren, freyherrl, herrs",1,1711-07-17 20:00:00
117,"mailand, april, genua, vom, aus",2,1711-07-17 20:00:00
118,"dito, den, freytag, und, ",27,1711-07-17 20:00:00
127,"appellations, prager, nachher, regenspurg, abgangen",1,1711-07-17 20:00:00
132,"kaiserl, kaisersthée, kaiserspit, 69, 43",6,1711-07-17 20:00:00
134,"ministers, wagen, hof, hohh, hofer",1,1711-07-17 20:00:00
141,"terragona, bagaschi, zuverkauffen, einschiffen, zukönnen",1,1711-07-17 20:00:00
142,"delona, rieffen, spannis, beantworteten, fiat",3,1711-07-17 20:00:00
148,"december, decemb, neapel, maesstrom, sonntag",5,1711-07-17 20:00:00
150,"decemb, genua, mailand, samstag, aus",6,1711-07-17 20:00:00
158,"venedig, decemb, auss, october, july",5,1711-07-17 20:00:00
159,"loiselly, eids, jnne, höchstgemeldter, anwald",1,1711-07-17 20:00:00
160,"hauss, hauptm, hausfr, hauskn, haushofmeist",1,1711-07-17 20:00:00
163,"ungarn, fortsetzet, welschland, polnische, kommend",1,1711-07-17 20:00:00
164,"portugall, salvaterra, lissabon, marquisdebay, hoffstatt",5,1711-07-17 20:00:00
165,"wagen, lakirt, tafeln, tuch, schneckenfedern",1,1711-07-17 20:00:00
169,"auffzug, fünff, herolden, ihrem, fortfah",1,1711-07-17 20:00:00
170,"cler, ord, ordinari, pfarr, extra",2,1711-07-17 20:00:00
173,"pfingst, heut, fest, sonntag, heil",2,1711-07-17 20:00:00
174,"schneiders, sinzendorrf, tragers, ernennt, ludwig",1,1711-07-17 20:00:00
181,"cister, kreutz, kleebinder, kohlischer, spiegelritter",1,1711-07-17 20:00:00
183,"statthaltern, rist, allhiesigem, rath, kammerer",2,1711-07-17 20:00:00
184,"rheinstrom, nieder, vom, nider, july",7,1711-07-17 20:00:00
185,"schweitz, october, december, auss, july",4,1711-07-17 20:00:00
186,"bischoff, hochwürden, wienn, nachmittags, titl",1,1711-07-17 20:00:00
187,"titl, maister, erb, graf, sinzendorf",15,1711-07-17 20:00:00
190,"catholis, catharina, cath, cathar, cabrian",2,1711-07-17 20:00:00
194,"böhmen, hungarn, ertz, pomum, divorum",1,1711-07-17 20:00:00
196,"könig, königl, königi, thrones, seine",1,1711-07-17 20:00:00
200,"juden, flieget, hebreischer, anreitzet, leheman",1,1711-07-17 20:00:00
218,"rantzal, wrange, parol, geheilet, wismar",1,1711-07-17 20:00:00
221,"polen, decemb, july, warschau, november",5,1711-07-17 20:00:00
224,"sechzehen, kaiserl, jhro, zwey, mann",3,1711-07-17 20:00:00
230,"abzugehen, grossem, gefolg, wahl, weiterem",1,1711-07-17 20:00:00
232,"bildnus, kaiserl, seiten, jhrer, einen",1,1711-07-17 20:00:00
238,"livorno, october, july, december, auss",6,1711-07-17 20:00:00
242,"geistlichers, päpstl, priesters, priester, ein",1,1711-07-17 20:00:00
243,"doct, dokt, chirurgus, arzt, chelsenden",1,1711-07-17 20:00:00
244,"höchstgedachte, hochfürstl, armee, general, feld",1,1711-07-17 20:00:00
245,"geschi, collecten, het, gott, drey",1,1711-07-17 20:00:00
249,"gemeldet, marsch, bereits, mart, märz",1,1711-07-17 20:00:00
254,"frider, frle, fleischh, florini, wage",1,1711-07-17 20:00:00
256,"hungarn, hispanien, germanien, garn, hun",1,1711-07-17 20:00:00
266,"partisan, furrier, trabanten, zwey, fuss",1,1711-07-17 20:00:00
277,"vocent, fausta, ubique, fortis, omine",1,1711-07-17 20:00:00
280,"adam, presburg, gesamten, verwittibten, paar",1,1711-07-17 20:00:00
289,"zurukgekehret, burg, schloss, schlosse, buden",1,1711-07-17 20:00:00
290,"1712, anno, biss, maj, november",3,1711-07-17 20:00:00
296,"uber, fortgefahren, mayntz, weiters, gott",1,1711-07-17 20:00:00
297,"monsignorcaffarelli, monsignorscoti, stell, gubernator, monsig",1,1711-07-17 20:00:00
305,"wallis, cabinetscur, eingelauffener, prinzen, rier",2,1711-07-17 20:00:00
332,"zubezahlen, trup, pen, damit, pcto",1,1711-07-17 20:00:00
334,"flandern, dornik, ormond, unterredungen, gent",4,1711-07-17 20:00:00
342,"mitleydenden, städt, märkten, abgeordnete, fürstlichen",1,1711-07-17 20:00:00
343,"regirenden, temberg, herzogens, wür, kaiserl",1,1711-07-17 20:00:00
344,"böhmen, hungarn, niedergang, aufgang, zepter",1,1711-07-17 20:00:00
346,"nachrichtiglich, getaufften, denckwürdiges, jedermahliger, wiennerisches",2,1711-07-17 20:00:00
347,"beamte, räthe, herren, hof, sangin",1,1711-07-17 20:00:00
351,"mülberg, regirenden, herrlichsten, prächtigst, hungarn",3,1711-07-17 20:00:00
367,"preussis, thol, preuss, thlr, ca",1,1711-07-17 20:00:00
378,"hisp, mann, angewachsen, getröste, einambo",3,1711-07-17 20:00:00
384,"lagelen, kuchl, fischen, schlos, verehrung",1,1711-07-17 20:00:00
390,"1712, bei, marschallen, befindlich, rhein",1,1711-07-17 20:00:00
396,"haag, utrecht, schriftliche, gevollmächtigte, haselman",2,1711-07-17 20:00:00
397,"antiph, geistes, music, indessen, darunter",1,1711-07-17 20:00:00
398,"3000, kammer, 30000, gulden, 300000",1,1711-07-17 20:00:00
399,"obrister, titl, regierung, marschall, erb",1,1711-07-17 20:00:00
418,"khevenhüller, franz, graf, herr, kuefstein",1,1711-07-17 20:00:00
430,"mjttwoch, july, december, november, augusti",3,1711-07-17 20:00:00
451,"brabant, december, aus, juny, auss",1,1711-07-17 20:00:00
460,"donnerstag, decemb, jenner, donnerstags, augusti",1,1711-07-17 20:00:00
461,"rom, october, auss, july, april",4,1711-07-17 20:00:00
464,"schwimmerl, klag, schwimmer, axen, stäb",1,1711-07-17 20:00:00
469,"rom, decemb, aus, beygehenden, juny",1,1711-07-17 20:00:00
474,"1711, 1705, 1710, 1303, rfls",3,1711-07-17 20:00:00
477,"jhre, königl, dass, zuma, bega",1,1711-07-17 20:00:00
483,"eodem, rappach, abgestattet, bei, eid",4,1711-07-17 20:00:00
484,"titl, regierung, fidi, æternum, tribum",1,1711-07-17 20:00:00
485,"elb, strom, elbstrom, july, vom",1,1711-07-17 20:00:00
502,"beschlus, tägiger, wittibt, allseitig, jedesmalen",1,1711-07-17 20:00:00
503,"durchl, jhre, düpont, jubil, sephst",1,1711-07-17 20:00:00
504,"pauli, achttägiger, regs, aldasig, beigewohnet",2,1711-07-17 20:00:00
509,"kaiserl, kaisers, excellenz, der, majest",1,1711-07-17 20:00:00
510,"hierbeigehende, portoercole, toscanischen, continuationdiarii, bei",1,1711-07-17 20:00:00
536,"andre, schuster, ein, weingarten, schuft",1,1711-07-17 20:00:00
538,"ornat, gesessen, kronen, kostbare, besondere",1,1711-07-17 20:00:00
556,"feldwacht, greifswald, zuarbeiten, redut, moskowitischen",1,1711-07-17 20:00:00
557,"höchstan, gnaden, reiffenstul, eingefunden, hergehenden",3,1711-07-17 20:00:00
558,"empfiengen, endlichen, kaiserl, jhro, feyerer",1,1711-07-17 20:00:00
565,"kayserl, zwey, langenkell, definidefinitortor, kayserling",2,1711-07-17 20:00:00
-1,"pol, hungarn, daselbsten, türken, anjou",134,1713-02-16 00:00:00
0,"stucken, fus, cöllen, auseinander, mehrmalen",14,1713-02-16 00:00:00
2,"meer, engellischen, schiff, corfu, schiffen",9,1713-02-16 00:00:00
3,"päbstliche, heilig, päbstlichen, hoffend, leichbesingnus",4,1713-02-16 00:00:00
6,"russische, soschon, flotta, hinwegnehmen, neutral",1,1713-02-16 00:00:00
9,"mitbrachten, brenntenheutetliche, uberlauffer, elsas, fus",2,1713-02-16 00:00:00
10,"uberlauffung, nogat, heoisbach, derengemi, meilsdorf",2,1713-02-16 00:00:00
13,"barmherzigsten, buchhaim, domstift, born, digster",1,1713-02-16 00:00:00
15,"juden, getrayd, comtedebroglio, saugen, besetzetbeordret",2,1713-02-16 00:00:00
18,"abgebrennet, naumburg, jüngstens, dort, sachsen",1,1713-02-16 00:00:00
19,"schweden, schwedische, dänische, hollsteinischen, koppenhagen",6,1713-02-16 00:00:00
20,"durchl, wilh, guardarobba, didak, se",1,1713-02-16 00:00:00
23,"jennerer, 1714, elbstrom, vom, anno",1,1713-02-16 00:00:00
28,"ducatens, schenket, gläubiger, be, worden",1,1713-02-16 00:00:00
37,"adolphus, georgio, scholar, began, vorhergehende",1,1713-02-16 00:00:00
42,"berri, augspurg, rührige, catharr, ärgelich",2,1713-02-16 00:00:00
44,"britannien, gros, december, juny, jenner",4,1713-02-16 00:00:00
59,"halbenmonden, diezustburgangefangenneue, bestehen, französis, ungern",2,1713-02-16 00:00:00
63,"paucken, trompeten, ferdinand, halten, herr",1,1713-02-16 00:00:00
65,"türken, feldherrn, kron, bemeisterm, orlick",4,1713-02-16 00:00:00
75,"july, dienstag, maynstrom, schwaben, montag",6,1713-02-16 00:00:00
82,"amalia, eleonora, erz, herzoginnen, durchleuchtigsten",3,1713-02-16 00:00:00
83,"lob, dasiger, gott, haupt, stadt",1,1713-02-16 00:00:00
84,"hungarn, nuntius, rita, bötsch, monsignorspinola",1,1713-02-16 00:00:00
101,"holland, jenner, holländis, erdenkliche, anstal",5,1713-02-16 00:00:00
102,"gewö, seniorn, spitl, bekant, geworben",1,1713-02-16 00:00:00
105,"lieutenants, durchl, jhrer, general, adjutant",1,1713-02-16 00:00:00
110,"baronsimeoni, regimenter, reformirung, französischen, feyertäg",1,1713-02-16 00:00:00
112,"jndische, 40000, angegeben, ladung, ost",1,1713-02-16 00:00:00
113,"hochmögende, herren, freyherrl, herrs, gerarde",1,1713-02-16 00:00:00
118,"dito, den, freytag, und, ",2,1713-02-16 00:00:00
125,"piar, leipz, ungeb, neapel, wälseggisch",1,1713-02-16 00:00:00
137,"cavallier, herzogl, verrichtung, florenz, parma",2,1713-02-16 00:00:00
142,"spannien, jenner, aus, spanien, madrid",1,1713-02-16 00:00:00
148,"december, mailand, moelstrom, maesstrom, piemont",7,1713-02-16 00:00:00
150,"dodogege, sdasiger, decemb, kirchens, jüngsten",1,1713-02-16 00:00:00
153,"umfall, vieh, wild, horn, umgestandenes",2,1713-02-16 00:00:00
158,"venedig, jenner, december, aus, auss",2,1713-02-16 00:00:00
170,"orla, neustadt, seyen, durchl, jhre",1,1713-02-16 00:00:00
183,"jüngstgedachter, herzogtum, steuer, maister, königlich",1,1713-02-16 00:00:00
184,"rheinstrom, nieder, july, vom, december",3,1713-02-16 00:00:00
185,"schweitz, december, aus, auss, scheyb",1,1713-02-16 00:00:00
187,"bereuters, regenthal, allergnädigstes, bezeuget, wohlgefallen",1,1713-02-16 00:00:00
221,"polen, jenner, july, warschau, 27",4,1713-02-16 00:00:00
238,"livorno, december, juny, jenner, aus",4,1713-02-16 00:00:00
259,"jenner, maesstrom, freytag, mjttwoch, ibid",5,1713-02-16 00:00:00
277,"hornung, freytag, hoheit, durchl, fausta",1,1713-02-16 00:00:00
285,"galeer, nua, durchl, anker, aldorten",1,1713-02-16 00:00:00
289,"zuruckgelanget, burg, schloss, schlosse, buden",1,1713-02-16 00:00:00
290,"1714, jenner, verehliget, deutschen, christmonats",4,1713-02-16 00:00:00
293,"cardinalen, abgangen, eminenz, alters, sachsen",1,1713-02-16 00:00:00
319,"juny, maesstrom, neapel, genua, aus",4,1713-02-16 00:00:00
334,"flandern, jenner, juny, december, aus",4,1713-02-16 00:00:00
337,"jenner, moselstrom, elbstrom, mjttwochen, schwaben",9,1713-02-16 00:00:00
343,"althan, gundacker, eodem, jhrer, ware",1,1713-02-16 00:00:00
346,"3360, 7250, zufällen, vermählte, christmonats",1,1713-02-16 00:00:00
375,"valencianer, aufgertatenen, engelland, hinterlassend, abgelegter",1,1713-02-16 00:00:00
396,"haag, gepflogen, derfeind, hollandische, bevollmachtigten",2,1713-02-16 00:00:00
451,"brabant, juny, december, aus, auss",2,1713-02-16 00:00:00
457,"frankreich, juny, aus, november, augusti",1,1713-02-16 00:00:00
458,"unterlasse, lustbar, angestelte, geniesset, weesen",1,1713-02-16 00:00:00
460,"donnerstag, jenner, hornung, donnerstags, augusti",3,1713-02-16 00:00:00
485,"elbstrom, july, vom, juny, elb",1,1713-02-16 00:00:00
510,"duca, dipopoli, castillianische, unvergleichliche, cataloniern",1,1713-02-16 00:00:00
522,"rthl, rthlr, rthkr, , ",1,1713-02-16 00:00:00
524,"giorgio, benedict, maggiore, benedicti, xiii",1,1713-02-16 00:00:00
557,"wienn, verrichtet, bischof, gnaden, herr",1,1713-02-16 00:00:00
558,"genheiten, angele, fernerhin, allhiesig, sachsen",1,1713-02-16 00:00:00
-1,"hungarn, türken, majestät, dan, titl",207,1714-09-18 04:00:00
0,"dalmatien, bonn, ins, truppen, bassa",9,1714-09-18 04:00:00
1,"dao, harnadl, drirtenalden, albgeleget, recbt",7,1714-09-18 04:00:00
2,"türken, schiff, sicilianische, schiffe, flaggen",7,1714-09-18 04:00:00
3,"vorhergehende, kirchen, päbstlichen, hochfeyrlichst, buchxxxfliche",5,1714-09-18 04:00:00
4,"schnürl, anhängl, vergoldeter, granaden, pfenning",1,1714-09-18 04:00:00
5,"gicnge, übergehet, unterschriebener, übertrifft, vestungs",4,1714-09-18 04:00:00
9,"monsigneurledauphin, amazonen, calesch, marly, gesessen",1,1714-09-18 04:00:00
14,"seogheizen, sünn, wiaelen, aiserlich, abers",2,1714-09-18 04:00:00
18,"verbrant, tratdboden, baurenhöfe, angefürt, verzchret",1,1714-09-18 04:00:00
19,"türken, schweden, schwedischen, dänische, stralsund",7,1714-09-18 04:00:00
20,"durchl, wilh, guardarobba, didak, se",2,1714-09-18 04:00:00
23,"1715, croissy, bin, jch, stettin",2,1714-09-18 04:00:00
24,"verrichtekt, paralincnsis, rcclesiærcclesiae, custos, canonicus",1,1714-09-18 04:00:00
31,"ubersühr, esse, ledig, 1200, 1500",2,1714-09-18 04:00:00
37,"tesendus, tagen, herrn, graf, lamberg",1,1714-09-18 04:00:00
38,"churfürstl, polunisch, caxxx, koniglich, nd",3,1714-09-18 04:00:00
40,"franifurt, friedburg, umweit, ausgerichtet, fus",1,1714-09-18 04:00:00
44,"londen, britannien, britannten, ormond, brittannien",5,1714-09-18 04:00:00
54,"chesmonti, senatore, rahtd, rota, stell",1,1714-09-18 04:00:00
56,"königl, xxxandem, gxxxllxxx, hochwürden, titl",1,1714-09-18 04:00:00
57,"lögs, fran, gebeth, carolivi, päpstl",1,1714-09-18 04:00:00
61,"1493, 1451, 1381, 1392, 1447",28,1714-09-18 04:00:00
65,"türken, esche, lenchen, nauer, besichtiger",2,1714-09-18 04:00:00
75,"july, dienstag, montag, samstag, sonntag",6,1714-09-18 04:00:00
77,"hungarn, ladiolaus, verwihenen, naab, mönigs",1,1714-09-18 04:00:00
81,"dorten, kaiserl, dass, das, von",2,1714-09-18 04:00:00
82,"eleonora, verwittibte, kaiserin, magdalena, durchleuchtigsten",7,1714-09-18 04:00:00
96,"salzvässel, wigt, vierdtel, silberlöffel, mark",1,1714-09-18 04:00:00
101,"holland, juny, aus, amsterdam, haag",3,1714-09-18 04:00:00
107,"cathol, javanisch, cattunen, garn, und",1,1714-09-18 04:00:00
134,"tilt, maisters, obrist, hof, herrn",1,1714-09-18 04:00:00
137,"gerudert, galleeren, malta, päbstl, herzogs",1,1714-09-18 04:00:00
158,"venedig, juny, aus, auss, dem",3,1714-09-18 04:00:00
160,"hausess, profes, hauptm, hausfr, hauskn",1,1714-09-18 04:00:00
163,"ungarn, herlichen, bibcnich, ischof, colteodienst",1,1714-09-18 04:00:00
164,"portugall, juny, lisabon, aus, portugal",1,1714-09-18 04:00:00
183,"ditin, hieraufallerhöchst, sernallergnädigste, haüibal, audienzertheilet",1,1714-09-18 04:00:00
184,"rheinstrom, nieder, vom, junny, junp",5,1714-09-18 04:00:00
185,"schweitz, juny, auss, aus, december",2,1714-09-18 04:00:00
187,"maisters, feldzeug, rappach, gardi, ral",1,1714-09-18 04:00:00
193,"jüngsthen, xxxr, axxxltche, seelig, creutz",1,1714-09-18 04:00:00
204,"christi, de, christ, jesu, kinde",1,1714-09-18 04:00:00
221,"polen, juny, july, warschau, aus",3,1714-09-18 04:00:00
238,"livorno, juny, aus, auss, december",2,1714-09-18 04:00:00
269,"engelländ, wismar, stralsund, aldort, wirthshaus",1,1714-09-18 04:00:00
285,"durchl, nachdem, jhro, joschay, sr",1,1714-09-18 04:00:00
290,"1715, july, juny, vom, wien",1,1714-09-18 04:00:00
303,"puzen, kandl, wigen, schachtel, blech",1,1714-09-18 04:00:00
319,"juny, maesstrom, cenna, spanmen, xxxenua",15,1714-09-18 04:00:00
334,"flandern, juny, aus, auss, jenner",1,1714-09-18 04:00:00
344,"türken, nhein, gcorg, vorlgen, semerin",1,1714-09-18 04:00:00
346,"jedermaliger, vierdtens, verehlichten, enthaltend, drittens",3,1714-09-18 04:00:00
347,"beue, libt, diet, zun, schotten",1,1714-09-18 04:00:00
367,"thlr, thol, preuss, preussis, ca",1,1714-09-18 04:00:00
396,"enzelland, zusammenkunft, jemalen, dor, lipp",1,1714-09-18 04:00:00
430,"mjttwoch, juny, december, augusti, herschaften",2,1714-09-18 04:00:00
436,"majest, schlüsse, euere, jch, jhro",1,1714-09-18 04:00:00
451,"brabant, junny, juny, aus, december",2,1714-09-18 04:00:00
457,"frankreich, juny, aus, november, augusti",3,1714-09-18 04:00:00
460,"donnerstag, juny, jenner, donnerstags, augusti",1,1714-09-18 04:00:00
462,"erdödi, gabriel, versehen, graf, erben",1,1714-09-18 04:00:00
469,"rom, juny, 22, aus, beygehenden",3,1714-09-18 04:00:00
485,"elbstrom, ebstromsvom, juny, july, vom",3,1714-09-18 04:00:00
527,"diamant, ring, diamanten, türkes, wige",7,1714-09-18 04:00:00
532,"berlin, den, wintermonat, gemel, verlautet",1,1714-09-18 04:00:00
559,"geslastert, erstrcue, sebieth, sebast, severin",1,1714-09-18 04:00:00
-1,"hungarn, türken, kaiserlichen, kaiserlich, dan",264,1716-04-19 08:00:00
0,"hungarn, reuterey, türken, feind, general",26,1716-04-19 08:00:00
1,"herrnnunti, ligkeit, hei, anwesenden, dahier",1,1716-04-19 08:00:00
2,"hungarn, medicamenten, apothecken, flotta, schiffe",3,1716-04-19 08:00:00
3,"anderr, benedictinern, nachgehens, monserrat, martyrs",3,1716-04-19 08:00:00
4,"zahnstürl, versezt, cranz, diamanten, engellischem",2,1716-04-19 08:00:00
5,"ruckgelanget, confæderirtenconfaederirten, gevolgevolmächtigte, benbürgischen, höchstseeligster",3,1716-04-19 08:00:00
10,"unbeschreiblichen, speyer, feldern, verursachet, jüngstens",1,1716-04-19 08:00:00
11,"armen, strassen, thomas, land, jahr",1,1716-04-19 08:00:00
13,"schlick, schnürmacher, ulrichs, stauber, leopold",3,1716-04-19 08:00:00
14,"numeratur, pannonici, rochitscher, gloria, hueberin",5,1716-04-19 08:00:00
16,"türken, wegenderenunlängstens, zuerbitten, andachten, daselb",2,1716-04-19 08:00:00
19,"schweden, stockholm, norwegen, schonen, kop",5,1716-04-19 08:00:00
23,"1716, augusti, anno, 1730, wienn",2,1716-04-19 08:00:00
24,"apollonia, catharina, dito, ihr, den",1,1716-04-19 08:00:00
29,"elisabetha, herzogin, erz, alt4j, anna",9,1716-04-19 08:00:00
37,"lamberg, klein, graf, herr, 36tes",9,1716-04-19 08:00:00
44,"britannien, july, gros, augusti, gross",4,1716-04-19 08:00:00
53,"greben, burgerl, andre, wahl, johann",2,1716-04-19 08:00:00
65,"türken, bosnien, türkischen, türkische, kroatien",15,1716-04-19 08:00:00
75,"augusti, july, maynstrom, mailand, spannien",24,1716-04-19 08:00:00
82,"eleonora, magdalena, erz, durchleuchtigsten, theresia",10,1716-04-19 08:00:00
84,"monsignoraldobrandini, lerize, nunnuntiustius, fortgenommen, päbstliche",1,1716-04-19 08:00:00
92,"ehew, ah, , , ",11,1716-04-19 08:00:00
94,"gaussner, simon, kaiserl, jhrer, herrn",1,1716-04-19 08:00:00
100,"gottesdienst, hochwürden, titl, jhrer, hochfürstl",1,1716-04-19 08:00:00
101,"holland, augusti, july, aus, vom",4,1716-04-19 08:00:00
105,"serliche, adjutant, kai, titl, mittags",1,1716-04-19 08:00:00
109,"ellmannsperger, gerl, bur, jacob, johann",1,1716-04-19 08:00:00
110,"pariss, guht, demcomtedemiddelburg, demducd, canzlen",3,1716-04-19 08:00:00
122,"peter, johann, josepha, böhmen, josephst",1,1716-04-19 08:00:00
137,"hungarn, bedienun, tua, empfangenen, baye",1,1716-04-19 08:00:00
140,"conrad, andre, böhmen, kaiserl, bernstein",1,1716-04-19 08:00:00
153,"bestehendem, derbashlagiz, abgejaget, umliegenden, 1800",1,1716-04-19 08:00:00
155,"hungarn, statlichen, befochten, kische, tapfferkeit",1,1716-04-19 08:00:00
158,"venedig, augusti, aus, auss, dem",4,1716-04-19 08:00:00
160,"hausfr, hauptm, hauskn, haushofmeist, meixners",4,1716-04-19 08:00:00
164,"portugall, july, lisabon, portugal, aus",1,1716-04-19 08:00:00
174,"vonbattè, danspleny, ersehener, undesterhasy, grafenveterani",1,1716-04-19 08:00:00
175,"ferdinand, paula, ludwig, franz, böhmen",2,1716-04-19 08:00:00
181,"krepper, justina, anton, sein, joseph",1,1716-04-19 08:00:00
183,"jahrtags, montserrat, closters, abten, verwittibt",1,1716-04-19 08:00:00
184,"rheinstrom, nieder, augusti, vom, ober",5,1716-04-19 08:00:00
185,"schweitz, augusti, aus, auss, december",4,1716-04-19 08:00:00
187,"waderl, fräule, 37tes, 12tes, 7tes",3,1716-04-19 08:00:00
190,"catharina, enzinger, maurer, eleonora, simon",2,1716-04-19 08:00:00
203,"schuchmacher, kind, eva, wieden, halb",1,1716-04-19 08:00:00
221,"polen, augusti, warschau, aus, juny",4,1716-04-19 08:00:00
225,"leopold, gabriel, leopoldst, anton, leopoldi",2,1716-04-19 08:00:00
238,"livorno, july, aus, auss, december",2,1716-04-19 08:00:00
243,"doct, dokt, chirurgus, arzt, chelsenden",1,1716-04-19 08:00:00
276,"magdalena, herzogin, erz, durchleucht, höchstermeldte",4,1716-04-19 08:00:00
290,"1716, augusti, vom, wien, bis",4,1716-04-19 08:00:00
310,"medic, hofmann, franz, herrn, holzinger",1,1716-04-19 08:00:00
343,"lenhard, justina, sein, johann, kaiserl",1,1716-04-19 08:00:00
347,"abt, zun, schotten, ferdinand, titl",1,1716-04-19 08:00:00
382,"ihrs, dziali, merida, maiest, maji",9,1716-04-19 08:00:00
396,"güther, verkündet, herzo, eyd, oesterreichischen",1,1716-04-19 08:00:00
418,"kuefstein, ehrgort, 32tes, 21tes, ehrgott",3,1716-04-19 08:00:00
419,"gargassen, reütknecht, mayer, hun, martin",1,1716-04-19 08:00:00
430,"mjttwoch, augusti, december, den, mjtwoch",2,1716-04-19 08:00:00
437,"kaiserin, sträuslein, 25tes, schachtl, 14tes",4,1716-04-19 08:00:00
440,"hungarn, taxberg, römisch, denendicasteriis, aussezlich",3,1716-04-19 08:00:00
451,"brabant, augusti, aus, juny, december",3,1716-04-19 08:00:00
457,"frankreich, augusti, july, aus, juny",5,1716-04-19 08:00:00
460,"donnerstag, augusti, jenner, donnerstags, jahrtage",2,1716-04-19 08:00:00
462,"ladislaus, erdödy, gehalten, graf, erben",1,1716-04-19 08:00:00
469,"rom, augusti, aus, beygehenden, juny",2,1716-04-19 08:00:00
484,"16tes, titl, cranz, anderten, fidi",2,1716-04-19 08:00:00
485,"elbstrom, augusti, vom, juny, elb",4,1716-04-19 08:00:00
529,"cöllen, norpratische, deuren, düsseldorff, hildesheim",1,1716-04-19 08:00:00
-1,"wechsler, hungarn, prencipedecellamare, pariss, blanc",36,1717-11-19 12:00:00
0,"execution, andernach, cöllnische, unlängstens, violet",2,1717-11-19 12:00:00
2,"zukreutzen, portomaone, zustossen, ausgeloffen, schiffs",1,1717-11-19 12:00:00
3,"hungarn, colocsa, bischoflichen, eminenz, reiss",3,1717-11-19 12:00:00
4,"verflossenesmonatsnovembersdieflottavonder, bayadestodos, lossantos, cruzades, rollen",1,1717-11-19 12:00:00
19,"schweden, ahrenfeld, aufgraben, magoe, flotilla",2,1717-11-19 12:00:00
44,"britannien, december, gross, aus, londen",1,1717-11-19 12:00:00
127,"praag, staffeta, nemlichen, titl, kommen",1,1717-11-19 12:00:00
184,"rheinstrom, nieder, december, vom, rheinstrohm",1,1717-11-19 12:00:00
221,"polen, december, warschau, aus, juny",1,1717-11-19 12:00:00
238,"livorno, december, aus, auss, dem",1,1717-11-19 12:00:00
259,"jenner, mjttwoch, freytag, ibid, maesstrom",2,1717-11-19 12:00:00
290,"1719, jenner, vom, wien, bis",1,1717-11-19 12:00:00
334,"flandern, december, aus, auss, jenner",1,1717-11-19 12:00:00
438,"50000, gerüchte, spannischen, laager, partey",1,1717-11-19 12:00:00
451,"brabant, december, aus, juny, auss",1,1717-11-19 12:00:00
457,"frankreich, december, aus, juny, november",1,1717-11-19 12:00:00
460,"donnerstag, jenner, donnerstags, augusti, jahrtage",1,1717-11-19 12:00:00
-1,"spannien, frieden, kaiserlichen, kaiserlich, derer",152,1719-06-21 16:00:00
0,"hungarn, feind, brigadier, compagnien, regiment",26,1719-06-21 16:00:00
1,"operibo, restituitur, durchl, fürstl, ebendas",1,1719-06-21 16:00:00
2,"engellische, citadell, vigos, mitchel, spannier",6,1719-06-21 16:00:00
3,"hungarn, tharr, kuchenhardt, opfferung, czanad",4,1719-06-21 16:00:00
5,"zuverschulden, tiefestes, amazonin, anzurühmen, rotes",1,1719-06-21 16:00:00
6,"belieffen, menzikow, tartarey, moscowitter, schickten",2,1719-06-21 16:00:00
9,"rosshandlere, pferde, marsala, mazara, ernentes",2,1719-06-21 16:00:00
16,"godefridi, cura, gott, du, heil",1,1719-06-21 16:00:00
18,"gass, häuser, feuer, thönges, leyder",4,1719-06-21 16:00:00
19,"schweden, koppenhagen, norwegen, königlich, schwedische",5,1719-06-21 16:00:00
23,"1719, messina, geschehen, october, anno",1,1719-06-21 16:00:00
35,"landstände, herrlichst, tractiret, mittag, mittags",1,1719-06-21 16:00:00
37,"mercy, graf, lamberg, von, carl",1,1719-06-21 16:00:00
39,"klopp, funden, allergnädigste, audienz, christian",1,1719-06-21 16:00:00
40,"caccia, franc, francisco, jahr, seynd",1,1719-06-21 16:00:00
44,"britannien, gross, juny, december, november",5,1719-06-21 16:00:00
54,"gesamlete, almosen, römische, reich, heil",1,1719-06-21 16:00:00
57,"cæscaes, gebeth, carolivi, päpstl, pragæpragae",1,1719-06-21 16:00:00
63,"lobred, chör, herrlicher, lateinische, kollonitsch",1,1719-06-21 16:00:00
68,"november, maynstom, novemb, mailand, franken",6,1719-06-21 16:00:00
69,"bedeckten, anglessaillans, ravelinen, zupostiren, gutdunken",1,1719-06-21 16:00:00
75,"july, dienstag, samstag, montag, sonntag",5,1719-06-21 16:00:00
82,"bosnien, verwittibt, amalia, erz, durchleuchtigsten",9,1719-06-21 16:00:00
86,"nachmittagigen, breitenbücher, gottesdienst, probst, richtet",1,1719-06-21 16:00:00
87,"dienstag, november, oktob, october, den",1,1719-06-21 16:00:00
88,"träulich, überantwortet, abgeschlagen, commissarien, jst",1,1719-06-21 16:00:00
101,"holland, juny, jenner, aus, amsterdam",3,1719-06-21 16:00:00
118,"dito, den, freytag, und, ",9,1719-06-21 16:00:00
137,"citadell, messina, sicilien, siz, monsignoraquaviva",3,1719-06-21 16:00:00
148,"november, mon, neapel, montag, december",2,1719-06-21 16:00:00
158,"venedig, juny, aus, auss, dem",1,1719-06-21 16:00:00
160,"hausss, profess, hauptm, hausfr, hauskn",1,1719-06-21 16:00:00
173,"heil, vorabend, heut, fest, nachmittag",3,1719-06-21 16:00:00
174,"blankenwarth, störth, vasselberg, canzlern, clar",1,1719-06-21 16:00:00
183,"glorwür, digst, regierend, hochwürden, jüngsthin",1,1719-06-21 16:00:00
184,"rheinstrom, nieder, juny, vom, november",4,1719-06-21 16:00:00
185,"schweitz, juny, november, aus, auss",4,1719-06-21 16:00:00
186,"pannier, goldburg, althan, gundacker, titl",1,1719-06-21 16:00:00
221,"polen, juny, november, warschau, aus",4,1719-06-21 16:00:00
243,"doct, dokt, chirurgus, arzt, chelsenden",1,1719-06-21 16:00:00
253,"reichsthir, juden, reichs, reichshofrathsagent, reichskanzl",1,1719-06-21 16:00:00
259,"jenner, mjttwoch, freytag, ibid, maesstrom",2,1719-06-21 16:00:00
285,"caes, dum, durchl, jhro, joschay",1,1719-06-21 16:00:00
290,"1719, july, vom, 1720, wien",5,1719-06-21 16:00:00
296,"uberschrift, ist, uber, die, urthl",1,1719-06-21 16:00:00
319,"juny, maynstrom, mailand, vom, maesstrom",5,1719-06-21 16:00:00
337,"jenner, elbstrom, schwaben, vom, sambstag",2,1719-06-21 16:00:00
344,"hungarn, schwefel, ebenzweyer, dampf, hauss",2,1719-06-21 16:00:00
368,"rochus, 100000, pariss, paris, märz",1,1719-06-21 16:00:00
396,"ununterzeichung, zuerzwingen, haag, kurackin, quadruppel",1,1719-06-21 16:00:00
423,"phil, vols, ernesti, theol, philos",1,1719-06-21 16:00:00
430,"mjttwoch, july, november, december, augusti",2,1719-06-21 16:00:00
451,"brabant, juny, november, aus, december",4,1719-06-21 16:00:00
457,"frankreich, juny, november, aus, december",5,1719-06-21 16:00:00
461,"rom, october, november, vom, auss",2,1719-06-21 16:00:00
469,"rom, juny, aus, beygehenden, hang",1,1719-06-21 16:00:00
485,"elbstrom, juny, vom, elb, augusti",2,1719-06-21 16:00:00
529,"præsidentpraesident, biess, pfal, zische, carabiner",1,1719-06-21 16:00:00
-1,"hungarn, juden, kaiserlichen, haubt, dan",201,1721-01-20 20:00:00
0,"hungarn, rougaimedelamothe, abgfahren, darmstädtische, delamothe",3,1721-01-20 20:00:00
1,"storiale, säblen, schlägereyen, conci, feliciter",6,1721-01-20 20:00:00
2,"ladung, concordia, angekommenen, ostende, brabant",4,1721-01-20 20:00:00
3,"cardinal, conclave, eminenz, cardinäl, cardinälen",29,1721-01-20 20:00:00
4,"neseltücher, taffettene, soesfet, nicologiudice, kissi",2,1721-01-20 20:00:00
5,"rubemprè, allergnädig, ligne, vliesses, golde",2,1721-01-20 20:00:00
6,"wolfei, moscow, vermuthend, evacuation, revel",3,1721-01-20 20:00:00
9,"brigantinnen, traid, jmmittels, ceuta, berührtem",1,1721-01-20 20:00:00
10,"türken, wasser, flut, schaden, gedrehet",3,1721-01-20 20:00:00
13,"scudi, angewendet, bereitschaft, ligen, dazu",1,1721-01-20 20:00:00
15,"gutzumachen, dorben, vertröstung, kaufleuthen, finanzien",1,1721-01-20 20:00:00
16,"erwählung, anerbiehte, gentlicherers, besteige, wohlmeinenden",5,1721-01-20 20:00:00
19,"stockholm, schweden, koppenhagen, reiss, nystadt",8,1721-01-20 20:00:00
23,"1721, 1722, merkwürdig, zugetragen, glückwünschungen",6,1721-01-20 20:00:00
24,"ut, ecclesiæecclesiae, tanquam, fit, annus",7,1721-01-20 20:00:00
29,"fastos, jane, aperi, pater, anna",1,1721-01-20 20:00:00
31,"chitsen, 5500, 1000, 5000, präm",1,1721-01-20 20:00:00
43,"4104, gebo, getauffet, summa, kinder",1,1721-01-20 20:00:00
44,"britannien, gross, londen, jnheimische, aufgestecket",6,1721-01-20 20:00:00
50,"türken, lotterie, starosten, baar, allerunglücklichste",1,1721-01-20 20:00:00
54,"rom, conclave, berichts, continuation, römischen",7,1721-01-20 20:00:00
55,"königl, und, möstl, kopp, kugler",3,1721-01-20 20:00:00
62,"kayserl, leuchtigste, regierend, abgelegt, höfen",2,1721-01-20 20:00:00
75,"maynstrom, april, vom, july, augusti",3,1721-01-20 20:00:00
77,"dito, zwainzig, donnerstag, gelebt, samstag",10,1721-01-20 20:00:00
80,"dess, freytag, heut, frey, fest",1,1721-01-20 20:00:00
82,"amalia, wilhelmina, verwittibt, kaiserin, römische",6,1721-01-20 20:00:00
84,"nuntius, päbstl, pallast, seinem, nuntii",1,1721-01-20 20:00:00
100,"fess, hochfürstl, abgewartet, daselbsten, erhoben",1,1721-01-20 20:00:00
101,"holland, april, aus, amsterdam, dem",3,1721-01-20 20:00:00
107,"cathol, javanisch, cattunen, garn, und",1,1721-01-20 20:00:00
110,"pariss, noailles, sablon, gevres, ausbreitend",2,1721-01-20 20:00:00
117,"april, sontag, montag, samstag, djenstag",13,1721-01-20 20:00:00
118,"dito, freytag, den, und, ",1,1721-01-20 20:00:00
158,"venedig, april, aus, auss, dem",1,1721-01-20 20:00:00
184,"rheinstrom, nieder, april, vom, rheinstrohm",3,1721-01-20 20:00:00
185,"schweitz, blatten, aldortige, schulenburg, magazinen",3,1721-01-20 20:00:00
187,"ordinarius, kollonitsch, sigmund, wienn, verrichtet",1,1721-01-20 20:00:00
193,"collowrath, gräfin, piccolomini, frankenberg, schafgotsch",1,1721-01-20 20:00:00
194,"beden, hertzo, ginnen, compliment, kay",1,1721-01-20 20:00:00
198,"vermuhtend, niederkunft, lis, wal, lon",1,1721-01-20 20:00:00
221,"polen, april, warschau, aus, dem",3,1721-01-20 20:00:00
238,"livorno, märz, april, aus, auss",2,1721-01-20 20:00:00
243,"theol, doctor, jenige, doct, dokt",1,1721-01-20 20:00:00
249,"sontag, märz, mart, samstag, genua",4,1721-01-20 20:00:00
290,"1721, april, vom, wien, bis",4,1721-01-20 20:00:00
305,"wallis, nesung, wohlgestalten, negus, stallmaister",2,1721-01-20 20:00:00
309,"arcivescovo, pol, eminenz, botschafter, kutschen",3,1721-01-20 20:00:00
334,"flandern, kay, ostende, serl, schif",1,1721-01-20 20:00:00
336,"erlaubnus, formliche, facti, kunftig, vorheriger",1,1721-01-20 20:00:00
345,"equester, burgundósque, purpura, fulget, honos",1,1721-01-20 20:00:00
353,"65000, pfeffer, pfründl, pfund, pflaster",1,1721-01-20 20:00:00
360,"kayserl, verursa, allerunterthänigste, thaner, jhro",3,1721-01-20 20:00:00
396,"cammerich, haag, friedens, pariss, handlung",2,1721-01-20 20:00:00
405,"kay, serl, catholische, dero, majestät",1,1721-01-20 20:00:00
430,"mjtwoch, mjttwoch, april, december, augusti",1,1721-01-20 20:00:00
441,"notarien, jnstru, offentliches, verrichtungen, ment",1,1721-01-20 20:00:00
457,"frankreich, april, aus, juny, märz",4,1721-01-20 20:00:00
474,"1705, 1710, rfls, 97, 1711",1,1721-01-20 20:00:00
483,"eodem, zahm, africanischer, gefol, führern",1,1721-01-20 20:00:00
485,"elbstrom, aprill, vom, april, juny",3,1721-01-20 20:00:00
489,"nigl, kö, areiern, alleuja, walsh",2,1721-01-20 20:00:00
565,"kayserl, langenkell, kayserling, definidefinitortor, zwey",1,1721-01-20 20:00:00
-1,"hungarn, zigeuner, beutel, jhre, ungarn",439,1722-08-23 00:00:00
0,"sillery, detachement, regalirt, indigestion, verdäuung",12,1722-08-23 00:00:00
1,"installation, representirt, feyr, dersmal, disörtige",11,1722-08-23 00:00:00
2,"schiffe, meer, hafen, flotte, schiffen",14,1722-08-23 00:00:00
3,"bischof, kirche, kirchen, cardinal, ertz",20,1722-08-23 00:00:00
4,"silbernen, cruditor, estandarden, stickerey, aufsatz",8,1722-08-23 00:00:00
5,"kensington, königl, printzen, gerücht, pallast",12,1722-08-23 00:00:00
6,"russische, derbent, terki, russischen, moscau",7,1722-08-23 00:00:00
7,"königl, kömgl, thom, elis, ",2,1722-08-23 00:00:00
9,"pferden, pferde, pferd, wachte, hideparc",14,1722-08-23 00:00:00
10,"vergesellschaftes, seille, zehret, eingeschla, starckes",3,1722-08-23 00:00:00
11,"seuche, fähige, provence, aufgehört, ansteckende",9,1722-08-23 00:00:00
13,"buchhaltern, palfin, rös, stief, schwartz",1,1722-08-23 00:00:00
14,"teucro, marcheserofrano, auspice, obsequens, bestgeber",8,1722-08-23 00:00:00
15,"lehnung, nüs, ruhmwürdiger, notarialacten, 900000",1,1722-08-23 00:00:00
16,"gott, mächtigst, gürte, mütze, kinderen",5,1722-08-23 00:00:00
18,"juden, feuer, verbren, häuser, entstanden",6,1722-08-23 00:00:00
19,"extractschreiben, celebrirte, verjährung, astrachan, 1722",1,1722-08-23 00:00:00
21,"mazelsdorf, liechtenthal, haus, wochen, alt",2,1722-08-23 00:00:00
22,"majest, ma, , , ",4,1722-08-23 00:00:00
23,"1722, anno, nus, verzeich, 1721",7,1722-08-23 00:00:00
24,"suburb, salvatorisquondamromeæ, disseƈtoris, formâ, xenodochiorums",3,1722-08-23 00:00:00
26,"sorbonne, gebäu, refeƈtoria, projeƈts, säle",1,1722-08-23 00:00:00
27,"intercediren, duellanten, judicium, formiren, oberwehnte",1,1722-08-23 00:00:00
29,"fischträglerisch, breningerin, zager, töchterl, anna",2,1722-08-23 00:00:00
31,"extraordinarikopf, actionen, gelds, 5000, bezahlung",1,1722-08-23 00:00:00
33,"hilf, viertl, maria, alt, jahr",1,1722-08-23 00:00:00
35,"stern, nachmittags, durchl, wurde, ge",1,1722-08-23 00:00:00
36,"aufsteigender, distribuat, mühesam, dismaligen, wehlt",2,1722-08-23 00:00:00
37,"lamberg, enkenvoirt, beutel, wentzel, 24ten",3,1722-08-23 00:00:00
38,"wermsdorf, churfürstl, chur, fortführenden, lützel",3,1722-08-23 00:00:00
39,"meyer, galeren, jhrer, königl, demnach",3,1722-08-23 00:00:00
40,"sevennes, jünstens, camisards, turiner, gestillet",1,1722-08-23 00:00:00
42,"boten, exemplarisch, menschwerung, lassensoungfehrdesjnhalts, intercipirt",4,1722-08-23 00:00:00
44,"gelauffen, dannen, londen, october, ware",1,1722-08-23 00:00:00
46,"procurator, officier, weswegen, creditoren, geduldete",1,1722-08-23 00:00:00
48,"perde, mousquetairs, pement, angezündeten, gensd",2,1722-08-23 00:00:00
51,"septemb, majestät, am, september, vornehmung",1,1722-08-23 00:00:00
53,"mathiæ, sigl, burgerl, burgersp, mayrberger",1,1722-08-23 00:00:00
54,"nachgehnds, ihrenthalben, dellamirandola, bezeugun, pico",1,1722-08-23 00:00:00
55,"königl, und, möstl, kopp, kugler",3,1722-08-23 00:00:00
63,"trompeten, paucken, schallauchabfeurung, ausgethei, tapferlich",3,1722-08-23 00:00:00
69,"delaloubere, siam, fürtrefliche, reis, beschreibung",1,1722-08-23 00:00:00
72,"subdelegirten, rostock, serl, kai, kais",1,1722-08-23 00:00:00
77,"dito, angers, regierende, fimes, ausruhen",5,1722-08-23 00:00:00
79,"handwerckeren, künstleren, gemeinschaften, taxa, ehistem",1,1722-08-23 00:00:00
81,"ineinander, geschlunge, cviɔ, amalthea, kaiselicher",1,1722-08-23 00:00:00
82,"rentivoglio, operaprob, amalia, kaiserin, verfügten",2,1722-08-23 00:00:00
83,"dorffes, fnden, mächtiget, derlichen, widerstand",2,1722-08-23 00:00:00
84,"nuntius, nuntii, monsig, saintot, losamenter",4,1722-08-23 00:00:00
87,"october, neapel, vorrede, ve, oktob",5,1722-08-23 00:00:00
88,"thö, vermelden, würdiges, commissarien, entlassen",2,1722-08-23 00:00:00
93,"excell, beutel, fahn, 28ten, 4ten",3,1722-08-23 00:00:00
94,"jhrer, kaiserl, so, regierende, beede",1,1722-08-23 00:00:00
102,"arse, nal, beym, wochen, alt",1,1722-08-23 00:00:00
104,"continuiren, thut, triest, mon, regen",1,1722-08-23 00:00:00
107,"cathol, javanisch, cattunen, garn, und",1,1722-08-23 00:00:00
110,"morville, ambassadeur, ambasadeurs, ambassador, withwort",3,1722-08-23 00:00:00
122,"kirchwegerisch, plachen, josepha, tzogin, knecht",2,1722-08-23 00:00:00
123,"kramer, proporcion, herumlauffen, tribuirten, taxa",1,1722-08-23 00:00:00
127,"perposta, beurlaubet, allerunterthänigst, prag, hamburg",1,1722-08-23 00:00:00
132,"kaiserl, kaisersthée, kaiserspit, 69, 43",1,1722-08-23 00:00:00
142,"madrid, september, spanien, lateinischen, lateinisch",1,1722-08-23 00:00:00
149,"octob, verwichenen, monats, extrablat, den",2,1722-08-23 00:00:00
157,"adressen, verschiedenerley, townshend, carteret, secretarien",1,1722-08-23 00:00:00
174,"schazmeister, oestereich, marchesede, sforzavisconti, caravaggio",1,1722-08-23 00:00:00
183,"regard, derondes, unermüd, denominirt, erwiese",3,1722-08-23 00:00:00
187,"student, rössel, raab, josephstadt, schwartzen",1,1722-08-23 00:00:00
194,"amaliawilhelmia, ertz, leopoldinischen, leopoldinische, hertzogin",2,1722-08-23 00:00:00
203,"lerisch, dräx, ledigen, kind, eva",1,1722-08-23 00:00:00
204,"bierleitgeben, bildhauerisch, grass, christian, kind",1,1722-08-23 00:00:00
206,"schwielm, rückstände, renten, abgetragen, empfan",1,1722-08-23 00:00:00
215,"patent, kunften, knechten, schuh, böhmen",4,1722-08-23 00:00:00
224,"kaiserl, jhre, jhro, altere, geruheten",1,1722-08-23 00:00:00
238,"livorno, witer, enstandenen, ferraio, anje",1,1722-08-23 00:00:00
242,"päpstl, priesters, priester, priest, offentl",1,1722-08-23 00:00:00
245,"jhre, königl, kasp, komp, dressden",2,1722-08-23 00:00:00
249,"march, herr, mart, märz, sontag",1,1722-08-23 00:00:00
250,"krancken, anrührung, remi, cavalcade, ritt",1,1722-08-23 00:00:00
251,"cokpit, compton, gehalte, stanhope, sprecher",1,1722-08-23 00:00:00
254,"florentz, october, frle, frider, fleischh",1,1722-08-23 00:00:00
256,"hungarn, exercierte, abschnitte, schoss, montur",2,1722-08-23 00:00:00
261,"sample, arrestirte, arrestirung, edelleute, geführt",1,1722-08-23 00:00:00
268,"banck, process, parlaments, ober, gemacht",1,1722-08-23 00:00:00
270,"doppelter, gereichet, sold, hauses, verkaufen",1,1722-08-23 00:00:00
272,"rossau, rössel, diener, schwartzen, frantz",2,1722-08-23 00:00:00
276,"magdalena, ertz, hertzogin, tzogin, 31ten",5,1722-08-23 00:00:00
297,"mons, monsig, trouvent, chez, monsr",1,1722-08-23 00:00:00
302,"verletzest, ungerechter, christiund, gebrauchest, verthätigung",1,1722-08-23 00:00:00
311,"undienlich, conspiranten, ungewiss, lieber, dermassen",1,1722-08-23 00:00:00
330,"kleideren, beam, commandeurs, rheims, ceremonien",1,1722-08-23 00:00:00
342,"residentz, octobr, unserer, geben, haupt",2,1722-08-23 00:00:00
343,"jorgowitz, depozzi, administrirung, collegiatstifts, kaiserl",5,1722-08-23 00:00:00
350,"königl, der, dem, von, ",1,1722-08-23 00:00:00
351,"beschleuniget, hofstatt, dörfte, dresden, october",1,1722-08-23 00:00:00
359,"speiseten, tags, beede, durchl, mit",1,1722-08-23 00:00:00
370,"gangsteig, betrettende, schuhknecht, märckten, beam",1,1722-08-23 00:00:00
375,"verdamten, consules, handelenden, lisbon, beraht",2,1722-08-23 00:00:00
418,"33ten, kuf, erstgedachter, beutel, stein",1,1722-08-23 00:00:00
430,"mjttwoch, november, fest, heil, am",1,1722-08-23 00:00:00
437,"beutel, kaiserin, 39ten, jhre, 25ten",5,1722-08-23 00:00:00
441,"baraquiren, beginnet, fanterie, nä, jngleichen",1,1722-08-23 00:00:00
444,"leopoldstadt, jahr, alt, viertl, haus",5,1722-08-23 00:00:00
447,"beutel, fürstl, 35ten, 40ten, 21ten",7,1722-08-23 00:00:00
473,"gestern, vorgestern, königl, hoheit, jhre",2,1722-08-23 00:00:00
502,"merhin, erstgeborne, printzesin, balsain, herfür",2,1722-08-23 00:00:00
503,"durchl, jhre, düpont, jubil, sephst",1,1722-08-23 00:00:00
506,"caroli, namens, mithin, kaiserl, hohen",1,1722-08-23 00:00:00
508,"paarem, taxierte, beschicht, beywaltenden, münz",1,1722-08-23 00:00:00
509,"kaiserl, kaisers, excellenz, der, majest",2,1722-08-23 00:00:00
522,"rthlr, rthl, rthkr, , ",1,1722-08-23 00:00:00
531,"ernstlicher, meinung, hüten, beschichet, gnädigster",2,1722-08-23 00:00:00
534,"kehren, cavaliers, tig, fer, wohnungen",1,1722-08-23 00:00:00
538,"bem, novem, prob, heimen, eintrettenden",1,1722-08-23 00:00:00
551,"köpfigen, terræ, renovabis, geister, faciem",1,1722-08-23 00:00:00
558,"excellentz, kaiserl, guarantirten, schröffl, feyerer",1,1722-08-23 00:00:00
563,"rheims, rast, nacher, coterets, vorat",6,1722-08-23 00:00:00
581,"distillator, emerson, erhenckt, berühmter, keller",1,1722-08-23 00:00:00
-1,"roma, hungarn, prinzessin, deutschen, april",472,1724-03-24 04:00:00
0,"brigadiers, gliede, granadier, general, trouppen",13,1724-03-24 04:00:00
1,"marschall, versammung, resdiren, bereutere, folgete",12,1724-03-24 04:00:00
2,"meer, schiffe, cadix, marsilien, gemachet",9,1724-03-24 04:00:00
3,"heiligkeit, kirchen, päpstliche, heiligen, kirche",50,1724-03-24 04:00:00
4,"stof, schwartzen, pilgrams, trugen, zipfel",9,1724-03-24 04:00:00
5,"samenter, nangls, subjectum, würckl, consilio",8,1724-03-24 04:00:00
6,"russischen, russische, flohr, türken, trug",8,1724-03-24 04:00:00
7,"königl, kömgl, thom, elis, ",2,1724-03-24 04:00:00
8,"abwirft, wohl, gelegenes, gebautes, garten",3,1724-03-24 04:00:00
9,"pferden, pferd, plumagen, folgete, pferde",17,1724-03-24 04:00:00
10,"schüttler, sepulcro, verspü, stärcker, beschä",1,1724-03-24 04:00:00
11,"kerl, stube, sichum, gottloser, verschiedlichen",4,1724-03-24 04:00:00
13,"umgang, schweitzer, beyderseits, wurde, schneid",1,1724-03-24 04:00:00
14,"exaudinosdomine, kühnftig, carlborromeo, monsignorgennari, keyen",6,1724-03-24 04:00:00
16,"vorfah, decreta, bekräftiget, chinesischen, heil",2,1724-03-24 04:00:00
18,"feuer, feuers, brunst, asche, städtlein",6,1724-03-24 04:00:00
19,"verloschen, unterderaschedefeuerwider, woltendassdas, polen, polnische",1,1724-03-24 04:00:00
20,"durchl, wilh, guardarobba, didak, se",2,1724-03-24 04:00:00
22,"majest, ma, , , ",1,1724-03-24 04:00:00
23,"gestorben, 1718, 1715, 1725, erspieglenden",8,1724-03-24 04:00:00
24,"cotrofiaco, filomarino, capitaincommandeurleen, paulof, requeten",2,1724-03-24 04:00:00
26,"collegia, gliede, 9ten, rang, jedem",1,1724-03-24 04:00:00
28,"majorzœtikofzoetikof, general, gläubiger, denckscher, bajanatischer",1,1724-03-24 04:00:00
31,"zehrung, natolien, recrouten, suc, gefolgs",2,1724-03-24 04:00:00
35,"ded, fasching, lustbarkeit, samtliche, stille",5,1724-03-24 04:00:00
37,"sacca, ragusinsky, graf, lamberg, carl",1,1724-03-24 04:00:00
38,"maintzischer, chur, vicedom, churfürstl, 1714",2,1724-03-24 04:00:00
39,"dolhoruki, rabutin, angelan, jhro, gesandte",2,1724-03-24 04:00:00
42,"heurat, autorisiren, fundo, botschaft, bemeldeten",2,1724-03-24 04:00:00
44,"dressben, engelländischer, finch, angelang, brachten",1,1724-03-24 04:00:00
47,"dienstags, liesse, päpstl, jhre, montag",1,1724-03-24 04:00:00
50,"devise, herausgehoben, 35653, privilegiert, bils",2,1724-03-24 04:00:00
54,"calligola, generalschatz, civitavecchia, römische, päpstlichen",2,1724-03-24 04:00:00
55,"königl, und, möstl, kopp, kugler",3,1724-03-24 04:00:00
63,"paucken, trompeten, paar, trompeter, flohr",4,1724-03-24 04:00:00
65,"läger, parat, persien, gesandt, türken",1,1724-03-24 04:00:00
77,"dito, donnerstag, seligsten, hinscheidens, himmelfahrt",6,1724-03-24 04:00:00
78,"erysiallenes, fastes, creutz, bedienten, grosses",1,1724-03-24 04:00:00
82,"verwittibte, besuchen, bomboli, undvordasthor, watzdorf",3,1724-03-24 04:00:00
88,"commissarien, kayserlichen, eingesetzete, stadtstadtmagristat, admimistratoren",2,1724-03-24 04:00:00
94,"regierende, commissarien, kaiserl, mittwoch, seiten",2,1724-03-24 04:00:00
95,"trompetern, 3te, folgte, paucken, paar",1,1724-03-24 04:00:00
96,"schneller, kreutzer, spinnen, spinnerin, faden",1,1724-03-24 04:00:00
100,"hochfürstl, jhro, hochw, jhrer, hochfl",2,1724-03-24 04:00:00
103,"fürstl, deren, cont, conc, suwarow",1,1724-03-24 04:00:00
105,"delrigny, licharof, majorhenning, damian, brigadiers",3,1724-03-24 04:00:00
107,"cathol, javanisch, cattunen, garn, und",2,1724-03-24 04:00:00
111,"by, schout, ehret, titul, dien",2,1724-03-24 04:00:00
112,"genutzet, percento, 20000, gegend, schönen",1,1724-03-24 04:00:00
114,"februarii, febr, düsseldorf, februar, meiland",8,1724-03-24 04:00:00
115,"metze, schiling, abgele, maltz, sterling",1,1724-03-24 04:00:00
117,"april, oppeln, abgewiche, landsfürstl, jena",5,1724-03-24 04:00:00
122,"josephs, josepha, böhmen, josephst, peter",1,1724-03-24 04:00:00
129,"argenton, seltzames, berry, schreibet, samtlich",1,1724-03-24 04:00:00
131,"prinzessin, ungewiss, geboren, dames, intendantin",12,1724-03-24 04:00:00
132,"kaiserl, kaisersthée, kaiserspit, 69, 43",2,1724-03-24 04:00:00
134,"ubrige, dames, hof, hohh, hofer",1,1724-03-24 04:00:00
135,"demetry, math, alt, 430, baud",1,1724-03-24 04:00:00
137,"vincenti, camerich, beschriebenen, angetragene, phion",3,1724-03-24 04:00:00
142,"spanien, madamesicardo, aufgewar, spanierin, retiriret",2,1724-03-24 04:00:00
146,"krankenh, ubert, pozzi, pappenh, goekingk",1,1724-03-24 04:00:00
149,"octob, geboren, derselbe, ware, es",1,1724-03-24 04:00:00
153,"weib, ullersdorf, schwangeres, chirurgo, getrungen",1,1724-03-24 04:00:00
158,"venedig, abfertigte, obbemeldetes, pinco, abgesandte",1,1724-03-24 04:00:00
163,"hungaris, ungarn, böhmen, ungarischen, ungarischer",1,1724-03-24 04:00:00
164,"lisbona, januarii, lisabon, portugal, portugall",1,1724-03-24 04:00:00
165,"wagen, meister, hof, ein, lakirt",1,1724-03-24 04:00:00
174,"würcklich, conferenzraht, vicariusgeneralis, italien, conferentz",2,1724-03-24 04:00:00
187,"rheineck, sintzendorf, gol, schatz, vlieses",1,1724-03-24 04:00:00
190,"catholis, cacacatholis, catharina, cath, cathar",2,1724-03-24 04:00:00
193,"creutz, gräfin, entschlaffene, ordens, adeliche",6,1724-03-24 04:00:00
196,"throne, königl, königi, thrones, seine",2,1724-03-24 04:00:00
201,"löbl, ihme, also, ist, lobl",1,1724-03-24 04:00:00
203,"infantin, spänn, profo, apotecker, artzt",2,1724-03-24 04:00:00
206,"anderumal, einzulösenund, civilen, rückstände, beysteuer",2,1724-03-24 04:00:00
210,"residentz, monat, martii, deutsche, wien",1,1724-03-24 04:00:00
220,"desarmiren, bill, reine, befohlen, schotten",1,1724-03-24 04:00:00
226,"dames, andere, frauenstift, frauenstifts, frauenzimmer",1,1724-03-24 04:00:00
232,"kaiserl, der, unterzeichtet, sechszehen, tripolis",1,1724-03-24 04:00:00
237,"sterl, viii, , , ",1,1724-03-24 04:00:00
238,"livorno, april, auss, december, july",2,1724-03-24 04:00:00
242,"päpstl, priester, handfröhner, caplan, träger",9,1724-03-24 04:00:00
245,"beede, königl, jhre, kasp, komp",1,1724-03-24 04:00:00
260,"städte, deputirten, marschall, stadtrichter, rath",1,1724-03-24 04:00:00
261,"eveque, gründliches, rantzauischen, namhafter, gemessen",3,1724-03-24 04:00:00
266,"zwet, conjugation, eingerichteund, regularals, methodica",1,1724-03-24 04:00:00
273,"kökönigl, monarch, verfügte, allerhöchster, mess",1,1724-03-24 04:00:00
276,"badner, mariaelisabetha, bads, hertzogin, ertz",1,1724-03-24 04:00:00
277,"kaus, leute, marschall, hoheit, hornung",1,1724-03-24 04:00:00
280,"haimburg, matthias, adam, frantz, herrn",1,1724-03-24 04:00:00
290,"1725, begegnung, maii, versichern, wien",3,1724-03-24 04:00:00
296,"uber, pfangs, spanieren, delessevilleintendant, actum",1,1724-03-24 04:00:00
297,"monsignorcoscia, monsig, thron, jh, rer",2,1724-03-24 04:00:00
304,"miriweys, sultan, vezier, observiren, mogul",2,1724-03-24 04:00:00
307,"1676, 1658, licit, 1659, 1640",1,1724-03-24 04:00:00
313,"1725, wien, 1731, 1746, 1730",1,1724-03-24 04:00:00
330,"farbenen, carme, papsts, höchstsel, überzogenen",1,1724-03-24 04:00:00
344,"gebürtig, aberglaubigen, bühn, solhe, beschriben",1,1724-03-24 04:00:00
350,"königl, der, dem, von, ",1,1724-03-24 04:00:00
354,"1646, 1771, erwehlet, bischoffen, febr",1,1724-03-24 04:00:00
357,"zug, procession, strohm, ckey, stuckstuckschluss",2,1724-03-24 04:00:00
363,"priors, continuation, künftig, folget, fortsetzung",2,1724-03-24 04:00:00
368,"februarii, paris, märz, usong, anec",1,1724-03-24 04:00:00
375,"portugesischen, gemutmasset, anzuthun, ripperda, unterschriben",3,1724-03-24 04:00:00
400,"serl, kai, kais, kumin, ludov",1,1724-03-24 04:00:00
402,"emden, briefes, auszug, februarii, satzbrief",1,1724-03-24 04:00:00
408,"heil, gehörter, fruhe, heinr, heute",3,1724-03-24 04:00:00
426,"epinose, grimberghe, raimbaucourt, aubremont, antoni",1,1724-03-24 04:00:00
427,"sederman, wis, verordnung, kund, löbl",1,1724-03-24 04:00:00
440,"majorlefort, lessy, fortsetzung, obristen, gefangen",1,1724-03-24 04:00:00
443,"airolles, obgedach, britannischen, majest, gross",1,1724-03-24 04:00:00
450,"ejner, raubern, ausgegangen, see, gewe",1,1724-03-24 04:00:00
469,"beygehenden, hang, rom, nachrichten, finden",2,1724-03-24 04:00:00
474,"1705, 1711, 1710, 1303, rfls",2,1724-03-24 04:00:00
481,"sophia, prinzessin, julii, soissons, moniardin",1,1724-03-24 04:00:00
489,"alleuja, danck, nigl, kö, gott",1,1724-03-24 04:00:00
502,"hochheiligen, princessin, scana, besuchte, jerusalem",1,1724-03-24 04:00:00
524,"benedict, xiii, heiligkeit, benedicti, hieronimus",1,1724-03-24 04:00:00
529,"lustschlosszu, laxemburg, catho, lischen, allerhöchster",1,1724-03-24 04:00:00
532,"berlin, verlautet, jüngst, excell, hin",1,1724-03-24 04:00:00
534,"gliede, eroberten, deputirte, städte, jedem",1,1724-03-24 04:00:00
538,"geheimer, raht, mittag, gehalten, majestät",1,1724-03-24 04:00:00
561,"andreasde, latreategui, bischofin, orbe, valenz",2,1724-03-24 04:00:00
570,"troppau, complicitatis, verheirah, concussionis, sacculariatûs",1,1724-03-24 04:00:00
-1,"hungarn, beutel, augusti, dalmatien, deutschen",603,1725-10-24 08:00:00
0,"regiment, werbenundihre, mutwillige, erlieffe, befestigungswerkerzu",12,1725-10-24 08:00:00
1,"langend, maurermeisterisch, altschafferis, bekisch, sitzerns",20,1725-10-24 08:00:00
2,"schiffe, türken, admiral, engelländische, meer",42,1725-10-24 08:00:00
3,"türken, papst, kirchen, kirche, confalone",18,1725-10-24 08:00:00
4,"färbigem, crönlein, drächsler, versilbert, beuteln",6,1725-10-24 08:00:00
5,"ertzhertzoginvonwiendie, burlesca, antegoa, vorberei, kingsale",11,1725-10-24 08:00:00
6,"russische, russischen, türken, petersburg, reval",15,1725-10-24 08:00:00
7,"königl, kömgl, thom, elis, ",2,1725-10-24 08:00:00
8,"corneuburg, ausgab, traid, logiren, gebotten",1,1725-10-24 08:00:00
9,"billiard, pferd, überzogen, pferden, wehrloss",3,1725-10-24 08:00:00
10,"eise, hagel, ungewitter, erfülleten, hoen",5,1725-10-24 08:00:00
11,"griechen, türken, seuche, ansteckende, fieber",13,1725-10-24 08:00:00
12,"mareschal, endet, vehlen, numern, comte",1,1725-10-24 08:00:00
13,"rue, schatzman, madinger, kuprinus, schloissnig",7,1725-10-24 08:00:00
14,"diana, seu, bellona, krantz, et",10,1725-10-24 08:00:00
15,"geheimes, wichtiges, brechen, coppenhagen, tractiret",1,1725-10-24 08:00:00
16,"hanget, bequemesten, aufrichtigaufrichtig, norden, dauerhafte",3,1725-10-24 08:00:00
17,"bannwarte, villerc, diebstählen, prevosten, appelliren",1,1725-10-24 08:00:00
18,"gondolen, entstunde, wordurch, zugerüstete, cronberg",3,1725-10-24 08:00:00
19,"dännischen, schweden, schwedischen, principalen, stokholm",13,1725-10-24 08:00:00
20,"durchl, wilh, guardarobba, didak, se",5,1725-10-24 08:00:00
22,"majest, ma, , , ",1,1725-10-24 08:00:00
23,"1726, anno, viertl, miteinandergegeben, nicolsdorf",9,1725-10-24 08:00:00
24,"georgium, verelnensis, styrus, pettoviensis, keinacher",2,1725-10-24 08:00:00
26,"uhralten, clariss, gesätzen, conferenz, academie",2,1725-10-24 08:00:00
28,"humel, handels, manns, gläubiger, csamesiascher",1,1725-10-24 08:00:00
29,"anna, schwanglin, kierschnerin, hitzler, hilary",5,1725-10-24 08:00:00
30,"obbemelde, prevesa, contu, unverminderten, dervergangenenstilleangesetztecontumatz",1,1725-10-24 08:00:00
31,"1000, 5000, mittag, tentare, 33180",18,1725-10-24 08:00:00
35,"mittag, wittibte, fuhre, erhuben, wohneten",5,1725-10-24 08:00:00
36,"mittwochsbegabesichderpapstinden, labyrint, fasanen, erlustigten, bend",2,1725-10-24 08:00:00
37,"viertl, josephstadt, cath, christoph, beym",1,1725-10-24 08:00:00
38,"churfürstl, frühe, heut, jhre, seynd",1,1725-10-24 08:00:00
39,"pillnitz, herschaft, herein, nigl, cron",2,1725-10-24 08:00:00
42,"passewitz, steinische, gesandschaft, holl, minister",1,1725-10-24 08:00:00
44,"elen, viertel, dick, londen, höhe",1,1725-10-24 08:00:00
45,"circular, erwehlung, redner, auszufertigen, schreiben",2,1725-10-24 08:00:00
47,"mittwoch, verwichenen, erhielte, geburts, sonntag",3,1725-10-24 08:00:00
48,"emer, wein, gewächs, rötzer, maxrischer",3,1725-10-24 08:00:00
50,"lotterie, 37sten, endet, numern, montag",2,1725-10-24 08:00:00
51,"septemb, septembr, september, chaise, gewinn",6,1725-10-24 08:00:00
54,"laubnuss, höfen, versailles, wesen, catholischen",1,1725-10-24 08:00:00
55,"königl, und, möstl, kopp, kugler",3,1725-10-24 08:00:00
59,"francia, französ, französischen, französis, französische",1,1725-10-24 08:00:00
63,"zule, steines, trefliche, legung, pre",1,1725-10-24 08:00:00
65,"türken, heer, ispahan, barke, persien",7,1725-10-24 08:00:00
66,"1726, actum, frankfurt, augusti, julii",1,1725-10-24 08:00:00
69,"fruhemorgensverreisetenjhremajestät, fontainebleau, nacher, gräfl, dieses",1,1725-10-24 08:00:00
72,"kais, im, serl, kai, regierende",1,1725-10-24 08:00:00
77,"dito, dienstag, kaiserl, begabe, entsatzes",9,1725-10-24 08:00:00
78,"säulen, marmor, bild, hauer, weidet",1,1725-10-24 08:00:00
79,"mahler, krantzscheiben, gemahlte, sinnschrift, verstelle",1,1725-10-24 08:00:00
80,"hieselbst, gehäuret, brancascerest, freytags, freytag",2,1725-10-24 08:00:00
81,"erinnerlich, beygefüget, erlustigten, niedern, obwolen",2,1725-10-24 08:00:00
82,"amaliawilhelmina, renn, annagräfin, manfredi, casta",4,1725-10-24 08:00:00
83,"fabric, vilvorden, niederlagen, aufrichten, unordnungen",2,1725-10-24 08:00:00
84,"andreacornaro, venetianischen, nuntius, nuntii, bottschafters",5,1725-10-24 08:00:00
88,"widerrede, onslow, gebilliget, thate, setzet",1,1725-10-24 08:00:00
93,"excell, eure, versichere, salm, scheinet",5,1725-10-24 08:00:00
94,"kaiserl, regierende, beliebte, jhrer, fuxin",8,1725-10-24 08:00:00
96,"ertränket, gestür, seyne, tzet, brucken",1,1725-10-24 08:00:00
102,"renn, gassen, alt, stadt, juden",1,1725-10-24 08:00:00
105,"gund, general, adjutant, secondleutenant, leutenant",1,1725-10-24 08:00:00
106,"solenneste, sehenwiedie, euer, garantien, einbilden",1,1725-10-24 08:00:00
107,"cathol, javanisch, cattunen, garn, und",5,1725-10-24 08:00:00
109,"kirschisch, georg, im, gilgenberg, miaskowski",1,1725-10-24 08:00:00
115,"sterling, pfund, pendergrass, beträget, mylordin",3,1725-10-24 08:00:00
119,"64109, 28245, 2000, mittag, ro",2,1725-10-24 08:00:00
122,"alt2, soph, josephstadt, peter, josepha",2,1725-10-24 08:00:00
123,"schlichten, resident, mini, handel, anwesende",1,1725-10-24 08:00:00
126,"rundellen, witzman, lakeyens, max, viertl",1,1725-10-24 08:00:00
130,"dietherrin, wasserbrenneris, lediges, pfauen, justina",1,1725-10-24 08:00:00
131,"sedlitz, herrlich, tractiret, prinzessin, schloss",1,1725-10-24 08:00:00
132,"kaiserl, frantz, kaisersthée, kaiserspit, im",2,1725-10-24 08:00:00
136,"tagl, tagw, gassen, tagws, dangold",4,1725-10-24 08:00:00
137,"herzogtums, chambery, pie, mont, sardinien",1,1725-10-24 08:00:00
141,"copée, àlamode, geschierr, gemachter, lezten",1,1725-10-24 08:00:00
150,"decemb, jndien, west, aus, dedöcker",1,1725-10-24 08:00:00
151,"excell, nürnberg, cont, 31, statt",7,1725-10-24 08:00:00
155,"printzens, danksagung, landen, gethan, chur",1,1725-10-24 08:00:00
159,"directorderjndianischen, bareme, schicksal, gewester, gleiches",1,1725-10-24 08:00:00
170,"oranien, ormea, genuesern, durchleucht, eberbergische",1,1725-10-24 08:00:00
172,"cath, stief, eva, , ",2,1725-10-24 08:00:00
174,"licentiati, cancellarium, nemlichdieherren, matthæusmatthaeus, universitatis",1,1725-10-24 08:00:00
176,"elis, harder, elion, jacobi, aria",1,1725-10-24 08:00:00
178,"gebs, böhmen, gott, kutsch, krankend",2,1725-10-24 08:00:00
179,"hertzogthümer, beykommende, müntze, obligatioobligationesnes, gegol",1,1725-10-24 08:00:00
181,"brandner, kutscherns, kleebinder, kohlischer, spiegelritter",1,1725-10-24 08:00:00
183,"kaiserlicheund, ordnet, oester, allergnädigster, residentz",2,1725-10-24 08:00:00
186,"latzler, eugenisch, halbj, lambrecht, laim",2,1725-10-24 08:00:00
187,"sintzendorf, 41ten, sintzen, wilhelm, beutel",2,1725-10-24 08:00:00
193,"gräfin, selig, entschlaffene, creutz, stern",4,1725-10-24 08:00:00
194,"ertz, hertzogin, hertzo, hertzogi, hertzogl",6,1725-10-24 08:00:00
205,"barb, frau, barbarey, häfer, dietzin",2,1725-10-24 08:00:00
206,"füt, verzeichnüsse, nohtwendigen, einhändigen, beschlosse",1,1725-10-24 08:00:00
209,"faltigkteit, kienmark, laimgruben, sebast, ferd",2,1725-10-24 08:00:00
212,"6525, 2000, 20000, 40000, 200000",1,1725-10-24 08:00:00
214,"deutschen, unadeliche, kundige, politicis, moralibus",1,1725-10-24 08:00:00
215,"säuberung, patent, betreffend, anhang, september",1,1725-10-24 08:00:00
237,"sterl, viii, , , ",1,1725-10-24 08:00:00
238,"livorno, li, augusti, auss, december",1,1725-10-24 08:00:00
243,"doct, dokt, chirurgus, arzt, chelsenden",1,1725-10-24 08:00:00
249,"mart, märz, sontag, monats, march",1,1725-10-24 08:00:00
251,"ernennete, danksagungs, onslow, præsidentenpraesidenten, memorial",1,1725-10-24 08:00:00
271,"ariadnæariadnae, letztenmal, jtaliänische, infantin, gemeldte",1,1725-10-24 08:00:00
272,"ross, 10000, dienstag, septemb, rossau",1,1725-10-24 08:00:00
276,"hertzogin, magdalena, ertz, beywohneten, auferbäulichst",3,1725-10-24 08:00:00
277,"heüer, reiterns, wasch, viertl, wieden",1,1725-10-24 08:00:00
290,"1726, ludmilla, herberstein, gräfin, deutschen",2,1725-10-24 08:00:00
296,"kaltenhauser, ubergeberns, aufschlags, mehl, amts",1,1725-10-24 08:00:00
300,"anzustellenden, schlitten, fahrt, februarii, paris",1,1725-10-24 08:00:00
302,"ungerechtig, geduldig, widriger, projecte, zugemutet",1,1725-10-24 08:00:00
304,"sultan, throneten, sophi, esref, beschlossenen",1,1725-10-24 08:00:00
307,"16502, 2000, 1658, licit, 1659",1,1725-10-24 08:00:00
308,"hollinko, schneiderns, schneidermeist, schneiderm, schneider",1,1725-10-24 08:00:00
310,"hauerns, mayr, bild, georg, holzinger",1,1725-10-24 08:00:00
317,"angeschla, sächsis, vermöge, patent, chur",1,1725-10-24 08:00:00
323,"erlangen, könte, vortheil, nation, davon",1,1725-10-24 08:00:00
329,"beutel, 35ten, 21ten, 29ten, 16ten",3,1725-10-24 08:00:00
332,"bezahlen, gulden, pcto, überkommener, cent",1,1725-10-24 08:00:00
343,"oedt, johan, commissarien, heinrich, christoph",1,1725-10-24 08:00:00
344,"leipziger, liede, angestim, senatorum, tectur",1,1725-10-24 08:00:00
348,"canonic, stifts, derer, pens, stift",1,1725-10-24 08:00:00
350,"königl, der, dem, von, ",1,1725-10-24 08:00:00
361,"memorialinterminis, generalibus, beraht, ausnehmen, dank",1,1725-10-24 08:00:00
362,"magd, fehringerin, wit, alt, ",1,1725-10-24 08:00:00
368,"nächster, publiciret, paris, edict, augusti",1,1725-10-24 08:00:00
375,"reclamirt, überreichete, antwor, newcastle, portugesischen",3,1725-10-24 08:00:00
378,"durchl, seine, hisp, mann, angewachsen",1,1725-10-24 08:00:00
390,"1726, passierte, blätl, fortsetzete, posta",2,1725-10-24 08:00:00
401,"frantzpragerb, hyeronimo, hyacinten, gefüllte, hyacinthen",1,1725-10-24 08:00:00
418,"korzensky, 20ten, rudolph, beutel, graf",1,1725-10-24 08:00:00
426,"donjosephzapata, zamora, ilescas, alters, februarii",1,1725-10-24 08:00:00
429,"wagneris, wagner, carl, anna, im",2,1725-10-24 08:00:00
430,"mjttwoch, september, december, augusti, den",1,1725-10-24 08:00:00
435,"buchhalt, hueber, mathias, burgl, hof",1,1725-10-24 08:00:00
437,"kaiserin, jhre, 17ten, beutel, majestät",4,1725-10-24 08:00:00
447,"besznak, ungarus, nittriensi, eadem, comitatu",2,1725-10-24 08:00:00
481,"joanneadamoott, helena, englisch, julii, soissons",2,1725-10-24 08:00:00
491,"gedrukt, ghelen, peter, kaiserl, johann",1,1725-10-24 08:00:00
494,"wenig, viel, schwachs, mitlm, klein",1,1725-10-24 08:00:00
501,"septemb, anhang, september, jn, stadt",1,1725-10-24 08:00:00
503,"durchl, jhre, düpont, jubil, sephst",8,1725-10-24 08:00:00
507,"vertrauen, grundherrlichkeit, grundherrlichkeiten, privilegio, burgerregim",1,1725-10-24 08:00:00
510,"stüken, castagnetta, portovelo, misvergnügen, abschlagung",1,1725-10-24 08:00:00
519,"wolfg, gumpendorf, alt, glaserergewölb, kärntnerstrasse",1,1725-10-24 08:00:00
520,"casp, labella, dibrusseles, arunculen, arnunculen",1,1725-10-24 08:00:00
531,"ernstlicher, beschie, meinung, hieran, hüten",1,1725-10-24 08:00:00
538,"petermaison, charingcross, gefluchet, sogenannter, halss",1,1725-10-24 08:00:00
550,"brauchet, genehme, unan, zeitung, verwichener",2,1725-10-24 08:00:00
552,"ther, alt, , , ",1,1725-10-24 08:00:00
558,"kaiserl, des, guarantirten, schröffl, feyerer",1,1725-10-24 08:00:00
561,"capler, eremitarums, conventu, sebastianum, lector",1,1725-10-24 08:00:00
563,"fontainebleau, commœdiecommoedie, hernacher, königin, kökönig",2,1725-10-24 08:00:00
570,"neuberger, wallisch, freundlichst, aufgang, doctoris",1,1725-10-24 08:00:00
574,"eisenhuetisch, erzherzogl, bischöfl, erzherzogin, errur",1,1725-10-24 08:00:00
-1,"hungarn, majestät, deutschen, deren, en",919,1727-05-26 12:00:00
0,"regiment, marciliana, major, passirte, galleotten",34,1727-05-26 12:00:00
1,"taffel, gemach, tutunage, sago, jüncker",22,1727-05-26 12:00:00
2,"schiffe, geschwader, admiral, schiffen, kriegs",39,1727-05-26 12:00:00
3,"griechen, bischof, kirche, heiligkeit, ertz",44,1727-05-26 12:00:00
4,"schwartz, schwartze, kleidern, unterfutter, seidenen",20,1727-05-26 12:00:00
5,"königl, majestät, königs, jhre, majestäten",34,1727-05-26 12:00:00
6,"moscua, russischen, russland, türken, russische",12,1727-05-26 12:00:00
7,"königl, kömgl, thom, elis, ",4,1727-05-26 12:00:00
9,"pferd, pferden, pferde, härmelin, bespannten",12,1727-05-26 12:00:00
10,"wasser, schaden, ungewitter, regen, orten",24,1727-05-26 12:00:00
11,"verspüret, fieber, krankheiten, geiffel, pezzenti",9,1727-05-26 12:00:00
12,"ungedrukten, 7der, waldau, auserlesenen, continuatio",2,1727-05-26 12:00:00
13,"schnorf, roxburg, schönauwähr, prespurger, schlossberg",8,1727-05-26 12:00:00
14,"deiss, müntzquardeinisch, augustiware, scheuchze, repræsentirtrt",11,1727-05-26 12:00:00
15,"conterenzi, nencommissari, vongirona, seitiger, ausgerissenen",1,1727-05-26 12:00:00
16,"ablass, armuht, exexgessivgessiv, zuei, ihrerparticular",3,1727-05-26 12:00:00
17,"zögerung, langweilige, triben, processen, entblösset",1,1727-05-26 12:00:00
18,"feuer, häuser, brunst, feuers, brand",12,1727-05-26 12:00:00
19,"descongress, lapouchin, reireinigen, zusoissons, zertrennung",4,1727-05-26 12:00:00
20,"durchl, guardarobba, wilh, didak, se",8,1727-05-26 12:00:00
21,"controllor, hauses, schatz, haus, meister",3,1727-05-26 12:00:00
22,"majest, ma, , , ",2,1727-05-26 12:00:00
23,"1728, anno, 1727, begna, peking",15,1727-05-26 12:00:00
24,"mamagistergister, velvelluslus, apostolofilomarino, equitum, tortorquatorumquatorum",4,1727-05-26 12:00:00
28,"magnaten, biharienser, ausderen, herrsigismund, grafschaftvicegespann",2,1727-05-26 12:00:00
29,"antonbelloni, gebare, annamariaulci, verwichener, eltern",1,1727-05-26 12:00:00
31,"5400, chechiang, sursf, nanking, grentzen",4,1727-05-26 12:00:00
35,"derreiterade, mittags, abends, himmelcron, mittag",14,1727-05-26 12:00:00
36,"blumen, kräutlerin, riechenden, mägden, bestreuen",2,1727-05-26 12:00:00
37,"techubi, durlachischer, rottberg, junger, baden",3,1727-05-26 12:00:00
38,"schanknussen, churfürstl, chur, alhiesigem, fürstl",3,1727-05-26 12:00:00
39,"jhrer, mör, mittwochen, crönungs, königsberg",5,1727-05-26 12:00:00
40,"keissern, us, ausliefern, frantzösisch, anhalten",2,1727-05-26 12:00:00
41,"fuhrmanisch, edlinger, beschaut, kutscher, gericht",1,1727-05-26 12:00:00
42,"eeleichterung, confeconferenzrenz, erblichenrevenü, hütet, anmuhtigung",4,1727-05-26 12:00:00
44,"londen, julii, jestäten, britannien, 22sten",5,1727-05-26 12:00:00
47,"dienstags, friesländische, müde, 13den, langete",5,1727-05-26 12:00:00
48,"reinischer, einhorns, fränkischer, sprunge, fontainen",1,1727-05-26 12:00:00
50,"rt, lotterie, meilandgradui, rtemarchesdel, 48383",1,1727-05-26 12:00:00
51,"salee, september, septemb, vornehmung, septembr",1,1727-05-26 12:00:00
53,"swoboda, 1727, burgerl, johann, wird",1,1727-05-26 12:00:00
54,"petruscappello, botbotschafter, hensenat, conconsultasulta, vonsinigaglia",4,1727-05-26 12:00:00
55,"königl, und, möstl, kopp, kugler",13,1727-05-26 12:00:00
57,"rhebarrhebarbarabara, castell, capelle, gebeth, carolivi",3,1727-05-26 12:00:00
61,"20790, 16493, 14807, 1133, credito",3,1727-05-26 12:00:00
63,"trompeter, chor, trompeten, paucken, westmünster",7,1727-05-26 12:00:00
64,"kupfer, kupf, figuren, ausschneiden, aufgekauft",1,1727-05-26 12:00:00
65,"türken, murret, geneiget, begäben, esrefs",2,1727-05-26 12:00:00
68,"novemb, november, samstag, diedieses, abgewi",5,1727-05-26 12:00:00
69,"schnacken, ungeziefers, puglien, häuffig, gräfl",1,1727-05-26 12:00:00
72,"kais, serl, kai, legations, regierende",8,1727-05-26 12:00:00
73,"rathen, darum, sie, an, ",1,1727-05-26 12:00:00
74,"pairinen, prælatenpraelaten, sitz, pairs, familie",1,1727-05-26 12:00:00
75,"augusti, july, maynstrom, august, dienstag",1,1727-05-26 12:00:00
77,"dito, mittag, monarch, allerhöchst, dienstag",16,1727-05-26 12:00:00
78,"marmor, eingemaurte, rama, ferdinandsan, ruffi",3,1727-05-26 12:00:00
79,"gehaltnuss, ausgesonnenen, prenner, ergötz, zeichner",1,1727-05-26 12:00:00
80,"rahtss, freywillig, innern, carl, stadt",1,1727-05-26 12:00:00
81,"kaiserl, niemalen, angerühret, cioccolata, schlegel",4,1727-05-26 12:00:00
82,"amaliawilhelmina, closter, comcommissariimissa, bruchs, kaiserin",3,1727-05-26 12:00:00
83,"städten, stadt, residentz, kaiserstadt, gegenden",1,1727-05-26 12:00:00
84,"nuntii, monsignorgirolamogrimaldi, edessen, monsignorgrimaldi, bötsch",2,1727-05-26 12:00:00
87,"ausmantua, october, inclusivè, oktob, wichenen",3,1727-05-26 12:00:00
88,"commission, commissarien, decretiren, sammelet, protestireten",7,1727-05-26 12:00:00
89,"sherifs, richtern, policey, londen, landesfürstl",1,1727-05-26 12:00:00
90,"buchdruckerey, türkey, ghelen, ball, peter",1,1727-05-26 12:00:00
93,"excell, eodem, besagte, cammer, officiers",4,1727-05-26 12:00:00
94,"kaiserl, regierende, zweydenominirte, bestimmeten, beede",7,1727-05-26 12:00:00
95,"degengetragendurchdengrafen, cravvford, dritte, unzen, thle",1,1727-05-26 12:00:00
96,"inwendig, vergoldet, deckel, speiserisch, ortuer",6,1727-05-26 12:00:00
100,"erspries, hochergehens, volkommenen, lement, hochfürstl",2,1727-05-26 12:00:00
102,"juden, seilerstatt, alt, stadt, schotten",3,1727-05-26 12:00:00
105,"hartington, vocat, pensionirten, edelleuten, procurator",2,1727-05-26 12:00:00
106,"vermutlich, wahrheitindememanumfürgewisszu, achtungen, ausbreiten, ausbrechen",1,1727-05-26 12:00:00
107,"cathol, javanisch, cattunen, garn, und",21,1727-05-26 12:00:00
109,"jeszenal, bildhaurisch, chietidem, gauster, gataleta",3,1727-05-26 12:00:00
110,"abgeschickete, ildephonse, terschiedlich, felu, donnerstages",2,1727-05-26 12:00:00
111,"abends, allensenatoren, dietour, einerserenata, apothecke",6,1727-05-26 12:00:00
114,"25sten, februar, nachdeme, febr, februarii",1,1727-05-26 12:00:00
115,"sterlings, gekostet, pfund, regierung, habe",1,1727-05-26 12:00:00
119,"9236, 181374, 41267, 6805, 30329",7,1727-05-26 12:00:00
121,"aquiladem, mazzacane, anemoni, frantz, turband",1,1727-05-26 12:00:00
122,"josephoponzi, matera, peter, josepha, alt",2,1727-05-26 12:00:00
131,"prinzessin, prinzessinnen, drapd, ho, heit",3,1727-05-26 12:00:00
132,"kaiserl, kaisersthée, kai, kaiserspit, 69",5,1727-05-26 12:00:00
134,"musicos, meister, hof, haus, hohh",2,1727-05-26 12:00:00
137,"marchesolivazzi, vivicecekönig, barnachea, insicilien, inalexandria",3,1727-05-26 12:00:00
140,"bacher, zucker, böhmen, kaiserl, bernstein",1,1727-05-26 12:00:00
142,"spanien, over, undinfantinn, jucob, cervelcervellonlon",5,1727-05-26 12:00:00
148,"december, ungewit, achte, mus, 29sten",2,1727-05-26 12:00:00
149,"octob, mjttwoch, extrablat, den, octobris",1,1727-05-26 12:00:00
151,"excell, nürnberg, cont, 31, statt",3,1727-05-26 12:00:00
152,"goldschmidisch, gold, mach, dem, wirt",1,1727-05-26 12:00:00
155,"allergnädigster, bebetroffen, vorgemeldeten, derlicheconcerti, ermeldtemsoissons",5,1727-05-26 12:00:00
158,"venedig, julii, wester, richelieu, ausserordentlicher",4,1727-05-26 12:00:00
160,"tenenz, locum, secretarius, raht, hauptm",2,1727-05-26 12:00:00
162,"violons, engländische, vioviolele, galgallerielerie, voncremona",1,1727-05-26 12:00:00
163,"ungarn, hungarischen, renablega, wjttwoch, nrv",2,1727-05-26 12:00:00
164,"portugalesa, alcantara, grimaldi, orden, obristen",1,1727-05-26 12:00:00
166,"hungarncuriæcuriaeregiæregiaemagister, beysitzer, königreich, hungarn, diarii",1,1727-05-26 12:00:00
169,"10den, gabeln, 13den, sechste, anderte",3,1727-05-26 12:00:00
170,"andeneggischen, zollerischen, rukwärts, pretiosa, curatorisbonorum",3,1727-05-26 12:00:00
172,"cath, stief, eva, , ",3,1727-05-26 12:00:00
173,"bethauret, eltz, festag, heil, wit",3,1727-05-26 12:00:00
175,"ferdinand, hertzogs, mächtigter, klagte, rähte",2,1727-05-26 12:00:00
178,"geistl, böhmen, kutsch, gebs, krankend",1,1727-05-26 12:00:00
181,"bruner, kutscherns, kreutzer, exemplar, frantz",2,1727-05-26 12:00:00
182,"feuerwerk, durchgebracht, feuer, erzeiget, anzün",4,1727-05-26 12:00:00
183,"vätterlich, nachruhm, eugeny, printzen, aufnahm",4,1727-05-26 12:00:00
187,"lackeyen, gatterburg, mundschenk, stantin, commer",3,1727-05-26 12:00:00
190,"catholiz, catharina, cath, catholis, cathar",1,1727-05-26 12:00:00
193,"gräfin, selig, adeliche, creutz, stern",2,1727-05-26 12:00:00
194,"hertzogin, ertz, habendfuhrenindemwagen, leopoldinischen, aldahin",5,1727-05-26 12:00:00
196,"königl, die, königi, thrones, seine",1,1727-05-26 12:00:00
198,"prinzessinen, malborough, ladys, procession, gienge",3,1727-05-26 12:00:00
199,"glut, möglichste, vorsichtigkeit, best, weiteres",1,1727-05-26 12:00:00
201,"samte, löbl, 6ten, zufolge, fruhe",1,1727-05-26 12:00:00
202,"ausgestigen, flintenierer, dankete, uhrmacheris, ehrte",2,1727-05-26 12:00:00
203,"ininfantinfantin, päpstl, infantin, begleitung, samt",2,1727-05-26 12:00:00
204,"christ, ergrimmete, anthatte, heidische, tiranney",1,1727-05-26 12:00:00
205,"barb, leonard, bara, barbarey, häfer",2,1727-05-26 12:00:00
206,"renten, erloschen, jährlichen, livres, leib",1,1727-05-26 12:00:00
209,"landstrass, théegeschierl, kärntnerstrass, jahr, alster",6,1727-05-26 12:00:00
212,"derukraine, füget, 100000, hinzu, 20000",1,1727-05-26 12:00:00
215,"abschicken, gegebene, moritz, patent, quartieren",1,1727-05-26 12:00:00
216,"mindere, capell, strassburg, diener, julii",2,1727-05-26 12:00:00
221,"warschau, julii, polen, juny, aus",2,1727-05-26 12:00:00
225,"leopoldinischen, herzogin, leopoldst, ertz, leopold",1,1727-05-26 12:00:00
228,"edle, fürstl, hause, vom, unter",1,1727-05-26 12:00:00
232,"kaiserl, seiner, vor, sechszehen, unterzeichtet",2,1727-05-26 12:00:00
236,"konigl, knaben, zeichen, königl, könig",4,1727-05-26 12:00:00
238,"livorno, julii, auss, december, july",2,1727-05-26 12:00:00
242,"päpstl, priesters, priester, priest, offentl",1,1727-05-26 12:00:00
245,"mühlnerisch, kargl, jhre, königl, mich",3,1727-05-26 12:00:00
249,"mart, märz, sontag, monats, march",1,1727-05-26 12:00:00
250,"rebsrebszoghyzoghy, michael, retzer, retractus, reubell",1,1727-05-26 12:00:00
254,"théeheyssan, frle, frider, fleischh, florini",1,1727-05-26 12:00:00
256,"hungarn, marsches, kreutzer, crönung, knaben",2,1727-05-26 12:00:00
260,"lands, wegdirectoren, wagensperg, verwesern, oorist",1,1727-05-26 12:00:00
268,"endigen, parlaments, glieder, wahl, morgen",1,1727-05-26 12:00:00
272,"rossau, thullin, golden, mensch, jahr",2,1727-05-26 12:00:00
273,"gnädigster, unser, durchl, jhrer, aller",1,1727-05-26 12:00:00
276,"magdalena, hertzogin, magmagdalenadalena, ertz, hertzoginmaria",4,1727-05-26 12:00:00
279,"wienerisches, diarium, wiener, zeitung, nachtrag",1,1727-05-26 12:00:00
280,"neretodem, alferi, adam, joseph, stellter",1,1727-05-26 12:00:00
289,"gekehret, burg, zuruk, schloss, schlosse",1,1727-05-26 12:00:00
290,"1728, nii, 1sten, ju, hannover",2,1727-05-26 12:00:00
295,"derengabinet, concongressgress, klugeministri, vonsoissons, ausgemachte",1,1727-05-26 12:00:00
296,"uber, jspahan, begraben, einenrecommendationsbrief, gekomgekommen",2,1727-05-26 12:00:00
297,"folten, monsig, kutschen, diesen, mons",1,1727-05-26 12:00:00
303,"caféekandel, seidl, haltend, ungefähr, silberne",1,1727-05-26 12:00:00
304,"sultan, mahomets, esref, gesetz, muffti",6,1727-05-26 12:00:00
318,"advocat, gerichtsordnung, erblande, richteramtshand, redoute",1,1727-05-26 12:00:00
324,"anzuzünden, beygefüget, lichter, einmal, wurde",1,1727-05-26 12:00:00
329,"vierdte, 25sten, 27sten, bis, hefte",1,1727-05-26 12:00:00
330,"händen, ceremonien, kleidern, cronen, kleidung",16,1727-05-26 12:00:00
336,"censorispublici, reformatores, könnenund, magistromissariminoriten, paduanischen",1,1727-05-26 12:00:00
339,"18den, 22sten, dritte, 40, bis",1,1727-05-26 12:00:00
342,"viertl, wiederum, burg, augusti, wien",2,1727-05-26 12:00:00
343,"vonfogaras, newen, leopoldnadisleopoldnadisdydy, immerwehrender, gespann",2,1727-05-26 12:00:00
344,"jemals, gebauet, seinemceremoni, hueberischen, promiscué",2,1727-05-26 12:00:00
346,"strasse, rauch, seiden, gerde, deruniversität",1,1727-05-26 12:00:00
347,"lyon, schottland, wappen, könig, sangin",1,1727-05-26 12:00:00
349,"gemachs, bedient, schlaf, schlafrockschneiders, fitta",1,1727-05-26 12:00:00
353,"pfundthéebouy, pabrisch, pfeiffer, pfründl, pfeffer",3,1727-05-26 12:00:00
355,"lordmaire, burgermeister, londen, reichsfreyherrl, reichsgräfl",1,1727-05-26 12:00:00
356,"bekämpfen, gassen, halb, jahren, ger",2,1727-05-26 12:00:00
357,"zug, voncolloredo, geländern, nehmste, brettern",2,1727-05-26 12:00:00
359,"dreyfachen, parc, trommeln, geschütze, peten",2,1727-05-26 12:00:00
362,"magd, fehringerin, wit, alt, ",2,1727-05-26 12:00:00
367,"thol, ca, preuss, preussis, thlr",2,1727-05-26 12:00:00
371,"schallen, deto, allein, deleg, zwey",1,1727-05-26 12:00:00
376,"geschöpffet, astronomo, urtheilte, ermeldeten, beschreiben",1,1727-05-26 12:00:00
378,"nigl, kö, seine, hisp, mann",1,1727-05-26 12:00:00
381,"scurolo, sandes, dominicanern, convents, brucke",1,1727-05-26 12:00:00
384,"erris, gebor, backen, fisch, wall",1,1727-05-26 12:00:00
390,"hofuniversitäts, 1728, buchdruckern, gemeiner, wien",1,1727-05-26 12:00:00
397,"vonwestmünsterdieachte, musicsangesamtdemchor, schläger, capel, antiphon",2,1727-05-26 12:00:00
403,"17775, 1756, 1755, stuttgard, augspurg",1,1727-05-26 12:00:00
423,"phil, jesu, philos, doct, vols",1,1727-05-26 12:00:00
425,"leop, morbis, leonh, valentin, bürgl",1,1727-05-26 12:00:00
432,"verzeichnete, beschuldiger, hertzhaftigkeit, seuf, spran",1,1727-05-26 12:00:00
436,"majest, jhro, jhre, jh, nunmehrigen",2,1727-05-26 12:00:00
443,"herold, crei, füssens, säsischen, whorwood",3,1727-05-26 12:00:00
444,"leopoldstadt, jahr, alt, süssenbrunn, leopoldau",1,1727-05-26 12:00:00
448,"engelländisch, vers, word, lingier, englisch",1,1727-05-26 12:00:00
450,"stürme, troffen, ungewitter, ziemlich, sonderlich",1,1727-05-26 12:00:00
469,"rom, florentz, aufroma, bestätter, nachernapoli",2,1727-05-26 12:00:00
472,"gespannen, hochwürd, ober, hocherwehnte, hochfürstl",1,1727-05-26 12:00:00
473,"untersuchete, gestern, deputation, kame, zusammen",1,1727-05-26 12:00:00
477,"königl, denen, aus, jhre, zuma",1,1727-05-26 12:00:00
481,"julii, soissons, grätz, genua, thorn",11,1727-05-26 12:00:00
489,"nigl, kö, areiern, alleuja, walsh",2,1727-05-26 12:00:00
491,"gedrukt, ghelen, peter, kaiserl, johann",1,1727-05-26 12:00:00
492,"solennität, musicalischen, continuiret, fürstlich, erfolgten",1,1727-05-26 12:00:00
493,"leipzig, to, 79294, babadagh, 79496",4,1727-05-26 12:00:00
514,"würkl, schuhm, schäl, schich, abök",1,1727-05-26 12:00:00
515,"losgeschossen, werkschuh, zuspitzte, feuriger, leuchtete",2,1727-05-26 12:00:00
520,"casp, labella, dibrusseles, arunculen, arnunculen",1,1727-05-26 12:00:00
522,"rthlr, rthl, rthkr, , ",5,1727-05-26 12:00:00
525,"alljährlich, wenigstens, hofes, legen, heraus",1,1727-05-26 12:00:00
527,"diamant, allerschönste, ausspanien, grösseste, cadir",1,1727-05-26 12:00:00
529,"dohna, stanstandes, johanniter, orders, freyen",1,1727-05-26 12:00:00
532,"berlin, julii, wintermonat, gemel, verlautet",1,1727-05-26 12:00:00
534,"philippischen, heimat, genannter, gän, müssig",1,1727-05-26 12:00:00
546,"mylords, edle, mein, herr, mylord",2,1727-05-26 12:00:00
552,"ther, alt, , , ",1,1727-05-26 12:00:00
563,"derbassa, sandtemarcheslucini, grosscairo, alhiesigengubernators, zutriest",2,1727-05-26 12:00:00
566,"junii, pampelona, moscua, konstantinopel, augspurg",6,1727-05-26 12:00:00
568,"koch, thur, rosenberg, vogt, ron",3,1727-05-26 12:00:00
573,"gruber, veit, kutscher, kais, grumkow",1,1727-05-26 12:00:00
579,"25den, ergiesset, molo, truckenen, vermessenheit",2,1727-05-26 12:00:00
582,"musicanten, folgete, bande, eigener, band",1,1727-05-26 12:00:00
-1,"hungarn, martii, denen, deutschen, dem",959,1728-12-25 16:00:00
0,"artillerie, pferd, brion, tingry, armstrong",28,1728-12-25 16:00:00
1,"stüv, amatist, binderns, evang, arrobesvigognawollen",34,1728-12-25 16:00:00
2,"schiffe, schiffen, schif, kriegs, cadix",39,1728-12-25 16:00:00
3,"cardinäle, cardinal, kirchen, conclave, dalmatien",88,1728-12-25 16:00:00
4,"silbernen, geschmeid, silber, pedestallen, juridische",10,1728-12-25 16:00:00
5,"jnsuls, copey, naueste, konigl, leon",9,1728-12-25 16:00:00
6,"russischen, russische, türken, rus, czarn",14,1728-12-25 16:00:00
9,"pferden, pferd, pferde, bespannten, beste",12,1728-12-25 16:00:00
10,"wasser, orten, schnee, ergiessung, kälte",10,1728-12-25 16:00:00
11,"prætendentenpraetendenten, krankheit, hertz, überfallen, todes",17,1728-12-25 16:00:00
12,"himmlische, universitätischen, böss, phönix, führern",1,1728-12-25 16:00:00
13,"schreiberns, osterberger, schuhmacherns, schramb, schimonsky",9,1728-12-25 16:00:00
14,"anzeigungs, curassier, psalter, tragundostetägliche, lieben",10,1728-12-25 16:00:00
16,"besessene, deulich, wunderthätig, nadelen, exorcis",4,1728-12-25 16:00:00
18,"brunst, feuers, erbärmliches, minarium, mentiren",4,1728-12-25 16:00:00
19,"übergegangen, spar, abzulegen, schwedische, dersel",1,1728-12-25 16:00:00
20,"durchl, wilh, guardarobba, didak, se",13,1728-12-25 16:00:00
21,"cimaroli, brent, ignatii, gewelb, kuchel",2,1728-12-25 16:00:00
23,"1730, 1729, anno, merkwürdig, zugetragen",29,1728-12-25 16:00:00
24,"misericordiæaldaalda, misericordiæmisericordiae, 19, 17, 18",1,1728-12-25 16:00:00
26,"academiehaus, mathematica, schaueten, gesterige, gelis",4,1728-12-25 16:00:00
29,"johannaæischerscher, grafensteigerin, weinerischen, beutl, selcherisch",6,1728-12-25 16:00:00
30,"wordensolleheis, februarius, martius, erzehlung, richts",1,1728-12-25 16:00:00
31,"28780, sulpice, währet, geordnete, piastres",6,1728-12-25 16:00:00
35,"rada, reti, stammerstorf, nachtmahl, zunft",4,1728-12-25 16:00:00
36,"schorsteine, behänget, stammen, häufigen, weme",2,1728-12-25 16:00:00
37,"heerden, johann, graf, lamberg, carl",1,1728-12-25 16:00:00
38,"churfürstl, chur, fürstl, anmassende, aberundchursach",12,1728-12-25 16:00:00
39,"vermählete, 1698, nigl, 22, kö",1,1728-12-25 16:00:00
40,"verübende, ausgelassenheiten, beorder, contrabandiers, dragoner",2,1728-12-25 16:00:00
42,"vertraue, præservirenpraeserviren, ordonancepubliciret, solviren, prorogiret",5,1728-12-25 16:00:00
44,"sterlinge, belauffet, londen, martii, britannien",1,1728-12-25 16:00:00
47,"7der, donnerstag, päpstl, martii, 2ten",1,1728-12-25 16:00:00
49,"plusofferenti, cantzley, verkauffet, amts, mittag",1,1728-12-25 16:00:00
50,"lotterie, losse, capital, uberschuss, lossen",18,1728-12-25 16:00:00
53,"burgerl, hilari, thomhoffer, krahmer, wellner",5,1728-12-25 16:00:00
54,"rom, römischen, spinola, conclave, majorispotentiæpotentiae",9,1728-12-25 16:00:00
57,"surrons, cochenille, corfù, mattaeo, ferreiro",11,1728-12-25 16:00:00
59,"ludovici, frankreich, könig, französ, französischen",1,1728-12-25 16:00:00
60,"erhellet, verfertigten, lan, staat, schulden",1,1728-12-25 16:00:00
61,"115446, 12134, 1120, amburgo, msi",3,1728-12-25 16:00:00
63,"trompeter, pferde, trompeten, paucken, zu",1,1728-12-25 16:00:00
65,"ausserordent, verblichen, türken, ottomannischen, todes",1,1728-12-25 16:00:00
72,"serl, jhren, kai, hoheit, kais",1,1728-12-25 16:00:00
77,"dito, regierende, kaiserl, dienstag, oster",18,1728-12-25 16:00:00
78,"pyramide, ruhete, papstens, porphir, pedestal",7,1728-12-25 16:00:00
80,"hiebner, lider, parocken, macherns, bettler",1,1728-12-25 16:00:00
81,"kaiserl, ohnweit, pal, unserer, last",5,1728-12-25 16:00:00
82,"amaliawilhelmina, verwittibte, renn, amaliawilhemina, closter",3,1728-12-25 16:00:00
83,"residentz, befreiten, convocationen, fliegender, herberg",3,1728-12-25 16:00:00
84,"nuntii, nuntius, venetianischen, bottschafters, stationes",10,1728-12-25 16:00:00
86,"heilige, foreri, angetha, gleichnussen, abgestorbe",6,1728-12-25 16:00:00
88,"commissarien, ausgetrettenen, beygesetzten, interesse, lossen",3,1728-12-25 16:00:00
89,"bewillkommungs, abstatteten, bemeldtem, gast, mens",1,1728-12-25 16:00:00
90,"publicationenund, notificationen, mistelbachisch, deutschen, gema",3,1728-12-25 16:00:00
91,"lambertini28, alberoni15, deroban18, demotta48, decunha58",2,1728-12-25 16:00:00
93,"excell, sievers, gale, ralität, distinction",4,1728-12-25 16:00:00
94,"regierende, kaiserl, waware, beede, wartete",5,1728-12-25 16:00:00
95,"bucaros, cästen, gros, se, unzen",1,1728-12-25 16:00:00
96,"arrobe, salsaparill, reinigende, vanille, arrobes",3,1728-12-25 16:00:00
100,"passions, hochw, predig, jhrer, hochfürstl",1,1728-12-25 16:00:00
101,"amsterdam, holländisches, begleitete, holland, stüken",1,1728-12-25 16:00:00
103,"bebegleitung, glei, gleitung, päpstl, hof",1,1728-12-25 16:00:00
105,"adjutant, excellentz, general, seiner, secondleutenant",1,1728-12-25 16:00:00
106,"compiegneformirt, herfassung, ige, eingewilli, angelobt",1,1728-12-25 16:00:00
107,"cathol, javanisch, cattunen, garn, und",7,1728-12-25 16:00:00
109,"heymannn, mantash, andreas, miaskowski, gilgenberg",2,1728-12-25 16:00:00
110,"ratius, gemahltes, angeweste, zuzuschicken, ascanio",3,1728-12-25 16:00:00
111,"eodem, halber, abends, majest, mittag",2,1728-12-25 16:00:00
112,"gewelbte, ställ, zimmerlen, cämmer, leitha",1,1728-12-25 16:00:00
113,"korn, meister, freyherrl, herrs, gerarde",1,1728-12-25 16:00:00
114,"februarii, neapel, jtalien, febr, aus",1,1728-12-25 16:00:00
115,"sterling, pfund, stüver, schilling, lauflauffenden",5,1728-12-25 16:00:00
117,"april, samstag, 16den, ehrw, 9ten",6,1728-12-25 16:00:00
119,"63344, 2074, surronsindigo, 3973, 77127",6,1728-12-25 16:00:00
122,"petra, josepha, böhmen, josephst, peter",1,1728-12-25 16:00:00
123,"publicirt, zürich, canton, pracht, gedachtes",1,1728-12-25 16:00:00
127,"promo, resolvirten, prager, belgrad, digst",2,1728-12-25 16:00:00
130,"leinmat, weberns, spitlberg, hein, christoph",1,1728-12-25 16:00:00
131,"prinzessin, astu, davia, pico, charlotta",3,1728-12-25 16:00:00
132,"kaiserl, kaisersthée, kaiserspit, 69, 43",3,1728-12-25 16:00:00
134,"surronsbrasilienholz, hohh, hofer, bürgerl, päbstl",1,1728-12-25 16:00:00
137,"tripoli, nacher, constantinopel, 10000, civitavechia",4,1728-12-25 16:00:00
141,"wirtschaft, emer, oxen, 27ger, 18ner",2,1728-12-25 16:00:00
142,"spanien, madrid, februarii, junkerund, derstadt",5,1728-12-25 16:00:00
155,"geheget, aufmerk, samkeit, wolseyn, danken",1,1728-12-25 16:00:00
164,"portugal, lisabon, februarii, evora, lisbona",4,1728-12-25 16:00:00
167,"prohibuimus, necordanostrænostraededicaret, verordnung, löbl, hochlöbl",1,1728-12-25 16:00:00
169,"8ten, serl, kai, nachdeme, dieses",1,1728-12-25 16:00:00
170,"professhauses, origo, gewohnet, andacht, gewöhnlichen",2,1728-12-25 16:00:00
173,"gesungener, morgen, heil, denselben, eben",1,1728-12-25 16:00:00
177,"inspectoren, kundschafts, gelegenheiten, frag, wohnungen",2,1728-12-25 16:00:00
178,"monsig, böhmen, kutsch, gebs, krankend",1,1728-12-25 16:00:00
182,"gastmal, leuchtungen, kostbares, gantze, feuer",1,1728-12-25 16:00:00
183,"thätigen, wun, ältern, marianischen, hietzing",2,1728-12-25 16:00:00
185,"schweitz, basel, martii, auss, aus",1,1728-12-25 16:00:00
186,"respectivé, capellen, allerhöchster, gegenwart, herrschaften",1,1728-12-25 16:00:00
189,"frankfurt, april, deutschen, hamburg, augsburg",1,1728-12-25 16:00:00
193,"selig, dame, adeliche, creutz, gräfin",4,1728-12-25 16:00:00
194,"ertz, hertzogin, hertzo, hertzoginnen, obhöchst",10,1728-12-25 16:00:00
198,"doncarlos, geöfnet, ader, jta, vorsorge",3,1728-12-25 16:00:00
200,"juden, kellerl, bequemes, gassen, platz",2,1728-12-25 16:00:00
201,"20sten, löbl, april, denen, haben",1,1728-12-25 16:00:00
203,"entschlaffen, selig, tochter, gott, kind",1,1728-12-25 16:00:00
205,"barbarey, barb, aus, häfer, fuselierkorps",1,1728-12-25 16:00:00
206,"mayeux, legaten, pension, kleinere, verwandten",1,1728-12-25 16:00:00
209,"ckeyen, derselbigen, heyducken, mohren, neben",1,1728-12-25 16:00:00
212,"2000, 40000, livres, lebens, lang",3,1728-12-25 16:00:00
214,"deutschen, lateinisch, bedörfenden, schlabackisch, teutsch",1,1728-12-25 16:00:00
215,"abzustellen, missbrauch, unterschiedlicher, patent, spielen",1,1728-12-25 16:00:00
216,"stoltz, drexel, stentzel, strodl, stoll",2,1728-12-25 16:00:00
220,"bill, lasen, commission, manlaseimglei, chenzumandernmaldiebillzumbehuf",4,1728-12-25 16:00:00
225,"leopoldst, biliard, yg, leopoldi, logiret",2,1728-12-25 16:00:00
226,"obgedach, hertzoginnen, tem, päpstl, erz",1,1728-12-25 16:00:00
236,"chauvelin, copia, königs, wegen, königl",1,1728-12-25 16:00:00
237,"sterl, viii, , , ",7,1728-12-25 16:00:00
238,"livorno, ergänzen, gimenter, martii, damit",1,1728-12-25 16:00:00
245,"frembd, königl, jhre, kasp, komp",1,1728-12-25 16:00:00
249,"mart, 3ten, bis, märz, sontag",1,1728-12-25 16:00:00
250,"regenspurg, martii, re, retzer, retractus",1,1728-12-25 16:00:00
251,"senat, beverley, gegemäss, bedanke, spreche",2,1728-12-25 16:00:00
262,"deutsche, comœdienen, musicalischen, welschen, logi",1,1728-12-25 16:00:00
266,"cybo, marschalle, rang, zoll, obristen",3,1728-12-25 16:00:00
276,"magdalena, hertzogin, ertz, leopoldinische, 41gste",4,1728-12-25 16:00:00
277,"marefoschi, hoheit, hornung, durchl, fausta",1,1728-12-25 16:00:00
279,"wienerisches, diarium, wiener, zeitung, nachtrag",1,1728-12-25 16:00:00
280,"tagwerkerns, albert, joseph, adam, stellter",1,1728-12-25 16:00:00
284,"garbische, calcedon, unterzogen, uralte, geschnitten",1,1728-12-25 16:00:00
285,"junge, durchl, herrschaften, jhrer, jhro",1,1728-12-25 16:00:00
288,"stadt, vor, der, thurm, ",1,1728-12-25 16:00:00
289,"diestier, burg, seville, zurü, ohnerachtet",3,1728-12-25 16:00:00
290,"1730, residentz, monat, april, gehalten",1,1728-12-25 16:00:00
296,"cirene, scherringsanseineeminentzdurchden, monsignorsantamaria, uber, uberlieferung",2,1728-12-25 16:00:00
297,"monsig, demselbigen, stellete, dato, mons",2,1728-12-25 16:00:00
301,"card, 22sten, eminentz, kunft, vergangenen",2,1728-12-25 16:00:00
302,"erfreuen, religion, verlästern, verkeh, schänden",2,1728-12-25 16:00:00
305,"wallis, läne, drury, begibet, invernes",3,1728-12-25 16:00:00
308,"schneiderns, stökl, schneidermeist, wimmer, caspar",2,1728-12-25 16:00:00
311,"stamenten, codicillen, materia, vorfallen, klärlich",1,1728-12-25 16:00:00
313,"1730, 1729, versailles, februarii, wien",3,1728-12-25 16:00:00
321,"convocationen, fink, beschehenes, verlassenschaften, 28sten",1,1728-12-25 16:00:00
324,"untergangen, lichts, zierlichst, geniesse, künstlicher",3,1728-12-25 16:00:00
328,"servien, löbl, aus, bourne, reitenauer",1,1728-12-25 16:00:00
332,"livres, bezahlen, lassen, pcto, überkommener",1,1728-12-25 16:00:00
342,"residentz, febr, haupt, wien, stadt",1,1728-12-25 16:00:00
344,"exercitien, hungarn, pfaltz, littau, perfecten",3,1728-12-25 16:00:00
346,"lehnen, verheirateten, bruderschaftlichen, publicationen, ausleihen",1,1728-12-25 16:00:00
347,"sinzig, pfältzischen, marti, chur, alhiesigem",2,1728-12-25 16:00:00
355,"dinten, hotham, reichsfreyherrl, schmier, urin",2,1728-12-25 16:00:00
356,"würdigst, regieret, ungefähr, ruhm, halb",1,1728-12-25 16:00:00
359,"verschnittener, fänger, klingen, vergoldter, deshalben",1,1728-12-25 16:00:00
361,"immerdar, sorge, gröste, dank, sagen",1,1728-12-25 16:00:00
363,"continuation, künftigfolgetmehrere, künftig, folget, fortsetzung",2,1728-12-25 16:00:00
364,"mühlberg, 30000, bevorstehenden, gehet, beständig",1,1728-12-25 16:00:00
367,"thol, ca, preuss, preussis, thlr",3,1728-12-25 16:00:00
370,"untersuch, allweg, bestraf, einraumen, schärfe",1,1728-12-25 16:00:00
375,"vorbehaltung, abstehe, prætensionenpraetensionen, chenden, kräf",1,1728-12-25 16:00:00
376,"astronomis, univesität, astrononimi, prognosticiret, comet",1,1728-12-25 16:00:00
384,"fischen, riviere, käuferns, erlu, stigten",2,1728-12-25 16:00:00
396,"brachtunderwartetderengländische, auszuwechseln, gegeneinander, sevillien, brancas",1,1728-12-25 16:00:00
399,"lauban, amtsverwaltung, louisiana, erwehn, directoren",1,1728-12-25 16:00:00
400,"serl, kai, kais, kumin, ludov",1,1728-12-25 16:00:00
407,"ohngegärbte, häute, 1180, küh, ochsen",1,1728-12-25 16:00:00
409,"würdigen, schotten, stifts, frauen, gottes",1,1728-12-25 16:00:00
418,"klose, kirchbüchler, fabian, einneh, steuer",1,1728-12-25 16:00:00
426,"dobi, aufhaltend, damalen, advocat, vat",1,1728-12-25 16:00:00
427,"erinneren, fleissiger, nachzukommen, euch, wollen",1,1728-12-25 16:00:00
436,"majest, jhre, jhro, jh, nunmehrigen",1,1728-12-25 16:00:00
444,"dillmannischen, obenauf, stephan, leopold, elisabeth",1,1728-12-25 16:00:00
447,"bezoarstein, arrobesarchiote, pfund, beutel, fürstl",1,1728-12-25 16:00:00
456,"mufti, bassa, dritten, fehl, rest",1,1728-12-25 16:00:00
461,"rom, fernerer, währenden, aprilis, mart",2,1728-12-25 16:00:00
473,"vorgestern, königl, gestern, ist, printzes",1,1728-12-25 16:00:00
475,"riemer, schuster, frantz, riegele, ritschel",1,1728-12-25 16:00:00
476,"schild, nachricht, löschenkohl, signat, meldbrief",1,1728-12-25 16:00:00
478,"herauslieferung, forderenden, reguliret, magazins, interessenten",1,1728-12-25 16:00:00
489,"gassen, zoll, nigl, kö, jn",1,1728-12-25 16:00:00
494,"bunden, unge, kostet, schwachs, mitlm",1,1728-12-25 16:00:00
495,"medaille, bildnuss, vergoldet, kupfer, gestochenen",1,1728-12-25 16:00:00
496,"oesterr, wilh, oester, altes, eisen",1,1728-12-25 16:00:00
502,"verfügenaldaderoandacht, tzing, carthäuseren, liebte, einzugs",2,1728-12-25 16:00:00
503,"durchl, jhre, düpont, jubil, sephst",2,1728-12-25 16:00:00
504,"kochens, artner, antoni, pflug, golden",1,1728-12-25 16:00:00
506,"maxim, schreibet, kaiser, kaiserl, fisciadjunctus",1,1728-12-25 16:00:00
514,"schil, würkl, schuhm, schäl, schich",1,1728-12-25 16:00:00
515,"stralen, horizont, nord, sterne, liecht",6,1728-12-25 16:00:00
516,"lösen, häpp, braitenbrunn, gefernet, jährlich",1,1728-12-25 16:00:00
517,"jahr, nürnb, dean, nordmark, wirtens",1,1728-12-25 16:00:00
518,"bierer, willkur, chirurgi, beamter, neuigkeit",1,1728-12-25 16:00:00
524,"benedicto, xiii, benedicti, allerheilig, heiligkeit",3,1728-12-25 16:00:00
525,"ausgedruckten, einziehung, kürzer, flin, röhre",1,1728-12-25 16:00:00
531,"erstlichen, hieran, vollziehet, meinung, willen",2,1728-12-25 16:00:00
536,"weinschenk, elias, albert, andre, schuster",1,1728-12-25 16:00:00
538,"inne, meistens, hindurch, ta, zimmern",1,1728-12-25 16:00:00
557,"eignet, dreyfaltig, eiferig, völkerschaften, gefangener",1,1728-12-25 16:00:00
561,"scriptor, marianus, encomiastes, deiparædeiparae, mortales",2,1728-12-25 16:00:00
564,"mäuten, dreyssigst, emer, betrachten, bruck",1,1728-12-25 16:00:00
568,"kisslisches, koch, buch, rosenbergers, graf",1,1728-12-25 16:00:00
-1,"hungarn, deutschen, juden, majestät, raht",558,1730-07-27 20:00:00
0,"regimentern, regiment, regimenter, jpern, paradirten",21,1730-07-27 20:00:00
1,"amstelodami, görne, würkl, kreutzer, kutsche",4,1730-07-27 20:00:00
2,"schiffe, flotte, gallionen, manoel, schiffen",16,1730-07-27 20:00:00
3,"cardinal, kirche, kirchen, procession, nentz",23,1730-07-27 20:00:00
4,"reiche, paar, silber, ducaten, stuk",7,1730-07-27 20:00:00
5,"marquis, michols, gunter, hosenband, jrrlän",9,1730-07-27 20:00:00
6,"russische, russland, castellan, türken, russischen",17,1730-07-27 20:00:00
7,"königl, kömgl, thom, elis, ",2,1730-07-27 20:00:00
8,"carthäuseren, geblieben, arbeits, pack, pallast",2,1730-07-27 20:00:00
9,"pferde, überigen, stall, bedienten, spoleti",8,1730-07-27 20:00:00
10,"erdbeben, schaden, regen, wasser, eingeschlagen",12,1730-07-27 20:00:00
11,"abgehauen, verurtheilet, execution, bühne, irreten",5,1730-07-27 20:00:00
12,"welb, paternoster, buchbindern, bibliothec, gässel",2,1730-07-27 20:00:00
13,"actui, schommartz, eloquenz, zugestos, sener",1,1730-07-27 20:00:00
14,"villaseca, einbringende, martyrem, denss, lateranensi",3,1730-07-27 20:00:00
16,"dir, segne, erdbebens, aufrichtig, dich",5,1730-07-27 20:00:00
18,"brunst, feuers, feuer, bibliothequen, flammen",8,1730-07-27 20:00:00
19,"vordauren, dännemark, daurende, verwei, einzutreffen",2,1730-07-27 20:00:00
20,"durchl, maut, sehen, wilh, guardarobba",14,1730-07-27 20:00:00
21,"hamptoncour, familie, gehen, nacher, sollen",1,1730-07-27 20:00:00
22,"majest, ma, , , ",12,1730-07-27 20:00:00
23,"1731, anno, infol, kedingen, herangekommen",14,1730-07-27 20:00:00
24,"tibi, terræmotûsterraemotûs, benedicat, impetu, dominus",4,1730-07-27 20:00:00
31,"casse, 600000, 100000, hülfs, 10000",3,1730-07-27 20:00:00
35,"betttages, jnsuls, kew, mittag, einnahmen",6,1730-07-27 20:00:00
37,"löwenwolde, gustav, kinsky, russ, wohnet",2,1730-07-27 20:00:00
38,"churfürstl, digster, gnä, gnädigster, chur",3,1730-07-27 20:00:00
39,"aufgezogen, sul, habit, fischer, gekom",2,1730-07-27 20:00:00
42,"gerechteste, herherren, erforderten, unterschriebenen, gewünschet",3,1730-07-27 20:00:00
43,"doncarlos, infanten, ziemliche, summa, ausländer",1,1730-07-27 20:00:00
44,"gerähtes, bisscotten, schifen, corfù, segelten",1,1730-07-27 20:00:00
45,"anonimum, speculi, fris, authorem, vogels",1,1730-07-27 20:00:00
47,"6ten, mjttwoch, dienstags, kame, junii",2,1730-07-27 20:00:00
53,"spital, 29, burger, 27, 28",1,1730-07-27 20:00:00
55,"königl, und, möstl, kopp, kugler",3,1730-07-27 20:00:00
63,"thore, miasnitzkischen, torredemoncorve, freixo, gorod",2,1730-07-27 20:00:00
64,"importante, ausrechnung, koste, tha, kupfer",1,1730-07-27 20:00:00
65,"türken, ordeville, persien, mahmet, persier",3,1730-07-27 20:00:00
68,"29sten, hielte, donnerstag, november, novemb",1,1730-07-27 20:00:00
70,"marstalls, 79sten, alters, seines, grossen",1,1730-07-27 20:00:00
72,"kais, nachdrüklichen, worten, serl, kai",4,1730-07-27 20:00:00
75,"meiland, januarii, mei, july, augusti",1,1730-07-27 20:00:00
77,"dito, peitz, monarch, belustigte, mittag",8,1730-07-27 20:00:00
78,"gabet, heyrats, einfallet, mägden, bend",1,1730-07-27 20:00:00
81,"derselbige, oberwehnten, beschaffenheit, kaiserl, jhre",3,1730-07-27 20:00:00
84,"nuntius, monsignordelci, picpus, lanti, päpstlicher",3,1730-07-27 20:00:00
86,"catechismus, feyertägliche, christlich, dentliche, catholischer",1,1730-07-27 20:00:00
88,"commissions, decreten, cokpit, erinnerlich, commissarien",4,1730-07-27 20:00:00
89,"consiliario, saltzburg, magistrat, nec, theol",3,1730-07-27 20:00:00
90,"buchdruckerey, ghelen, ball, deutschen, freyheit",3,1730-07-27 20:00:00
93,"excell, sonderist, ehret, bewirtet, ebenfals",2,1730-07-27 20:00:00
94,"jetzigen, jhrer, kaiserl, joseph, regierende",1,1730-07-27 20:00:00
96,"salzbürg, glaubwürdig, geringer, bracht, hinter",1,1730-07-27 20:00:00
100,"hochfürstl, 17den, gnädigste, hochgräfl, seynd",3,1730-07-27 20:00:00
101,"präsenten, eingekauffet, curiose, amsterdam, holland",1,1730-07-27 20:00:00
102,"hertzogferdinanddas, venerabile, gleitet, bezirk, gewöhnlicher",2,1730-07-27 20:00:00
105,"gimenter, jnfanterie, re, königl, als",1,1730-07-27 20:00:00
106,"nusse, achtnehmung, danunauch, ungewisse, gewichts",1,1730-07-27 20:00:00
107,"cathol, javanisch, cattunen, garn, und",15,1730-07-27 20:00:00
110,"expresser, briefschaften, james, chesterfield, waldgrave",3,1730-07-27 20:00:00
111,"asburnham, bentley, cere, dichte, monien",3,1730-07-27 20:00:00
114,"febr, februarii, constantinopel, teutschland, kamen",3,1730-07-27 20:00:00
117,"aprilis, april, samstag, montag, genua",1,1730-07-27 20:00:00
119,"2765, 2152, ro, ausmass, 2788",2,1730-07-27 20:00:00
127,"königsgrätz, gewichenen, verwechselt, prag, zeitliche",1,1730-07-27 20:00:00
128,"ukasen, gerichten, verbrechenden, ungerechtigkeitenzu, eingegebenen",3,1730-07-27 20:00:00
129,"ohnzertheilt, eheliche, töchter, ermanglung, hinterlassene",1,1730-07-27 20:00:00
131,"erfreu, traffe, prinzessin, zessin, bunden",1,1730-07-27 20:00:00
132,"kaiserl, kaisersthée, kaiserspit, 69, 43",5,1730-07-27 20:00:00
134,"bolton, carnevals, belustigungen, speisete, tzog",3,1730-07-27 20:00:00
137,"reisete, monsign, sardinien, ruk, ihne",1,1730-07-27 20:00:00
142,"madrid, spanien, april, aus, lateinischen",1,1730-07-27 20:00:00
144,"hautzenbergis, zanconische, gaun, oberwehnte, chem",1,1730-07-27 20:00:00
150,"decemb, regenspurg, teutschland, octob, anhang",1,1730-07-27 20:00:00
157,"chily, seyeund, grundhabe, dichtet, erschröklichen",1,1730-07-27 20:00:00
167,"regulas, sub, verordnung, löbl, hochlöbl",1,1730-07-27 20:00:00
172,"cath, stief, eva, , ",2,1730-07-27 20:00:00
174,"grävenitz, witgenstein, leining, excellentien, nerstage",1,1730-07-27 20:00:00
175,"ferdinand, ferdinandi, eleonoræeleonorae, corporischristi, stifterin",2,1730-07-27 20:00:00
176,"elis, jacobi, verehret, harder, elion",1,1730-07-27 20:00:00
180,"ausgezogener, göbel, lergnädigster, saltzburger, commissarium",1,1730-07-27 20:00:00
183,"währschaft, münnich, dahingegen, orden, verlangen",2,1730-07-27 20:00:00
186,"ordentlichundglüklichabgelofen, schweitzerland, rheinthal, mertz, ansonsten",1,1730-07-27 20:00:00
193,"entschlaffene, selig, adeliche, frau, dame",2,1730-07-27 20:00:00
194,"hertzo, ertz, gubernantin, gin, hertzogin",2,1730-07-27 20:00:00
196,"königl, seine, königi, thrones, throne",1,1730-07-27 20:00:00
197,"wornach, hüten, schaden, gebührend, beobachten",1,1730-07-27 20:00:00
198,"jhjhre, beschri, vorig, benen, verfügte",1,1730-07-27 20:00:00
200,"juden, röcke, lätze, camisöler, weibes",3,1730-07-27 20:00:00
203,"infant, sundheit, vollkommener, setzet, abgereiset",1,1730-07-27 20:00:00
215,"deserteurs, patent, nen, kaiserl, de",1,1730-07-27 20:00:00
220,"bill, gelesen, andernmal, befohlen, mitt",5,1730-07-27 20:00:00
224,"kaiserl, jhre, jhro, altere, geruheten",6,1730-07-27 20:00:00
232,"kaiserl, der, unterzeichtet, sechszehen, tripolis",1,1730-07-27 20:00:00
236,"königl, der, kauzley, niver, nois",1,1730-07-27 20:00:00
237,"sterl, viii, , , ",1,1730-07-27 20:00:00
243,"doct, chirurgus, morand, hæmorragiamhaemorragiam, chelsenden",2,1730-07-27 20:00:00
245,"jhre, königl, kasp, komp, dressden",1,1730-07-27 20:00:00
248,"creis, westphälischen, rheinisch, dachtem, weiten",1,1730-07-27 20:00:00
262,"exemplaria, exemplar, verleger, diarii, deutsche",1,1730-07-27 20:00:00
271,"krackau, meklenburg, ansehnlichen, polen, glüklich",1,1730-07-27 20:00:00
294,"cantzlers, würkl, kutsche, vice, amtskanzley",1,1730-07-27 20:00:00
297,"monser, 86sten, vo, monsig, rigen",1,1730-07-27 20:00:00
302,"machendie, bekehrete, abwendig, augspurg, religion",1,1730-07-27 20:00:00
304,"sultan, vizier, hinbey, ertödten, aufaufhöre",2,1730-07-27 20:00:00
305,"wallis, unddiegesammte, printzvon, majestätender, besichtigten",2,1730-07-27 20:00:00
309,"berlinische, unglaubliche, fahret, beywohnen, stalten",1,1730-07-27 20:00:00
313,"1731, alberts, delegatum, judicium, marggraf",4,1730-07-27 20:00:00
318,"abermahl, gerechtig, gerichten, ukase, handhabung",1,1730-07-27 20:00:00
334,"flandern, hulst, böss, wicht, gemeldter",1,1730-07-27 20:00:00
342,"viebahn, viereck, wien, sonntagspredigten, vergleichung",1,1730-07-27 20:00:00
343,"wienerisches, diarium, sintzendorf, jhrer, kaiserl",3,1730-07-27 20:00:00
347,"sangin, jwa, jaguschinski, mandai, nowjitz",5,1730-07-27 20:00:00
356,"bild, viele, jahr, also, wurde",1,1730-07-27 20:00:00
361,"danke, nachdrükliche, verminderung, verfügungen, kluge",1,1730-07-27 20:00:00
367,"thol, ca, preuss, preussis, thlr",1,1730-07-27 20:00:00
373,"buchdruckern, hof, holzversilb, holzapfel, impress",6,1730-07-27 20:00:00
375,"godert, gelittenen, stert, spanischen, reguliren",2,1730-07-27 20:00:00
378,"gestellet, fuss, fest, mann, durchl",2,1730-07-27 20:00:00
381,"orta, molfetta, bisceglia, trani, gespalten",2,1730-07-27 20:00:00
382,"maji, ihrs, dziali, merida, maiest",1,1730-07-27 20:00:00
385,"nigl, kö, wje, spricht, nigricant",1,1730-07-27 20:00:00
386,"juden, seidene, mäg, connivenz, gehörigem",1,1730-07-27 20:00:00
390,"martii, 1731, 22sten, unserer, frankreich",1,1730-07-27 20:00:00
396,"patinho, klagen, minister, secretario, conferenz",1,1730-07-27 20:00:00
397,"lnstrumenten, nimmet, sammenkunft, endiget, musicalischen",2,1730-07-27 20:00:00
399,"collegiat, commendanten, darnach, dasigem, burger",1,1730-07-27 20:00:00
402,"versprechung, geschikte, assistenz, augspurg, satzbrief",1,1730-07-27 20:00:00
407,"capel, sostomo, chry, daselbstiger, cistercienser",1,1730-07-27 20:00:00
412,"slabode, jausa, krasnje, miassnitzkischen, jechalo",1,1730-07-27 20:00:00
423,"phil, professus, philos, doct, kengires",1,1730-07-27 20:00:00
436,"majest, jhre, jhro, jh, nunmehrigen",1,1730-07-27 20:00:00
441,"jnsiegel, jsabella, getheilet, folio, handunterschrift",1,1730-07-27 20:00:00
467,"niger, erwehnter, hofes, we, durchl",1,1730-07-27 20:00:00
491,"gedrukt, ghelen, peter, kaiserl, wien",6,1730-07-27 20:00:00
514,"würkl, schuhm, schäl, schich, abök",2,1730-07-27 20:00:00
522,"rthlr, rthl, rthkr, , ",1,1730-07-27 20:00:00
524,"benedictio, emygdii, scholastica, mentem, benedicti",2,1730-07-27 20:00:00
530,"abgeschik, tunesiner, tunis, findliche, geloffen",1,1730-07-27 20:00:00
531,"ernstlicher, beschiehet, meinung, hieran, gnädigst",1,1730-07-27 20:00:00
532,"berlin, gemel, deten, anwesenden, ber",1,1730-07-27 20:00:00
533,"gaeta, carlo, abgesegelt, gart, zehend",1,1730-07-27 20:00:00
561,"georgiusbartholomæus, prælatus, ehrwürdig, helenopolis, domesticus",1,1730-07-27 20:00:00
570,"vorträg, übelen, gefährde, creutz, gecreutzigten",2,1730-07-27 20:00:00
573,"grumkow, gruber, grundbüchel, hofgreissl, grundemann",1,1730-07-27 20:00:00
-1,"ungarn, hungarn, alhier, deutschen, nacher",338,1732-02-27 00:00:00
0,"ungarn, erschossen, postirung, exempel, angeleget",16,1732-02-27 00:00:00
1,"benjuin, glaserns, cubeben, couris, gewerkschaftl",17,1732-02-27 00:00:00
2,"schiffe, uberfahrt, flotte, schiffen, see",22,1732-02-27 00:00:00
3,"quirinal, stuckador, rehlingen, pancratzi, oratorien",8,1732-02-27 00:00:00
5,"præses, præsent, hirzel, 4ten, vergnügens",7,1732-02-27 00:00:00
6,"stapel, russische, zessin, jacht, barschen",4,1732-02-27 00:00:00
9,"millonen, verehrte, rationen, 1676, frantzösisches",3,1732-02-27 00:00:00
10,"ungarn, feyertäg, ungewöhnliche, regens, fruchtbaren",1,1732-02-27 00:00:00
11,"rothrath, entflüchtet, keiche, tappet, attrapiret",3,1732-02-27 00:00:00
13,"schlesserns, heiss, schlitten, schneid, schmid",2,1732-02-27 00:00:00
14,"alazeda, cavajal, gravareal, marschalen, lemar",4,1732-02-27 00:00:00
15,"kriegsschifesofrechnicht, entbotte, britannis, anmerkung, beleidiget",1,1732-02-27 00:00:00
17,"wahrhaf, eigentumer, machet, serl, auskunft",1,1732-02-27 00:00:00
18,"saucissons, würste, tiverton, dienliches, aufzubauen",2,1732-02-27 00:00:00
19,"ukase, geheiss, nochma, lergnädigsten, senats",1,1732-02-27 00:00:00
20,"durchl, wilh, guardarobba, didak, se",9,1732-02-27 00:00:00
21,"uhrmacherischen, sarborough, bollwerk, repariren, neubau",2,1732-02-27 00:00:00
22,"majest, ma, , , ",1,1732-02-27 00:00:00
23,"1732, anno, ysabeau, eizutreffen, friderichsberg",6,1732-02-27 00:00:00
24,"freundt, felixillamarito, austriacuswiennensis, martinusantonius, professorisemeriti",2,1732-02-27 00:00:00
29,"schwärtzlin, pieringerin, stripfens, kiebergerin, eggerin",2,1732-02-27 00:00:00
31,"17100, 24500, 11000, 5700, 8000",7,1732-02-27 00:00:00
35,"wirtet, distinction, mahlzeit, herrliche, eingeladen",2,1732-02-27 00:00:00
36,"muscaten, zweigen, auszubesseren, palm, wolken",3,1732-02-27 00:00:00
37,"bottiglia, augustin, weil, johann, herrn",1,1732-02-27 00:00:00
38,"chur, fürstl, churfürstl, jhro, churfürsten",1,1732-02-27 00:00:00
39,"köings, königsberg, junii, jhrer, königl",2,1732-02-27 00:00:00
42,"decret, schweiget, pucelle, parlaments, zernich",3,1732-02-27 00:00:00
43,"optimoprincipi, reichend, tzende, ewas, summa",1,1732-02-27 00:00:00
44,"ukase, britannien, publiciret, londen, anhang",2,1732-02-27 00:00:00
47,"unein, derm, morgigen, gebunden, hiel",4,1732-02-27 00:00:00
48,"fässer, wein, wasser, mit, weine",1,1732-02-27 00:00:00
51,"procaccio, septembr, gedenket, monat, septemb",1,1732-02-27 00:00:00
54,"entschuldi, verdekten, geschahe, thompson, gemischet",2,1732-02-27 00:00:00
60,"cassa, verhelungen, ungesaumet, ausstände, zugezehlte",1,1732-02-27 00:00:00
61,"125419, 71219, 12427, 128000, 1872375",12,1732-02-27 00:00:00
72,"kais, demnach, jhre, serl, kai",1,1732-02-27 00:00:00
77,"dito, 24gsten, worü, desertiret, fiume",2,1732-02-27 00:00:00
78,"müntzen, brü, stein, undkan, sephs",4,1732-02-27 00:00:00
80,"forster, wolf, freyhrn, freyherrl, frey",1,1732-02-27 00:00:00
86,"catechismo, stehts, petricanisii, respectivèdechant, catechismus",3,1732-02-27 00:00:00
93,"tractir, excell, mittag, darauf, ten",1,1732-02-27 00:00:00
96,"schauffeln, zugraben, eingemachte, pickel, nüsse",2,1732-02-27 00:00:00
100,"waldmei, weyr, ster, gedachten, hochfürstl",1,1732-02-27 00:00:00
101,"120000, dernmal, amsterdam, holländisch, gesammelt",3,1732-02-27 00:00:00
106,"beförderlich, allemahl, ersuche, ergebenheit, nöh",1,1732-02-27 00:00:00
107,"cathol, javanisch, cattunen, garn, und",5,1732-02-27 00:00:00
108,"1700, 1753, 1751, 1752, 1750",1,1732-02-27 00:00:00
111,"allergöchste, belustig, dientzen, gestattete, anwiederum",1,1732-02-27 00:00:00
119,"81985, 882023, 389940, 982342, 80343",12,1732-02-27 00:00:00
126,"millnerin, verheyratet, eisenstadt, 1686, rosina",1,1732-02-27 00:00:00
127,"prag, briefen, berichtet, andern, jhre",1,1732-02-27 00:00:00
132,"kaiserl, kaisersthée, kaiserspit, 69, 43",1,1732-02-27 00:00:00
142,"cadix, spanien, martii, aus, madrid",1,1732-02-27 00:00:00
151,"excell, nürnberg, cont, 31, statt",1,1732-02-27 00:00:00
152,"dosen, goldene, gold, mach, wirt",1,1732-02-27 00:00:00
166,"xxii, imperatores, hungarn, diarii, wienerischen",1,1732-02-27 00:00:00
178,"säcke, böhmen, sand, kutsch, gebs",1,1732-02-27 00:00:00
183,"aufgetragen, hochfürstl, wor, sodann, jhro",1,1732-02-27 00:00:00
190,"bengalsche, cattunen, garn, catharina, cath",1,1732-02-27 00:00:00
193,"gräfin, selig, adeliche, dame, exequien",2,1732-02-27 00:00:00
194,"hertzoginnen, tä, andacht, ertz, heil",1,1732-02-27 00:00:00
198,"belustiegen, kinsington, hayn, pfingsten, reiger",2,1732-02-27 00:00:00
200,"juden, judentum, toulouze, rabbiner, abgeschworen",1,1732-02-27 00:00:00
202,"frühs, ansagern, eingewickelte, weme, phan",1,1732-02-27 00:00:00
206,"scharfen, rechnungen, straffe, setung, verfluch",2,1732-02-27 00:00:00
212,"20000, 20500, 21000, 40000, 24000",6,1732-02-27 00:00:00
220,"billen, stättigen, particular, waren, bill",1,1732-02-27 00:00:00
224,"kaiserl, jhre, jhro, altere, geruheten",1,1732-02-27 00:00:00
237,"sterl, viii, , , ",2,1732-02-27 00:00:00
240,"faschinen, schuhen, schuh, zoll, breit",1,1732-02-27 00:00:00
245,"körbe, schantz, jhre, königl, kasp",1,1732-02-27 00:00:00
247,"1810, 1798, krems, 1799, gezeichnet",1,1732-02-27 00:00:00
251,"parlaments, lettredecachet, ungesaumt, befelchs, ertheil",2,1732-02-27 00:00:00
258,"derventwa, schreiten, gütern, verkauf, längst",1,1732-02-27 00:00:00
261,"muhtwilligen, arrestiren, einhalt, thun, gefängnisse",1,1732-02-27 00:00:00
262,"inpersonoder, handgrafen, gevollmächtigten, deutsche, daraus",1,1732-02-27 00:00:00
266,"malax, siams, zinn, zimmergs, zoll",2,1732-02-27 00:00:00
268,"parlament, versichertedazudas, versammelungen, thompson, disfalls",3,1732-02-27 00:00:00
279,"bremen, 15den, ses, durchl, diarium",1,1732-02-27 00:00:00
285,"durchl, jhre, jhro, joschay, sr",1,1732-02-27 00:00:00
292,"hochfürstl, landesfürstl, seine, landsfürstl, dass",1,1732-02-27 00:00:00
296,"entschlossene, guyenne, garon, uber, lagere",1,1732-02-27 00:00:00
301,"javanischen, cardemom, card, hungarn, kartenplänen",1,1732-02-27 00:00:00
303,"javonischen, caffee, caffeehaus, haarbeutelgewölbe, durchhaus",1,1732-02-27 00:00:00
305,"wallis, cumberland, gin, köni, fünf",1,1732-02-27 00:00:00
307,"zehneter, johahn, 1663, anno, 1658",1,1732-02-27 00:00:00
310,"hofmann, hanns, andre, holzinger, schmied",1,1732-02-27 00:00:00
311,"vermenget, unbillig, zweifle, vorgeschlagene, missfallen",1,1732-02-27 00:00:00
313,"1732, julii, wien, 1731, 1746",1,1732-02-27 00:00:00
323,"empfindlichkeit, äusseren, nation, solte, ihre",1,1732-02-27 00:00:00
333,"1950, 14den, dieselben, junii, 1765",1,1732-02-27 00:00:00
344,"unseren, sonder, directorialprætendenten, proprietarien, engagiren",2,1732-02-27 00:00:00
345,"centner, pulfer, inpulvere, pulver, sandbeeren",1,1732-02-27 00:00:00
350,"königl, der, dem, von, ",1,1732-02-27 00:00:00
351,"hungarn, doncornecho, reichenstein, alge, versammelung",2,1732-02-27 00:00:00
353,"pfeffer, stamp, pfründl, perlen, perl",4,1732-02-27 00:00:00
362,"magd, fehringerin, wit, alt, ",1,1732-02-27 00:00:00
367,"thlr, thol, preuss, preussis, ca",1,1732-02-27 00:00:00
373,"buchdruckern, hof, holzversilb, holzapfel, impress",2,1732-02-27 00:00:00
397,"zurüfungen, unglaublich, dje, auszuführen, spaniern",1,1732-02-27 00:00:00
404,"math, calculat, kind, alt, ",1,1732-02-27 00:00:00
426,"fraula, rahtsherrindemhohen, blichen, 5ter, ludwigs",1,1732-02-27 00:00:00
436,"majest, jhro, jhre, jh, nunmehrigen",1,1732-02-27 00:00:00
439,"schw, , , , ",2,1732-02-27 00:00:00
441,"javonischen, jndigo, jnsiegel, jsabella, getheilet",1,1732-02-27 00:00:00
471,"malabarischen, dito, divertirten, calender, eingebunden",1,1732-02-27 00:00:00
491,"gedrukt, ghelen, hinterlassene3, petervan, pantzens",2,1732-02-27 00:00:00
494,"minireren, schwachs, mitlm, klein, lessing",1,1732-02-27 00:00:00
496,"obmann, eisen, oesterreich, oesterr, wilh",1,1732-02-27 00:00:00
509,"kaiserl, kaisers, excellenz, der, majest",1,1732-02-27 00:00:00
511,"brocat, confisci, saamen, tzösischen, sarg",1,1732-02-27 00:00:00
519,"hartleutner, einleger, wolf, original, gewest",1,1732-02-27 00:00:00
527,"diamant, roher, ringen, diamanten, ring",2,1732-02-27 00:00:00
530,"bereischaft, algiers, bombardiren, wisen, wofern",1,1732-02-27 00:00:00
558,"schröffl, gottlieb, kaiserl, ware, feyerer",1,1732-02-27 00:00:00
576,"durchl, leipz, neefe, querfol, damn",1,1732-02-27 00:00:00
-1,"hungarn, dantzig, julii, böhmen, marschall",657,1733-09-28 04:00:00
0,"hungarn, regiment, armee, truppen, lager",85,1733-09-28 04:00:00
1,"pohlnis, mich, schmertzet, meris, oskierka",22,1733-09-28 04:00:00
2,"schiffes, admiral, gordon, schiffe, nonen",8,1733-09-28 04:00:00
3,"augustum, heiligkeit, kirche, quirinal, aposteln",15,1733-09-28 04:00:00
4,"tolfa, pysang, parthenfeldischen, gärtnern, jochamburg",5,1733-09-28 04:00:00
5,"königl, perden, lumley, berkley, unterwirft",17,1733-09-28 04:00:00
6,"russischen, russische, türken, russ, russen",74,1733-09-28 04:00:00
7,"königl, kömgl, thom, elis, ",5,1733-09-28 04:00:00
8,"riechendem, künstlicher, wände, ausgezieret, bildhauer",2,1733-09-28 04:00:00
9,"pferden, pferd, eingekommendassmanauf, untergelegten, leichterte",8,1733-09-28 04:00:00
10,"radon, vergleichlich, auspoitret, ununvergleichlich, enbataillonquare",3,1733-09-28 04:00:00
11,"europæereuropaeeralseinheimischeodersclaven, grassirte, conferirten, tavia, ausgestorben",3,1733-09-28 04:00:00
12,"christophorischen, vendre, congregationes, nudow, sieur",2,1733-09-28 04:00:00
13,"ossolinski, schönbeck, schatz, ærariisanitatis, breczyckischer",10,1733-09-28 04:00:00
14,"cederbielke, peiroute, rellota, ernenneten, geigerns",12,1733-09-28 04:00:00
15,"schadlos, frankreich, französischen, belagerung, particular",8,1733-09-28 04:00:00
16,"ding, memorare, religioncommanditen, peccabis, æternumaeternum",6,1733-09-28 04:00:00
17,"anmuthungen, unzahlbarer, abstattet, schuldigkeit, steuer",1,1733-09-28 04:00:00
18,"feuer, stillstande, gottorf, feuers, nacht",10,1733-09-28 04:00:00
19,"schwedische, schweden, briesschaften, jüttland, donop",8,1733-09-28 04:00:00
20,"durchl, se, wilh, didak, guardarobba",23,1733-09-28 04:00:00
22,"majest, ma, , , ",6,1733-09-28 04:00:00
23,"1734, anno, exanno, leinwad, aufgezogen",10,1733-09-28 04:00:00
24,"continvoqve, mox, repello, fatalia, cvncta",1,1733-09-28 04:00:00
28,"bancas, malacca, pfundseidevon, 62015, bengale",1,1733-09-28 04:00:00
29,"gatterburgisch, kräntzelbinderisch, sophia, anna, maria",2,1733-09-28 04:00:00
30,"träget, reguliren, fal, anzurechnen, russ",1,1733-09-28 04:00:00
31,"thée, pfund, 79656, 25817, 157476",3,1733-09-28 04:00:00
35,"nigl, vorgestern, kö, gegen, uhr",1,1733-09-28 04:00:00
36,"dinigsteiner, thalischen, sauer, frische, blumen",1,1733-09-28 04:00:00
37,"christopher, münnich, burghard, graf, cardinälens",5,1733-09-28 04:00:00
38,"churfürstl, churf, pohlen, poh, majestät",6,1733-09-28 04:00:00
39,"coppenhagner, jhro, übet, hochgedacht, königl",6,1733-09-28 04:00:00
40,"frantzosen, platte, frantzösischen, frantzösische, überläuffer",13,1733-09-28 04:00:00
42,"ungesäumet, redlichen, meldte, schuldige, digsten",1,1733-09-28 04:00:00
44,"britannien, londen, gross, bestünde, duynkirchen",4,1733-09-28 04:00:00
45,"papier, ordinari, regal, gedrukt, fein",53,1733-09-28 04:00:00
47,"ruckete, 13den, sonntag, junii, montag",6,1733-09-28 04:00:00
50,"guarantirte, anfrag, piere, specialiter, kaunitzischen",2,1733-09-28 04:00:00
54,"römisch, kaiserl, der, römischen, rom",1,1733-09-28 04:00:00
55,"königl, und, möstl, kopp, kugler",4,1733-09-28 04:00:00
57,"raczymski, kruszycki, radziewsky, trembecki, gebeth",4,1733-09-28 04:00:00
63,"accordiret, jst, verkündigte, feyerl, alliirter",3,1733-09-28 04:00:00
64,"præstiretpraestiret, ungemeine, kupfern, deutlich, liebhabern",1,1733-09-28 04:00:00
65,"türken, persischen, türkische, türkischen, pforte",8,1733-09-28 04:00:00
72,"serl, kai, kais, klärlich, caracter",3,1733-09-28 04:00:00
75,"augustiii, pohlen, july, augusti, maynstrom",1,1733-09-28 04:00:00
77,"universisät, clariss, alhie, uralt, dito",1,1733-09-28 04:00:00
80,"privilegia, bestättigen, heiten, wolle, frey",1,1733-09-28 04:00:00
81,"tägenàdato, schussbeck, kaiserl, angemerkten, palmischen",4,1733-09-28 04:00:00
82,"büsserin, magdalenæmagdalenae, mariæmariae, regierenden, donnerstag",1,1733-09-28 04:00:00
83,"conserviret, erschöpften, soulagirung, huldreichist, stadt",5,1733-09-28 04:00:00
88,"equipa, genossenen, abziehen, commissarius, völkern",1,1733-09-28 04:00:00
90,"linski, schenke, michaeler, bie, deutschen",3,1733-09-28 04:00:00
93,"excell, bös, wichtern, zuschriften, verwegenheit",5,1733-09-28 04:00:00
94,"mjttwoch, regierende, kaiserl, beede, julii",2,1733-09-28 04:00:00
95,"vier, granadiers, pagen, kammer, pferde",2,1733-09-28 04:00:00
99,"gebrüdere, licit, amort, essenzen, pöllin",1,1733-09-28 04:00:00
100,"gräfl, hoch, zwischen, jhro, hochfürstl",1,1733-09-28 04:00:00
102,"kärntnerstrass, haar, alt, stadt, vor",3,1733-09-28 04:00:00
105,"adjutant, gurowsky, dächel, soldatens, delamotte",5,1733-09-28 04:00:00
107,"cathol, javanisch, cattunen, garn, und",4,1733-09-28 04:00:00
109,"miaskowski, wolodkowicz, sierakowsky, miaskowsky, makcewicz",11,1733-09-28 04:00:00
110,"geschwaders, marquisdeplelo, casteja, volontair, gesandte",1,1733-09-28 04:00:00
111,"abuzgehen, friedrichsstadt, gottorf, kostbares, kehrte",4,1733-09-28 04:00:00
114,"febr, wien, februarii, den, februar",1,1733-09-28 04:00:00
115,"procento, sterling, saltz, vollständig, pfund",1,1733-09-28 04:00:00
122,"czaar, erbauen, josephstadt, verstorbene, peter",2,1733-09-28 04:00:00
127,"böhmen, ausgange, prag, moldau, angewachsen",1,1733-09-28 04:00:00
129,"eltern, betrauren, betrauret, trauer, ehemann",6,1733-09-28 04:00:00
132,"kaiserl, kaisersthée, kaiserspit, 69, 43",3,1733-09-28 04:00:00
134,"horiam, hohh, hofer, bürgerl, päbstl",1,1733-09-28 04:00:00
137,"sardinien, novarra, turin, nehmend, läge",2,1733-09-28 04:00:00
144,"münsterberg, frankenstein, fürsten, commissarien, schlesien",1,1733-09-28 04:00:00
151,"excell, nürnberg, cont, 31, statt",6,1733-09-28 04:00:00
152,"wendl, arbeiterns, gold, franz, mach",1,1733-09-28 04:00:00
155,"danke, häupter, nahe, jedem, stande",1,1733-09-28 04:00:00
156,"vermeintes, pahn, palmische, vorbedeuter, ausgestellter",1,1733-09-28 04:00:00
160,"hauses, hauptm, hausfr, hauskn, meixners",1,1733-09-28 04:00:00
166,"hungarn, diarii, wienerischen, verleger, armisonum",4,1733-09-28 04:00:00
172,"cath, stief, eva, , ",1,1733-09-28 04:00:00
174,"tornpflicht, cronstedt, adlerfeld, dürring, stiernstedt",1,1733-09-28 04:00:00
176,"elis, harder, elion, jacobi, aria",2,1733-09-28 04:00:00
178,"trembecky, böhmen, kutsch, gebs, krankend",1,1733-09-28 04:00:00
181,"krosinski, kleebinder, krayslisches, spiegelritter, kohlischer",1,1733-09-28 04:00:00
182,"gastir, freitage, läutet, oglethorpe, missarien",1,1733-09-28 04:00:00
186,"kynast, semper, baumgartner, misericordiæmisericordiae, kutscherns",2,1733-09-28 04:00:00
190,"frützin, macherisch, catharina, handschuh, wittwe",1,1733-09-28 04:00:00
193,"marchesinstrozza, marchesinferreri, selig, adeliche, schlaffene",1,1733-09-28 04:00:00
194,"beywohnete, hertzogin, ertz, böhmen, hertzo",1,1733-09-28 04:00:00
196,"königl, die, königi, thrones, seine",1,1733-09-28 04:00:00
197,"diesfals, wornach, invigiliren, zeitlich, richten",1,1733-09-28 04:00:00
198,"mjttwoch, julii, jhre, kaiserl, haben",1,1733-09-28 04:00:00
216,"strzetuski, strawinsky, strawinski, joseph, strodl",3,1733-09-28 04:00:00
221,"castellan, warschau, polen, wessel, wesel",2,1733-09-28 04:00:00
230,"eingestellet, resolution, capitulation, sogleich, gehalten",1,1733-09-28 04:00:00
231,"29sten, junii, juni, bewilligung, juli",1,1733-09-28 04:00:00
237,"viii, sterl, , , ",2,1733-09-28 04:00:00
244,"marschalls, feld, general, hochgräfl, hochfürstl",12,1733-09-28 04:00:00
251,"33sten, verschoben, versammelten, dis, parlaments",1,1733-09-28 04:00:00
263,"blas, oeuv, , , ",1,1733-09-28 04:00:00
279,"wienerisches, diarium, wiener, zeitung, nachtrag",1,1733-09-28 04:00:00
284,"farben, annanas, stuck, gesprengte, annehmlichkeit",1,1733-09-28 04:00:00
285,"sr, durchl, tambour, münnich, herüber",3,1733-09-28 04:00:00
287,"mitternacht, gedauret, blieben, nöhtige, action",3,1733-09-28 04:00:00
290,"parthenfeld, horatii, 1734, hrn, hindurch",1,1733-09-28 04:00:00
296,"schusser, weichselmünde, uber, langet, ordre",1,1733-09-28 04:00:00
297,"monsig, erhielte, sonntags, gedachter, mons",1,1733-09-28 04:00:00
310,"horiam, anton, johann, holzinger, hofmann",1,1733-09-28 04:00:00
313,"1734, 20sten, berlin, julii, may",2,1733-09-28 04:00:00
318,"redoute, defendirung, crochets, fortgese, retrenchement",2,1733-09-28 04:00:00
322,"audientz, gelassen, zur, audienz, publikum",1,1733-09-28 04:00:00
343,"andrehohbotn, hüller, kheven, kaiserl, ser",2,1733-09-28 04:00:00
347,"pohlen, chur, churfürstl, fürstl, sächsisschen",9,1733-09-28 04:00:00
351,"grum, langenfuhr, sasper, retrenschement, fortgefahren",1,1733-09-28 04:00:00
355,"richlisky, reichsfreyherrl, reichsgräfl, amtskanzley, kotilli",1,1733-09-28 04:00:00
361,"euch, woler, entferne, danke, unglücke",1,1733-09-28 04:00:00
363,"künftigfolgetdie, continuation, fortsetzung, folgt, künftig",1,1733-09-28 04:00:00
369,"hinwiederumen, sicheret, privilegia, freyheiten, invigiliren",1,1733-09-28 04:00:00
373,"buchdruckern, hof, holzversilb, holzapfel, impress",4,1733-09-28 04:00:00
376,"datumùtsuprà, iunii, venus, jupiter, stralen",1,1733-09-28 04:00:00
378,"länge, fuss, breite, seine, hisp",1,1733-09-28 04:00:00
381,"2019, nicaner, bomben, beklagen, domi",1,1733-09-28 04:00:00
382,"dziali, ihrs, merida, maiest, maji",1,1733-09-28 04:00:00
384,"gesaltzenen, fischen, butter, theuer, fisch",1,1733-09-28 04:00:00
387,"imperial, ordinari, papier, gedruckt, kaiserl",1,1733-09-28 04:00:00
390,"1734, dantzig, dresden, lieben, teutschland",1,1733-09-28 04:00:00
397,"entliehenen, fürtreflichen, music, meistern, besten",1,1733-09-28 04:00:00
398,"rthl, 30000, insbesondere, bezahlet, endlich",1,1733-09-28 04:00:00
412,"brücke, brücken, böhmen, geschlagen, thaler",5,1733-09-28 04:00:00
419,"martinitz, mayerische, mayer, gläubiger, mayerey",1,1733-09-28 04:00:00
432,"weitläufigkeiten, setzte, nige, gelegenheit, ei",1,1733-09-28 04:00:00
438,"50000, 55000, exchequer, einzeich, zweite",2,1733-09-28 04:00:00
441,"jnsiegel, abgetheilet, theil, jn, jsabella",2,1733-09-28 04:00:00
444,"möcklin, riemeris, gestorben, gefallen, leopold",1,1733-09-28 04:00:00
450,"strand, hinaus, see, an, bewegung",1,1733-09-28 04:00:00
472,"hochlöblich, hochwürd, hochfürstl, hocherwehnte, gespannen",1,1733-09-28 04:00:00
476,"signat, nachricht, löschenkohl, meldbrief, sign",1,1733-09-28 04:00:00
477,"ebenfals, ansuchen, königl, ha, ben",2,1733-09-28 04:00:00
481,"julii, soissons, moniardin, joanneadamoott, preyserin",1,1733-09-28 04:00:00
489,"nigl, kö, areiern, alleuja, walsh",2,1733-09-28 04:00:00
491,"gedrukt, ghelen, peter, kaiserl, johann",3,1733-09-28 04:00:00
493,"leipzig, 13, julii, andere, mehr",1,1733-09-28 04:00:00
503,"durchl, jhre, nachdeme, düpont, jubil",2,1733-09-28 04:00:00
509,"kaiserl, kaisers, excellenz, der, majest",1,1733-09-28 04:00:00
519,"segn, vertreibe, ungwitter, wolfen, verlage",1,1733-09-28 04:00:00
522,"rthl, rthlr, rthkr, , ",1,1733-09-28 04:00:00
525,"disponiren, gefertigte, trenscheen, reiten, besehen",1,1733-09-28 04:00:00
530,"tunis, obschwebender, engeländische, getrei, ernde",1,1733-09-28 04:00:00
558,"decretum, guarantirten, renthen, allergnädig, intimiret",1,1733-09-28 04:00:00
566,"junii, langefuhr, dantzig, fortsetzung, diarii",7,1733-09-28 04:00:00
570,"danneine, anticipationvon800000, adpostulatum, postulatis, toto",1,1733-09-28 04:00:00
573,"grumkow, gruber, grundbüchel, hofgreissl, grundemann",1,1733-09-28 04:00:00
574,"erber, patre, antonio, theol, phil",1,1733-09-28 04:00:00
575,"kroatien, brief, defferiret, schussbeek, schussbeckischen",1,1733-09-28 04:00:00
579,"strande, recognosciren, trenscheen, strand, ritten",4,1733-09-28 04:00:00
-1,"bosnien, hungarn, mittag, borromeo, kirche",58,1738-07-01 16:00:00
2,"kriegs, schiffe, hafen, engländische, schiffen",10,1738-07-01 16:00:00
3,"kirche, reliquien, printz, altar, fidele",10,1738-07-01 16:00:00
4,"geschmuk, tabakiren, jndianischer, porcellan, daunischen",1,1738-07-01 16:00:00
7,"königl, kömgl, thom, elis, ",2,1738-07-01 16:00:00
11,"northamp, compton, einziger, ton, grafens",1,1738-07-01 16:00:00
18,"ausundwurdeandurchsehr, befundenes, wirtshauses, rotonda, verbrennlicher",1,1738-07-01 16:00:00
20,"durchl, wilh, guardarobba, didak, se",1,1738-07-01 16:00:00
22,"majest, ma, , , ",1,1738-07-01 16:00:00
23,"vembris, 1739, 1741, 1740, anno",2,1738-07-01 16:00:00
35,"djnstags, kame, uhr, königl, dieses",1,1738-07-01 16:00:00
40,"printzessin, festin, frantzösischen, begangen, künftigen",1,1738-07-01 16:00:00
44,"brittannien, künftige, londen, lotterie, jenner",1,1738-07-01 16:00:00
50,"lotterie, loosse, heraus, gezogen, lossen",2,1738-07-01 16:00:00
53,"burgerl, kessler, wolfgang, frantz, burgersp",2,1738-07-01 16:00:00
84,"carlmarchesgazzino, monsig, barbara, nuntius, nuntii",1,1738-07-01 16:00:00
86,"ntiphonen, heilsameste, werdung, unterweisungen, ehrern",1,1738-07-01 16:00:00
94,"gedacht, allerhöchst, kaiserl, jhre, regierende",1,1738-07-01 16:00:00
100,"abster, hochfürstl, jhro, ben, hof",1,1738-07-01 16:00:00
101,"derchl, lucia, belauffen, niederland, brüssel",1,1738-07-01 16:00:00
115,"sterlings, anwerb, 4890, schelin, halhalben",1,1738-07-01 16:00:00
120,"berahten, beyhülfs, 1740sten, beschwä, 28000",1,1738-07-01 16:00:00
137,"freigebigen, grosmütigen, volles, geschanknussen, immerwährendes",1,1738-07-01 16:00:00
166,"respectiv, diarii, quartal, wienerischen, vorhinein",1,1738-07-01 16:00:00
169,"minirt, ssigiährige, fortfah, belehren, rthl",1,1738-07-01 16:00:00
173,"benanntlich, donnerstags, fest, heil, dritten",1,1738-07-01 16:00:00
182,"feuerwerks, lips, zubereitungen, begehung, sorgfältig",1,1738-07-01 16:00:00
285,"durchl, jhro, joschay, sr, zelin",1,1738-07-01 16:00:00
289,"marchesencavriani, besichtigte, baute, steinerne, einfolglichen",1,1738-07-01 16:00:00
291,"1740, 1745, 1748, 1743, emmer",1,1738-07-01 16:00:00
297,"monsig, minister, mons, trouvent, chez",1,1738-07-01 16:00:00
304,"thänig, tarta, tyranneyen, beobachteter, abgesetzte",1,1738-07-01 16:00:00
348,"gial, colle, gesamten, stift, begleitet",1,1738-07-01 16:00:00
350,"königl, der, dem, von, ",1,1738-07-01 16:00:00
367,"thol, ca, preuss, preussis, thlr",1,1738-07-01 16:00:00
372,"krausen, nechst, ungebunden, paul, exemplar",1,1738-07-01 16:00:00
430,"mjttwoch, 1739, december, jhre, kaiserl",1,1738-07-01 16:00:00
432,"berührten, jedesmal, monsig, ankunft, weg",1,1738-07-01 16:00:00
562,"particu, gutach, vorgedachtes, lar, obere",1,1738-07-01 16:00:00
570,"illuminirter, christag, chste, trostrei, berleger",1,1738-07-01 16:00:00
-1,"hungarn, ungarn, böhmen, ertz, deutschen",1086,1740-01-31 20:00:00
0,"hungarn, husarn, regiment, leutenant, obrist",62,1740-01-31 20:00:00
1,"offentl, schnow, jtem, kaper, kramerns",47,1740-01-31 20:00:00
2,"schiffe, schiffen, schif, kriegs, admiral",65,1740-01-31 20:00:00
3,"kirche, türken, cardinal, bischöfl, kirchen",86,1740-01-31 20:00:00
4,"stoff, zockel, gold, adlern, füssen",15,1740-01-31 20:00:00
5,"königl, majestät, hierauf, unsterblichkeit, aufgeschlagenes",35,1740-01-31 20:00:00
6,"russische, russland, türken, russis, russ",19,1740-01-31 20:00:00
7,"königl, kömgl, thom, elis, ",3,1740-01-31 20:00:00
8,"wolgelegene, aufgängen, mobilirten, wölbern, mittleren",2,1740-01-31 20:00:00
9,"pferd, pferde, pferden, gardes, juwelenund",11,1740-01-31 20:00:00
10,"stürmigund, 2a, figen, augenblickliches, sturm",6,1740-01-31 20:00:00
11,"ermahnten, wrack, führerey, volkerischen, versuchet",4,1740-01-31 20:00:00
12,"buch, deutschen, pastini, ausführlichste, nicolaibion",4,1740-01-31 20:00:00
13,"cisterciens, schallnheim, schwerdsegerns, chrysostomi, hundslinger",6,1740-01-31 20:00:00
14,"crone, zurlincken, adriani, casanische, rolivi",12,1740-01-31 20:00:00
15,"antin, ausgeloffen, admirals, marches, brest",1,1740-01-31 20:00:00
16,"besonderem, begierigen, allgemeinem, heils, forcht",11,1740-01-31 20:00:00
18,"brand, häuser, johnsdorf, verstorbn, zuckmantel",4,1740-01-31 20:00:00
19,"jndostanische, ckenhausen, königj, wandtin, harling",3,1740-01-31 20:00:00
20,"durchl, wilh, guardarobba, didak, se",7,1740-01-31 20:00:00
21,"cronstädtischen, genömmen, botschaf, schallen, tzösischen",1,1740-01-31 20:00:00
22,"majest, ma, , , ",19,1740-01-31 20:00:00
23,"1741, anno, 1740, styræstyrae, styrae",14,1740-01-31 20:00:00
24,"missæmissae, magnifico, ords, anteriore, symphoniæsymphoniae",8,1740-01-31 20:00:00
26,"accurateste, mathematici, verhüllten, bieren, geschiklich",3,1740-01-31 20:00:00
27,"conclusum, summarisummarigerichtsgerichts, senatu, gefaster, schimpf",2,1740-01-31 20:00:00
28,"verwandtens, tuchlaubens, valenti, päpstl, gläubiger",2,1740-01-31 20:00:00
29,"maria, anna, cardinaf, fuxis, kunstin",5,1740-01-31 20:00:00
30,"anhefften, meldungen, sech, bedingnuss, nerhalb",1,1740-01-31 20:00:00
31,"4000, bermu, 1500000, fussgänger, 1000",9,1740-01-31 20:00:00
33,"bausin, rädel, währinger, liechtenth, clara",2,1740-01-31 20:00:00
35,"heiligk, mittag, halboffentl, bereutern, mittagsmahl",11,1740-01-31 20:00:00
36,"blumen, gärten, lust, spring, grass",9,1740-01-31 20:00:00
37,"graf, söldern, sternfeld, thann, montesanto",9,1740-01-31 20:00:00
38,"churfürstl, chufürstl, berits, gesandschaften, sehnlichen",4,1740-01-31 20:00:00
39,"jhro, königl, ausse, gewünschet, 22ten",7,1740-01-31 20:00:00
40,"frischungen, præpositopraeposito, kostbahren, function, sellschaft",2,1740-01-31 20:00:00
42,"boten, stube, constitution, tags, land",8,1740-01-31 20:00:00
43,"summa, darunter, personen, kind, thuri",4,1740-01-31 20:00:00
44,"abzustechen, ausserordentl, colchester, harwich, fehle",2,1740-01-31 20:00:00
45,"papier, überzogen, glat, schreib, decken",8,1740-01-31 20:00:00
47,"daselbft, card, sonntag, montag, 33sten",8,1740-01-31 20:00:00
48,"wein, trauben, macon, huebmann, dostler",4,1740-01-31 20:00:00
50,"lotterie, losse, 19ten, classe, class",9,1740-01-31 20:00:00
51,"septemb, umfassen, voluine, verschan, 14den",1,1740-01-31 20:00:00
53,"burgerl, simonaiff, jpditsch, weisskampf, heldt",7,1740-01-31 20:00:00
54,"seculo, rom, römischen, mafeofarsetti, gräbern",6,1740-01-31 20:00:00
55,"königl, und, möstl, kopp, kugler",8,1740-01-31 20:00:00
57,"danes, casletanos, carolivi, sudor, corio",6,1740-01-31 20:00:00
60,"strempflische, strempflischen, creditcreditpartheyen, superper, ermelt",1,1740-01-31 20:00:00
61,"4r, einunddiejachten, 962, 974, alalhier",2,1740-01-31 20:00:00
63,"trompeten, paucken, schall, hartschieren, dreymaliger",7,1740-01-31 20:00:00
64,"preisen, folio, unterschiedlichen, kupfern, bekommen",1,1740-01-31 20:00:00
65,"türken, bucharey, perser, persien, geriethe",6,1740-01-31 20:00:00
76,"bussù, mellicensis, gegenwärti, bened, ältesten",2,1740-01-31 20:00:00
77,"verfüg, acquaviva, dito, 19den, 20sten",2,1740-01-31 20:00:00
78,"marmel, stube, trauer, zieraten, leuchtern",8,1740-01-31 20:00:00
79,"rosenstingel, architecten, kunstreiche, gerüstes, bewerkstelliget",1,1740-01-31 20:00:00
80,"freyenthurn, wenser, adam, freyhrn, freyherrl",1,1740-01-31 20:00:00
81,"abbildung, selig, verstorbene, höchst, kaiserl",1,1740-01-31 20:00:00
82,"kaiserin, amalia, christina, tzoginnen, salesanerinnen",3,1740-01-31 20:00:00
83,"anermahnet, orrector, civitatis, inhabitantesinea, weissagung",2,1740-01-31 20:00:00
84,"nuntius, nuntio, monsig, schienenen, angstimmet",5,1740-01-31 20:00:00
86,"psalm, gebetter, neunztägige, arcanoëevangelica, ertägliche",3,1740-01-31 20:00:00
88,"jamaicanische, brown, commiss, fahrer, heisset",1,1740-01-31 20:00:00
90,"husarnregimenthier, gylanischen, durchgegensternbergzupassiret, gy, 224",1,1740-01-31 20:00:00
93,"langeten, excell, jngleichen, obbesagten, seine",1,1740-01-31 20:00:00
94,"verstor, benen, jhrer, kaiserl, jüngst",3,1740-01-31 20:00:00
95,"sie4, erhellet, daraus, vier, durchl",3,1740-01-31 20:00:00
100,"hochfürstl, hergogen, plimentirte, hochw, besing",5,1740-01-31 20:00:00
101,"niederland, holland, überfahren, brüssel, empfan",3,1740-01-31 20:00:00
102,"rott, wolzeil, anger, alt, stadt",4,1740-01-31 20:00:00
104,"conferentzen, unausgesetzt, vergehet, curriers, abgefertiget",1,1740-01-31 20:00:00
105,"chora, wade, san, leitner, commandiren",3,1740-01-31 20:00:00
107,"cathol, javanisch, cattunen, garn, und",13,1740-01-31 20:00:00
110,"965, puissegur, aufgeschobene, chetardie, gedunket",3,1740-01-31 20:00:00
111,"spatzieren, chaise, offenen, fuhren, jh",1,1740-01-31 20:00:00
113,"heiligk, benedictixiv, freyherrl, toisonisten, ligkeit",5,1740-01-31 20:00:00
114,"waalwyk, febr, ravenna, allda, februarii",2,1740-01-31 20:00:00
117,"aprilis, hochlöbl, künftigen, nächst, monats",1,1740-01-31 20:00:00
121,"anemoni, färbi, allerhand, artige, regenbogen",4,1740-01-31 20:00:00
122,"math, strassen, joseph, land, alt",2,1740-01-31 20:00:00
127,"böhmen, prag, bucharey, chorasan, berung",5,1740-01-31 20:00:00
129,"wichener, samtlich, brachte, einmal, kinder",1,1740-01-31 20:00:00
130,"gregorio, werner, franz, alt, weissmann",1,1740-01-31 20:00:00
131,"aufzuwarten, printzessin, nen, prinzessin, prinzessinnen",1,1740-01-31 20:00:00
132,"kaiserl, thun, kaiserspit, kaisersthée, 69",1,1740-01-31 20:00:00
134,"hoheit, hohh, hofer, bürgerl, päbstl",1,1740-01-31 20:00:00
135,"math, hunds, braunen, oberen, ton",2,1740-01-31 20:00:00
137,"fiorentino, pontedra, aufangs, empoli, miniato",4,1740-01-31 20:00:00
142,"rogi, repræsentatio, sacri, madrid, castro",3,1740-01-31 20:00:00
144,"grafen, althann, fürsten, vicomtederoccaberti, acastelvi",1,1740-01-31 20:00:00
149,"octob, 5ten, am, extrablat, octobris",1,1740-01-31 20:00:00
151,"excell, nürnberg, cont, 31, statt",2,1740-01-31 20:00:00
152,"liechtenth, löwen, frantz, goldenen, gold",1,1740-01-31 20:00:00
155,"botschaffteren, dinälen, wünschungs, ministeren, deshalben",2,1740-01-31 20:00:00
158,"venedig, torreggiani, natale, tino, verwechselt",1,1740-01-31 20:00:00
162,"tessarini, grammaticadimusica, rimini, geigen, titul",1,1740-01-31 20:00:00
163,"ungarn, schwäbischer, milien, verfasseten, hungaris",3,1740-01-31 20:00:00
164,"lupi, portugal, lisabon, anto, janeiro",1,1740-01-31 20:00:00
165,"frisee, bombardierer, crantz, schwebte, eingefast",2,1740-01-31 20:00:00
166,"hungarn, diarii, verleger, wienerischen, xxii",6,1740-01-31 20:00:00
170,"arunculen, orani, oranien, moni, ane",2,1740-01-31 20:00:00
173,"heil, endigte, bruderschaft, begabe, sonntags",3,1740-01-31 20:00:00
178,"ludov, böhmen, kutsch, gebs, krankend",1,1740-01-31 20:00:00
182,"castells, pallastes, abgefeuret, beleuchtet, wällen",1,1740-01-31 20:00:00
185,"schweitz, gescheiteret, fülltes, schwetzingen, jnsprug",2,1740-01-31 20:00:00
186,"hungarisch, theatralingenieurs, bibien, erfindun, gerüsten",5,1740-01-31 20:00:00
187,"sraf, sintzen, schatzmeister, rudolph, sigmund",1,1740-01-31 20:00:00
189,"syndicum, hamburg, neulich, frankfurt, deutschen",1,1740-01-31 20:00:00
190,"catharina, gerlettis, wiseris, cath, catholis",2,1740-01-31 20:00:00
193,"schitz, gräfin, entschlaffene, wratislau, xaverianischen",1,1740-01-31 20:00:00
194,"ertz, hertzogl, hertzogin, hertzo, vermählte",10,1740-01-31 20:00:00
196,"königl, seine, königi, thrones, die",3,1740-01-31 20:00:00
198,"anticamera, elisabethacristina, serordentlicher, blo, nay",3,1740-01-31 20:00:00
201,"seitenstätten, roman, löbl, abt, ordens",1,1740-01-31 20:00:00
202,"baillonparis, zifferblat, kettel, schmoltzenen, stahlenen",3,1740-01-31 20:00:00
203,"kinder, kind, darunter, mutter, brachm",1,1740-01-31 20:00:00
207,"tratte, 1700, leipzig, aufgehalten, hiesiger",1,1740-01-31 20:00:00
212,"giorgienti, disches, vernihmt, 2000, schwe",1,1740-01-31 20:00:00
215,"gedruktes, vicarium, patent, card, ro",1,1740-01-31 20:00:00
216,"stiftss, deputationen, vollstän, specification, versam",2,1740-01-31 20:00:00
221,"polen, warschau, beleuchtet, pohlen, gantze",1,1740-01-31 20:00:00
224,"kaiserl, jhre, jhro, altere, geruheten",5,1740-01-31 20:00:00
225,"regul, leopoldi, leopoldst, leopold, alt",1,1740-01-31 20:00:00
226,"dames, die, frauenstift, frauenstifts, frauenzimmer",1,1740-01-31 20:00:00
232,"kaiserl, der, unterzeichtet, sechszehen, tripolis",2,1740-01-31 20:00:00
235,"552, junii, 1785, wien, juden",1,1740-01-31 20:00:00
236,"ceremoniarii, gerüst, gran, hielte, königl",3,1740-01-31 20:00:00
238,"livorno, jtalien, febr, aus, auss",1,1740-01-31 20:00:00
241,"lederer, burgl, mathiassche, berl, horn",1,1740-01-31 20:00:00
242,"päpstl, geistlichkeit, priesters, priester, priest",4,1740-01-31 20:00:00
243,"doct, schwärtzlischen, chirurgum, erkundigeu, befreyten",5,1740-01-31 20:00:00
245,"zwölf, jhre, königl, kasp, komp",3,1740-01-31 20:00:00
250,"dicta, reutkn, reverendiss, pinckel, rectore",2,1740-01-31 20:00:00
251,"senats, geendigtem, erhuben, setzten, thron",1,1740-01-31 20:00:00
253,"scepter, schein, reichs, ständen, gekommen",2,1740-01-31 20:00:00
256,"hungarn, exempten, bened, melk, sters",2,1740-01-31 20:00:00
262,"staffetta, gewünschte, erfreuliche, deutsche, überbracht",1,1740-01-31 20:00:00
271,"durchlgste, hertzoginnen, mariamagalena, carolinische, mariaanna",2,1740-01-31 20:00:00
272,"schneiderns, rossau, ferdinand, garten, castoreum",1,1740-01-31 20:00:00
273,"korbitz, malaspina, hinwiederum, forst, wald",2,1740-01-31 20:00:00
274,"gefunden, kais, darauf, nied, gräflich",1,1740-01-31 20:00:00
276,"hertzogin, ertz, anna, maria, magdalena",1,1740-01-31 20:00:00
280,"adam, soldat, cken, strassen, untern",1,1740-01-31 20:00:00
282,"dennison, schwaders, clinton, capt, zum",1,1740-01-31 20:00:00
284,"farben, ebenbild, gesprangte, vorstehers, sehet",2,1740-01-31 20:00:00
288,"stadt, vor, der, thurm, ",1,1740-01-31 20:00:00
289,"rücke, auffahren, dorotheen, erbauenden, aufgerich",3,1740-01-31 20:00:00
291,"1740, 1745, 555, 1748, 1741",6,1740-01-31 20:00:00
294,"capt, william, schif, amtskanzley, freyherrl",1,1740-01-31 20:00:00
297,"monsig, mons, bewunderten, angerühmten, sessionen",10,1740-01-31 20:00:00
301,"card, hungarn, gienge, pastore, collecipoli",19,1740-01-31 20:00:00
305,"wallis, kennington, baltimore, surrey, aufseher",1,1740-01-31 20:00:00
308,"schneiderns, schneidermeist, schneiderm, schneider, eulog",1,1740-01-31 20:00:00
309,"pol, minister, tombara, stins, linsburg",4,1740-01-31 20:00:00
313,"1741, taufceremonien, 1731, neugebornen, vollbrachten",4,1740-01-31 20:00:00
324,"feyerl, ausgese, lichtern, wax, beleuchtet",2,1740-01-31 20:00:00
337,"starhembergis, kinds, jenner, frau, elbstrom",1,1740-01-31 20:00:00
342,"math, viertel, wien, alt, an",1,1740-01-31 20:00:00
343,"957, mayers, heim, kaiserl, wienerischen",3,1740-01-31 20:00:00
344,"comitat, botschaften, materbornisch, sogennanten, niedergeschla",3,1740-01-31 20:00:00
350,"königl, der, dem, von, ",6,1740-01-31 20:00:00
351,"rük, augustusburg, ausstehen, bonn, gekehret",2,1740-01-31 20:00:00
353,"spectabili, decano, pfründl, pfeffer, pflaster",1,1740-01-31 20:00:00
355,"zugegen, adel, reichsfreyherrl, reichsgräfl, amtskanzley",1,1740-01-31 20:00:00
361,"glückwünschungs, complimenten, empfangen, dank, abzustatten",1,1740-01-31 20:00:00
363,"continuation, folget, künftig, fortsetzung, folgt",1,1740-01-31 20:00:00
367,"preussis, thol, preuss, thlr, ca",1,1740-01-31 20:00:00
371,"delacerra, deleg, graf, clavier, detto",1,1740-01-31 20:00:00
378,"stark, mann, hisp, angewachsen, einambo",1,1740-01-31 20:00:00
381,"paulaner, alalhier, keule, heftiges, beschädiget",1,1740-01-31 20:00:00
390,"böhmen, pilsner, 1049, castridoloris, stockau",3,1740-01-31 20:00:00
397,"musik, behenket, aufgebauet, damast, borden",2,1740-01-31 20:00:00
398,"husarn, 3000, sagen, andere, einige",1,1740-01-31 20:00:00
401,"hyacinten, gefüllte, hya, cinten, farbe",3,1740-01-31 20:00:00
404,"math, calculat, kind, alt, ",1,1740-01-31 20:00:00
407,"10520, anguista, 1340, town, nisch",1,1740-01-31 20:00:00
408,"heil, samt, heinr, heiderisches, wassermautoffiziant",4,1740-01-31 20:00:00
412,"rot, weteritzer, grünen, brücke, fahnen",1,1740-01-31 20:00:00
418,"khe, venhüller, friderich, sigmund, graf",1,1740-01-31 20:00:00
420,"wissenschaft, wollen, derselben, kund, nachricht",1,1740-01-31 20:00:00
436,"majest, jhro, jhre, jh, nunmehrigen",1,1740-01-31 20:00:00
441,"jnspector, garten, jnsiegel, jsabella, getheilet",1,1740-01-31 20:00:00
443,"an223, hannöverischer, mitial, sehnlicher, dean",2,1740-01-31 20:00:00
463,"1741ste, commisseon, narcissi, chocolada, nobili",1,1740-01-31 20:00:00
467,"antworte, verlange, beydes, keines, gehöret",1,1740-01-31 20:00:00
473,"gestern, königl, ist, printzes, vorgestern",1,1740-01-31 20:00:00
475,"meisterns, rittere, ritt, sodann, riegele",2,1740-01-31 20:00:00
477,"jhre, zuma, heiligk, königl, nun",5,1740-01-31 20:00:00
482,"exempl, priestern, teutsche, übersetzt, jesu",1,1740-01-31 20:00:00
483,"welser, provisionen, eodem, fourage, hei",1,1740-01-31 20:00:00
489,"nigl, kö, areiern, alleuja, walsh",1,1740-01-31 20:00:00
496,"oesterr, wilh, oester, altes, eisen",1,1740-01-31 20:00:00
502,"isidori, kronhof, schützern, scipion, bielinsky",2,1740-01-31 20:00:00
503,"durchl, jhre, düpont, jubil, sephst",1,1740-01-31 20:00:00
504,"hochfeyerl, barnabi, pauli, genannt, sonst",1,1740-01-31 20:00:00
509,"kaiserl, kaisers, excellenz, der, majest",2,1740-01-31 20:00:00
510,"auswechselung, ereignete, fangenen, veran, spaniern",1,1740-01-31 20:00:00
511,"romani, brocoli, samen, kauli, saamen",3,1740-01-31 20:00:00
517,"nürnb, wirtens, dean, nordmark, gr",2,1740-01-31 20:00:00
518,"zeitungen, admiralität, america, empfangen, keine",1,1740-01-31 20:00:00
520,"labella, anemoni, brüssel, dibrusseles, casp",1,1740-01-31 20:00:00
524,"benedict, benedicti, papsten, exequien, heiligkeit",2,1740-01-31 20:00:00
530,"tunis, 1043, vorno, vorsorgen, könnenals",1,1740-01-31 20:00:00
538,"tzoginen, wolgefallen, allerhöchst, kurtze, genheit",2,1740-01-31 20:00:00
544,"xiii, xviii, xvii, xlii, xiil",1,1740-01-31 20:00:00
545,"gelbe, gefüllte, narcissen, tazetten, gelb",2,1740-01-31 20:00:00
551,"müdetem, uner, geistl, besagten, geister",1,1740-01-31 20:00:00
560,"253, breslau, martii, licit, 3003",1,1740-01-31 20:00:00
561,"puzyna, vilna, diœcesdioeces, priestern, joseph",1,1740-01-31 20:00:00
564,"löse, mittägigen, schreibet, wohnete, überflüssig",1,1740-01-31 20:00:00
569,"eccl, ungeb, , , ",1,1740-01-31 20:00:00
574,"bischöfl, ertz, erzherzogl, erzherzogin, colockza",3,1740-01-31 20:00:00
-1,"böhmen, hungarn, pol, ungarn, geborne",316,1741-09-02 00:00:00
0,"feind, lager, armee, hungarn, böhmen",126,1741-09-02 00:00:00
1,"dovrandi, incognito, tafel, empfienge, päpstl",7,1741-09-02 00:00:00
2,"schiffe, schiffen, kriegs, eingeloffen, port",16,1741-09-02 00:00:00
3,"kirche, cardinal, secretarium, marco, gerüst",8,1741-09-02 00:00:00
4,"gewand, mittag, kupfer, f4, luminirter",3,1741-09-02 00:00:00
5,"böhmen, hieraufhin, zunf, königl, verlaut",9,1741-09-02 00:00:00
6,"rus, notifi, krön, salbungs, heinson",2,1741-09-02 00:00:00
9,"wirtratten, schlachtet, demnachunseremmarschungehin, unsicherheit, erblikten",3,1741-09-02 00:00:00
11,"angesagte, diebstäh, mehrma, eingekommene, wienerberg",2,1741-09-02 00:00:00
13,"liebsteinsky, schrottenbach, schaesberg, churfl, kollowrat",3,1741-09-02 00:00:00
14,"karten, oesterreich, ober, unter, in",1,1741-09-02 00:00:00
18,"brunst, feuers, feuer, gimborn, neustädtischen",4,1741-09-02 00:00:00
19,"finnland, 658, stokholmischen, recommendations, alboo",6,1741-09-02 00:00:00
20,"durchl, wilh, guardarobba, didak, se",3,1741-09-02 00:00:00
22,"majest, ma, , , ",2,1741-09-02 00:00:00
23,"1742, ersehen, anno, 1730, wienn",5,1741-09-02 00:00:00
24,"num, ad, magnificentius, munificentiâ, receptâ",3,1741-09-02 00:00:00
28,"feldlagerbeyvilshofeninbayern, todte, blessirte, juny, gläubiger",1,1741-09-02 00:00:00
29,"roselminl, ceuli, kaise, rin, geborne",2,1741-09-02 00:00:00
31,"hellig, 3500, eger, gereiset, seither",2,1741-09-02 00:00:00
35,"kamen, vorgestern, abend, jhre, gegen",1,1741-09-02 00:00:00
36,"niedergezogen, öfnet, ausseren, thöre, baum",1,1741-09-02 00:00:00
39,"drage, eieinen, jhro, glükstadt, podewills",4,1741-09-02 00:00:00
40,"frantzosen, frantzösische, frantzösis, frantzösischen, lager",11,1741-09-02 00:00:00
42,"blei, gewisses, lasset, hieselbst, melden",2,1741-09-02 00:00:00
47,"dienstags, hinterlassenen, 5ten, junii, nachdeme",2,1741-09-02 00:00:00
50,"lotterie, class, renovationsrenovationsoder, grabl, auswechslungs",3,1741-09-02 00:00:00
57,"pontific, benedictus, pont, gebeth, carolivi",2,1741-09-02 00:00:00
72,"verwittibten, kais, serl, kai, regierende",1,1741-09-02 00:00:00
78,"kistlein, steinernes, agnus, metall, müntzen",1,1741-09-02 00:00:00
82,"renn, amalia, hinterlassenen, weeg, fahren",1,1741-09-02 00:00:00
84,"nuntii, monsig, nuntius, hungarn, venetianischen",1,1741-09-02 00:00:00
93,"excell, unsers, botschafts, recognoscirten, cretarius",9,1741-09-02 00:00:00
100,"hochfürstl, jhro, hochw, jhrer, hochfl",1,1741-09-02 00:00:00
111,"ritte, mittags, majest, nach, abends",1,1741-09-02 00:00:00
113,"bisses, wacht, freyherrl, meister, obrist",1,1741-09-02 00:00:00
114,"parlement, febr, jrrland, vom, dieses",1,1741-09-02 00:00:00
119,"8642, lossen, worunter, ro, ausmass",1,1741-09-02 00:00:00
127,"prag, sovil, heimischen, hierländigen, bleibet",3,1741-09-02 00:00:00
132,"kaiserl, kaisersthée, kaiserspit, 69, 43",1,1741-09-02 00:00:00
142,"madrid, spanien, cacao, setubal, ertrun",1,1741-09-02 00:00:00
151,"excell, nürnberg, cont, 31, statt",1,1741-09-02 00:00:00
155,"rascon, mauroy, wesener, vence, gesegnet",1,1741-09-02 00:00:00
163,"ungarn, böheimische, husaren, fürth, vermehrten",2,1741-09-02 00:00:00
164,"portugal, lisabon, julii, april, portugall",2,1741-09-02 00:00:00
166,"böhmen, diarii, verleger, hungarn, extra",3,1741-09-02 00:00:00
189,"istdie, frankfurt, aschaffenburg, geschikt, extract",1,1741-09-02 00:00:00
193,"kap, spauer, adeliche, dame, exequien",2,1741-09-02 00:00:00
196,"königl, die, königi, thrones, seine",2,1741-09-02 00:00:00
199,"passiret, neues, gar, nichts, dieses",1,1741-09-02 00:00:00
236,"briefe, königl, von, der, kauzley",1,1741-09-02 00:00:00
271,"anwünschungen, abzustat, hertzogin, wittibte, maria",1,1741-09-02 00:00:00
289,"burg, zuruk, kehren, gekehret, schloss",2,1741-09-02 00:00:00
301,"hungarn, card, karten, nemliche, marggraftum",2,1741-09-02 00:00:00
309,"tainebleau, fon, abschieds, audientz, familie",1,1741-09-02 00:00:00
318,"abgeabgeführten, 662, geschöpft, criminal, landsfürstl",1,1741-09-02 00:00:00
322,"zuschauer, ausgefallen, gnügen, probe, höchsten",1,1741-09-02 00:00:00
335,"erzbischöfl, marq, botschafter, , ",1,1741-09-02 00:00:00
346,"hungarn, abgestos, liferanten, vermahlen, häusslichen",1,1741-09-02 00:00:00
351,"preussische, gesandte, graf, hungarn, preussischen",1,1741-09-02 00:00:00
367,"preuss, thol, preussis, thlr, ca",1,1741-09-02 00:00:00
378,"eingerucket, mann, hisp, angewachsen, 80jährigen",1,1741-09-02 00:00:00
390,"1742, cular, geführ, cir, dedato",2,1741-09-02 00:00:00
398,"3000, derthalb, voneinander, abgeschikt, heimlichen",3,1741-09-02 00:00:00
408,"heil, heinr, heiderisches, wassermautoffiziant, heider",1,1741-09-02 00:00:00
438,"50000, preisen, preis, 50, als",1,1741-09-02 00:00:00
472,"hocherwehnte, hochwürd, durchl, gespannen, hochfürstl",1,1741-09-02 00:00:00
505,"leopoldst, ckerstorf, rappoltenstein, stöffing, jaidenstorferischen",1,1741-09-02 00:00:00
510,"14500, maurienne, engeste, weege, eingerucket",1,1741-09-02 00:00:00
529,"gegos, geschwindschuss, sultzbach, maintz, probe",1,1741-09-02 00:00:00
530,"reyen, vargias, abtritt, zinssbar, zerstöhr",1,1741-09-02 00:00:00
532,"berlin, eintreffen, aufwartung, gestern, daselbst",1,1741-09-02 00:00:00
-1,"hungarn, ungarn, juden, febr, relié",331,1743-04-04 04:00:00
0,"türken, hungarn, armee, hungarisch, böheimische",44,1743-04-04 04:00:00
1,"einband, sauberen, kappelle, ausmachen, hochgräfl",7,1743-04-04 04:00:00
2,"schiffe, flotte, schiffen, admiral, schif",39,1743-04-04 04:00:00
3,"bischöfl, kappelle, cardinal, kirche, ertz",24,1743-04-04 04:00:00
4,"orelischen, effe, cten, franciscaner, hinten",6,1743-04-04 04:00:00
5,"8832, caldas, rees, thaller, bewillkom",5,1743-04-04 04:00:00
6,"hedemorn, räs, fahlun, russisch, geste",4,1743-04-04 04:00:00
7,"königl, kömgl, thom, elis, ",2,1743-04-04 04:00:00
9,"damiano, aunoy, abellio, duncker, pailles",3,1743-04-04 04:00:00
10,"gewässer, angeschwollen, eis, wasser, städten",5,1743-04-04 04:00:00
11,"krankheit, hande, langwürrigen, stello, seligst",5,1743-04-04 04:00:00
12,"köstlicher, auserlösener, seltsa, buchgewölb, colligirt",1,1743-04-04 04:00:00
14,"hungarn, schema, maurepas, tencin, eger",2,1743-04-04 04:00:00
15,"schubkarn, weken, taine, tentiren, bald",3,1743-04-04 04:00:00
17,"hertzogliche, nachfolger, herab, alsdann, gedacht",1,1743-04-04 04:00:00
18,"brunst, feuers, magatzin, feuer, flammen",5,1743-04-04 04:00:00
20,"durchl, wilh, guardarobba, didak, se",1,1743-04-04 04:00:00
22,"majest, ma, , , ",2,1743-04-04 04:00:00
23,"1744, anno, dignitate, tilgungs, gestäm",8,1743-04-04 04:00:00
24,"dominam, tractatus, inquoordoadministrandisacramenta, augustissima, lepetitalmanachpourl",3,1743-04-04 04:00:00
29,"cos, verita, medin, spatzie, bocca",1,1743-04-04 04:00:00
31,"220961, 230309, millionen, vermehrung, 12000",3,1743-04-04 04:00:00
35,"erlustigten, päpstl, verfügten, mittag, jhre",3,1743-04-04 04:00:00
38,"sächsis, chur, churfürstl, jhro, fürstl",1,1743-04-04 04:00:00
39,"jhro, königl, tirawley, mylord, benannte",8,1743-04-04 04:00:00
40,"frantzosen, todte, durlacher, fatigue, ausgeü",4,1743-04-04 04:00:00
44,"hindford, vermerket, barten, benach, stösse",1,1743-04-04 04:00:00
45,"stuk, illuminirter, futteral, schwartz, papier",2,1743-04-04 04:00:00
47,"montags, päpstl, wartetten, verlobniss, ringwechselung",5,1743-04-04 04:00:00
54,"boren, ligion, 1674, januarii, catholische",1,1743-04-04 04:00:00
57,"fränkis, gebeth, carolivi, päpstl, pragæpragae",1,1743-04-04 04:00:00
59,"französ, französis, letzteren, savoyen, vernimmt",2,1743-04-04 04:00:00
61,"13870, 119934, 1474, ladung, jhre",3,1743-04-04 04:00:00
63,"trompeten, schall, daumus, nitäten, anstimmung",2,1743-04-04 04:00:00
66,"1744, aufbrechen, sept, heute, wien",1,1743-04-04 04:00:00
77,"herschaften, höchste, donnerstag, dito, mittag",1,1743-04-04 04:00:00
78,"bühne, ziereter, beygehangter, vivatmariaanna, erhöyeten",1,1743-04-04 04:00:00
80,"jh, freytag, verwichenen, re, durchl",1,1743-04-04 04:00:00
83,"lamento, canstadt, rations, ziemlichen, proportion",2,1743-04-04 04:00:00
85,"sparsim, annexo, becmanni, austriaco, statutario",1,1743-04-04 04:00:00
87,"boston, america, england, anhang, september",1,1743-04-04 04:00:00
89,"massæmassaecuratore, vorläuffiger, werlischen, unpartheyischen, schlags",1,1743-04-04 04:00:00
93,"excell, begleitung, aber, in, excel",1,1743-04-04 04:00:00
99,"voll, licit, amort, essenzen, pöllin",1,1743-04-04 04:00:00
104,"edict, amt, endlich, sodann, hoch",1,1743-04-04 04:00:00
106,"auchbereitsverschiedenecompagnien, erhat, ausfahren, court, abzusegeln",1,1743-04-04 04:00:00
111,"dutchleuchten, operisten, anwe, wohneten, senden",1,1743-04-04 04:00:00
114,"mochtlow, febr, unterm, februarii, aus",2,1743-04-04 04:00:00
115,"ehesteuer, 192834, sterling, bewilligen, wesens",1,1743-04-04 04:00:00
119,"3128, rollen, tabak, ro, ausmass",1,1743-04-04 04:00:00
127,"böhmen, prag, versehendas, schartz, eilfte",3,1743-04-04 04:00:00
131,"prinzessin, fatschen, gaeta, vorster, borne",2,1743-04-04 04:00:00
132,"kaiserl, kaisersthée, kaiserspit, 69, 43",2,1743-04-04 04:00:00
142,"madrid, spanien, königl, aus, lateinischen",1,1743-04-04 04:00:00
149,"octob, nachgelassen, smirna, pest, vernommen",1,1743-04-04 04:00:00
151,"excell, nürnberg, cont, 31, statt",1,1743-04-04 04:00:00
164,"portugal, lisabon, julii, portugall, aus",1,1743-04-04 04:00:00
165,"entt, audi, gelassen, gleich, zur",1,1743-04-04 04:00:00
166,"hungarn, verleger, tractatusconcionatorius, schema, diarii",2,1743-04-04 04:00:00
170,"andrie, bassadeur, ordinair, moscau, preussischen",1,1743-04-04 04:00:00
173,"liecht, verrichteten, mess, sonntags, fest",1,1743-04-04 04:00:00
182,"cans, feuerwerk, fakeln, vati, girandola",1,1743-04-04 04:00:00
190,"catharina, ledige, weibs, cath, cathol",1,1743-04-04 04:00:00
193,"adeliche, dame, exequien, kappellen, kreutz",2,1743-04-04 04:00:00
196,"königl, die, königi, thrones, seine",2,1743-04-04 04:00:00
198,"tigster, morgigen, bären, beglükten, wolstand",3,1743-04-04 04:00:00
200,"juden, austriacus, codex, 1704, vlies",1,1743-04-04 04:00:00
201,"löbl, martii, wird, bey, dem",1,1743-04-04 04:00:00
202,"nosse, 26sten, gnad, laufenden, nemlichen",2,1743-04-04 04:00:00
203,"eintzigen, printzessin, tochter, unsers, durchl",1,1743-04-04 04:00:00
212,"200000, 20000, 2000, 40000, 24000",1,1743-04-04 04:00:00
214,"ungarischer, calender, eingebunden, sauber, teutsch",1,1743-04-04 04:00:00
221,"warschau, pohlen, febr, polen, aus",1,1743-04-04 04:00:00
224,"kaiserl, jhro, jhre, altere, geruheten",1,1743-04-04 04:00:00
225,"glorw, leopoldi, kaisers, leopoldst, leopold",1,1743-04-04 04:00:00
237,"sterl, viii, , , ",3,1743-04-04 04:00:00
242,"päpstl, 5ten, jhre, dieses, priesters",1,1743-04-04 04:00:00
254,"frosinone, anhaltet, enriquez, reg, contumatz",1,1743-04-04 04:00:00
268,"gesorget, lings, wofür, parlament, ko",1,1743-04-04 04:00:00
282,"neuneuyork, gebiets, clinton, proclamation, ohnlängst",1,1743-04-04 04:00:00
285,"verlautet, durchl, jhro, wie, joschay",1,1743-04-04 04:00:00
289,"reicher, beliebten, ruk, speisen, aufwartung",1,1743-04-04 04:00:00
297,"monsig, einem, es, ist, mons",1,1743-04-04 04:00:00
301,"card, nerstags, reisete, don, hungarn",1,1743-04-04 04:00:00
317,"rals, etlichen, gene, lothringen, angelangt",1,1743-04-04 04:00:00
350,"königl, der, dem, von, ",1,1743-04-04 04:00:00
361,"geschätzet, wurde, dank, abzustatten, verbindet",1,1743-04-04 04:00:00
372,"dreyssigstes, plement, krauss, genealogisch, hübners",1,1743-04-04 04:00:00
373,"buchdruckern, hof, holzversilb, holzapfel, impress",2,1743-04-04 04:00:00
376,"comet, heite, secteur, celsii, tubis",2,1743-04-04 04:00:00
381,"zerfal, unbeschädi, saule, leid, gebliben",1,1743-04-04 04:00:00
406,"demische, aca, richter, nigl, kaiser",1,1743-04-04 04:00:00
460,"tritts, donnerstags, donnerstag, hin, jenner",1,1743-04-04 04:00:00
463,"schulter, liedl, bellen, jacob, futeral",3,1743-04-04 04:00:00
469,"rom, anderes, augusti, ein, beygehenden",1,1743-04-04 04:00:00
473,"vorgestern, beschlossen, majest, gestern, aber",1,1743-04-04 04:00:00
482,"gaudentiumglaser, terhaltungen, anmutig, crasset, geistliche",1,1743-04-04 04:00:00
510,"eres, franca, geschwa, villa, versuchen",1,1743-04-04 04:00:00
514,"würkl, schuhm, schäl, schich, abök",1,1743-04-04 04:00:00
538,"beängstig, umsonst, teln, stangen, fenstern",1,1743-04-04 04:00:00
561,"quirinals, vornehmeren, kappelle, staat, heiligkeit",1,1743-04-04 04:00:00
563,"mansera, verbliben, montijo, misslichen, anhe",1,1743-04-04 04:00:00
570,"vilno, woiewodzy, pod, einhelligen, gewöhnli",1,1743-04-04 04:00:00
-1,"hungarn, böhmen, ungarn, jhro, chur",908,1744-11-03 08:00:00
0,"böhmen, armee, regiment, hungarn, lager",192,1744-11-03 08:00:00
1,"frostig, unstälter, tirat, holleisis, kräutl",24,1744-11-03 08:00:00
2,"schiffe, schiffen, kriegs, admiral, hafen",28,1744-11-03 08:00:00
3,"hungarn, kirchen, kirche, deum, prälaten",17,1744-11-03 08:00:00
4,"juden, kleider, stuk, gold, mercurio",12,1744-11-03 08:00:00
5,"majestäten, königl, würkl, majestät, distincton",22,1744-11-03 08:00:00
6,"russischen, russisch, bielcke, porti, zeichchen",8,1744-11-03 08:00:00
7,"königl, kömgl, thom, elis, ",15,1744-11-03 08:00:00
9,"pferden, pferd, pferde, folgten, wahl",14,1744-11-03 08:00:00
10,"lennen, einzügen, diefem, fliessende, vorherigen",3,1744-11-03 08:00:00
11,"müf, atmaidan, entrinnen, glütlich, bell",2,1744-11-03 08:00:00
12,"leiptzig, deutschen, günthern, prænumecationpraenumecation, ausgeantwortet",2,1744-11-03 08:00:00
13,"schützen, vation, ziehungslisten, schedron, handke",5,1744-11-03 08:00:00
14,"posbauer, venerir, aquas, hemau, platlingen",10,1744-11-03 08:00:00
15,"abgelö, aussehende, moncastello, corpp, monterey",4,1744-11-03 08:00:00
16,"gnädigen, heil, neven, gott, herentgegen",24,1744-11-03 08:00:00
18,"feuer, entstan, brand, werse, rechet",7,1744-11-03 08:00:00
19,"laugte, circu, gothenburg, jüdische, lation",2,1744-11-03 08:00:00
20,"durchl, durchs, wilh, didak, guardarobba",18,1744-11-03 08:00:00
22,"majest, ma, , , ",24,1744-11-03 08:00:00
23,"1746, merkwürdiger, medaillen, samm, 1737",4,1744-11-03 08:00:00
24,"numen, budæbudae, assessore, adelamat, aeiou",7,1744-11-03 08:00:00
26,"derenthalben, kehrete, benannte, durchlgste, collegio",2,1744-11-03 08:00:00
29,"anhaltenber, ertzhertzogin, spatziren, terung, angenehmer",1,1744-11-03 08:00:00
31,"6000, 1500, 1300, 1000, spätere",11,1744-11-03 08:00:00
35,"taschementer, bardirten, uhrigens, fürfsl, mele",9,1744-11-03 08:00:00
36,"ek, zahlreicher, mee, wald, jndessen",1,1744-11-03 08:00:00
37,"mppr, colloredo, rudolph, cöln, graf",2,1744-11-03 08:00:00
38,"churfürstl, chur, jhro, churfl, fürstl",23,1744-11-03 08:00:00
39,"jhro, königl, goe, meldeter, cantzlers",9,1744-11-03 08:00:00
40,"frantzosen, frantzösis, attaquen, brüssel, quartiere",7,1744-11-03 08:00:00
41,"huldi, gungs, hochfl, burgerschaft, nürnberg",1,1744-11-03 08:00:00
42,"selten, genossen, kommet, tisch, königl",1,1744-11-03 08:00:00
44,"octobris, brittannien, anhang, gross, aus",1,1744-11-03 08:00:00
45,"bekommmen, feinern, papier, bequem, senden",1,1744-11-03 08:00:00
47,"bächst, namenstagjhrermajestätdes, montag, verwichenen, erwehlten",5,1744-11-03 08:00:00
48,"weintraub, strauch, martini, bauren, meist",2,1744-11-03 08:00:00
50,"lotterie, loose, classe, ziehungs, collecteur",22,1744-11-03 08:00:00
51,"allermöglichster, septemb, überein, geheim, gekommen",1,1744-11-03 08:00:00
53,"burgerl, tschernigop, zeschek, auerhann, courrant",5,1744-11-03 08:00:00
54,"römer, vortrefliche, wahl, somper, imperator",7,1744-11-03 08:00:00
55,"königl, und, möstl, kopp, kugler",5,1744-11-03 08:00:00
57,"fränkis, carolivi, gevatter, höchstsel, jestät",3,1744-11-03 08:00:00
61,"7501, 13801, 5101, 12801, amburgo",1,1744-11-03 08:00:00
63,"pauken, trompeten, schall, deum, fostomus",5,1744-11-03 08:00:00
64,"cuo, riöfes, gepräg, daillen, ausgesucht",1,1744-11-03 08:00:00
65,"türken, pesianern, persianer, hitziges, hauptet",1,1744-11-03 08:00:00
68,"siam, novemb, zeitung, november, hat",1,1744-11-03 08:00:00
69,"equipage, reis, allergnädigste, nigl, abend",1,1744-11-03 08:00:00
72,"kais, glorwürdigst, serl, beyderseits, kai",8,1744-11-03 08:00:00
77,"glüklichster, gesammter, meldter, digster, dito",1,1744-11-03 08:00:00
78,"mitte, seite, stantinus, brenenden, darreichet",1,1744-11-03 08:00:00
80,"freyheit, freyhrn, freyherrl, frey, freyhr",1,1744-11-03 08:00:00
81,"kaiserl, mannnemlicheiner, gerb, bekräntzen, verlässlicher",14,1744-11-03 08:00:00
82,"gustus, höchste, hanna, amalia, paten",2,1744-11-03 08:00:00
83,"ungedroschene, dreschen, flefleken, ypps, traid",3,1744-11-03 08:00:00
84,"nuntio, monsig, nuntius, nuntii, hungarn",1,1744-11-03 08:00:00
87,"trübten, october, mjttwochs, hinscheiden, eingefallenen",2,1744-11-03 08:00:00
88,"decrets, commissions, allergnädigsten, hochlöbl, eine",1,1744-11-03 08:00:00
90,"deutschen, oct, münchen, beherrschen, willemstadt",2,1744-11-03 08:00:00
93,"excell, jhro, auf, excel, excellenz",2,1744-11-03 08:00:00
94,"schultheiss, empfienge, kaiserl, rähte, gefahren",2,1744-11-03 08:00:00
95,"bends, gran, besagt, tel, jh",2,1744-11-03 08:00:00
96,"ziehung, schwärt, zetul, überbringenden, pril",3,1744-11-03 08:00:00
100,"gegenwatt, hochst, hochfürstl, prager, jhro",3,1744-11-03 08:00:00
101,"holländisch, gegekommen, noail, vilvorden, holland",4,1744-11-03 08:00:00
102,"tieffen, graben, alt, stadt, vor",2,1744-11-03 08:00:00
103,"carat, achtel, wä, fünf, deto",1,1744-11-03 08:00:00
105,"czeezwicz, adjutant, flügel, general, secondleutenant",1,1744-11-03 08:00:00
106,"sidien, zuwehren, schlaget, anrichtet, loffene",2,1744-11-03 08:00:00
108,"1746sten, alphabet, instehenden, darinn, kayserl",1,1744-11-03 08:00:00
110,"anbefohlenzu, anzügliche, authoren, piece, entdeken",1,1744-11-03 08:00:00
111,"prausnitz, erbeutete, schlacht, sonn, nachmittags",3,1744-11-03 08:00:00
114,"febr, februarii, den, februar, regierungsverlass",2,1744-11-03 08:00:00
115,"nohtfall, erbotten, subscription, sterlings, lion",1,1744-11-03 08:00:00
126,"alt, hülf, lakeyen, cathar, tagw",7,1744-11-03 08:00:00
127,"feinnd, erfreulicher, glütlich, lauffet, vollbracht",1,1744-11-03 08:00:00
132,"kaiserl, kaisersthée, kaiserspit, 69, 43",1,1744-11-03 08:00:00
140,"böhmen, kaiserl, burkersdorf, hirsch, ferd",3,1744-11-03 08:00:00
142,"anwor, bewillkommete, lateinisch, administration, tete",1,1744-11-03 08:00:00
144,"grafens, oheimen, seinsheim, gerlach, münchhausen",4,1744-11-03 08:00:00
149,"octob, octobris, vovet, totus, octobr",10,1744-11-03 08:00:00
150,"decemb, bis, den, dedöcker, kreisamt",1,1744-11-03 08:00:00
151,"excell, nürnberg, cont, 31, statt",3,1744-11-03 08:00:00
152,"gold, mach, thury, spet, paroken",12,1744-11-03 08:00:00
155,"complimentieren, feyerlichst, francisci, freuden, gleiche",2,1744-11-03 08:00:00
160,"habs, reiser, burgs, leben, hauptm",1,1744-11-03 08:00:00
163,"hungaris, ungarn, böhmen, ungarischen, ungarischer",1,1744-11-03 08:00:00
166,"verleger, diarii, wienerischen, arii, antze",4,1744-11-03 08:00:00
170,"garnitour, haarene, meissnge, knöpf, vergoldete",1,1744-11-03 08:00:00
173,"läute, angestellte, angekündiget, gloken, vergnügt",2,1744-11-03 08:00:00
174,"obriste, major, leutenant, buddendrock, blanckensee",3,1744-11-03 08:00:00
179,"masqueren, faschings, wünschten, würdiges, nichtes",1,1744-11-03 08:00:00
181,"tobiä, kreutz, stark, burgerl, alda",1,1744-11-03 08:00:00
182,"lossgebrannt, finefinededi, kostbares, feuerwerk, worte",1,1744-11-03 08:00:00
183,"prächtigen, camera, verfü, ante, fentlich",4,1744-11-03 08:00:00
184,"rheinisch, rheinstrom, nieder, vom, rheinstrohm",1,1744-11-03 08:00:00
186,"kleg, shwartzenberg, geinborn, crummau, gefürsteter",1,1744-11-03 08:00:00
189,"frankfurt, octob, dettingen, eintraffen, aschaffenburg",7,1744-11-03 08:00:00
191,"verwissiget, woffenbergischen, emeldter, erinnem, amortistr",1,1744-11-03 08:00:00
193,"falaize, stössel, renata, selig, adeliche",1,1744-11-03 08:00:00
194,"glüklichst, entbunden, hertzogin, ertz, prinzessin",1,1744-11-03 08:00:00
196,"königl, die, königi, thrones, seine",1,1744-11-03 08:00:00
198,"durchlaste, printzeffin, zahlei, widerholt, complimentiret",2,1744-11-03 08:00:00
199,"wohin, eigent, geschehe, versammlet, eröfnung",5,1744-11-03 08:00:00
200,"juden, beschreibungen, vlies, umständliche, triumph",1,1744-11-03 08:00:00
201,"löbl, brandis, sontage, craf, angesetzte",1,1744-11-03 08:00:00
202,"kettel, angeschrieben, schrik, stüten, sammlete",4,1744-11-03 08:00:00
209,"jüngeren, ältern, hiernächst, zwey, staat",1,1744-11-03 08:00:00
212,"20000, zehlte, contri, bution, herauf",2,1744-11-03 08:00:00
224,"kaiserl, altere, hint, jhro, stephan",5,1744-11-03 08:00:00
226,"stinction, angerichtet, beyderley, tafeln, geschlechts",1,1744-11-03 08:00:00
228,"fürstl, entschlieffe, cell, sanft, selig",1,1744-11-03 08:00:00
232,"seiten, kaiserl, an, sechszehen, unterzeichtet",1,1744-11-03 08:00:00
236,"manien, mart, port, himmel, kron",2,1744-11-03 08:00:00
242,"schlosseris, priester, päpstl, priesters, priest",1,1744-11-03 08:00:00
244,"nadastischen, insonder, vorfall, beschehenen, feld",1,1744-11-03 08:00:00
245,"jhre, königl, kasp, komp, dressden",1,1744-11-03 08:00:00
249,"februarii, mart, solte, allenfalls, martii",1,1744-11-03 08:00:00
253,"juden, reichs, holdes, rolden, securitatempublicam",7,1744-11-03 08:00:00
256,"hungarn, böheim, bosniacken, ulanen, kallenberg",5,1744-11-03 08:00:00
261,"gefangene, meine, kriegs, gefängnisse, trettungsfälle",1,1744-11-03 08:00:00
262,"ersu, deutsche, bekommet, recompens, wiennerischen",1,1744-11-03 08:00:00
266,"carmesirt, brillianten, deto, zwey, zimmergs",1,1744-11-03 08:00:00
271,"hertzogin, prinzessin, ertz, anna, maria",1,1744-11-03 08:00:00
273,"jhro, belegtem, selichen, scheten, majestäten",3,1744-11-03 08:00:00
277,"bediente, stall, hof, hoheit, hornung",1,1744-11-03 08:00:00
279,"wienerisches, diarium, verleger, diarii, wienerischen",2,1744-11-03 08:00:00
284,"farben, strimpfe, belpau, relave, crepon",2,1744-11-03 08:00:00
285,"zelin, ones, stati, durchl, jhro",3,1744-11-03 08:00:00
289,"drummond, tendenten, edimburg, castell, prä",1,1744-11-03 08:00:00
291,"1745, 1748, 1740, 1743, emmer",11,1744-11-03 08:00:00
292,"landesfürstl, landsfürstl, ausmachte, whitehall, febr",2,1744-11-03 08:00:00
296,"vorhergehende, uber, volle, folget, jnhalt",1,1744-11-03 08:00:00
305,"wallis, berwig, twed, cireular, stentum",1,1744-11-03 08:00:00
309,"ubermorgen, beglükt, einfallenden, verzehret, austheilen",1,1744-11-03 08:00:00
313,"mariaetheresiae, einzuge, francisco, erfreulichen, 1745",1,1744-11-03 08:00:00
322,"vergnügen, allgemeinen, beschlossen, mit, audienz",1,1744-11-03 08:00:00
329,"23sten, oder, hefte, 21ten, allg",1,1744-11-03 08:00:00
332,"preissliche, hochpreissl, corrent, bezahlen, serl",3,1744-11-03 08:00:00
342,"sidentz, re, haupt, wien, stadt",1,1744-11-03 08:00:00
343,"jacober, sumer, andre, kaiserl, alt",1,1744-11-03 08:00:00
344,"obrist, herculs, quentz, offentich, bündiger",1,1744-11-03 08:00:00
347,"visite, chur, maintz, churfürstlichen, fürstl",3,1744-11-03 08:00:00
351,"klinggräf, scharding, expresse, braunau, preussischen",3,1744-11-03 08:00:00
356,"fet, verkau, jedes, dahero, jahrs",2,1744-11-03 08:00:00
357,"zug, thüngens, tieffes, gescha, erker",2,1744-11-03 08:00:00
359,"jägerspreiss, paar, begeben, wieder, nach",1,1744-11-03 08:00:00
361,"mittage, danken, gehorsamst, speiseten, denenselben",1,1744-11-03 08:00:00
372,"breuning, accreditirter, kraus, kreiss, paul",2,1744-11-03 08:00:00
378,"angewachsen, mann, nore, büsset, ration",5,1744-11-03 08:00:00
381,"refuge, eingeschossen, recollecten, verdor, durchlöchert",1,1744-11-03 08:00:00
382,"maiest, ihrs, dziali, merida, maji",1,1744-11-03 08:00:00
385,"nigl, kö, nigricant, wje, spricht",1,1744-11-03 08:00:00
387,"extract, schreiben, officiers, kaiserl, gedruckt",1,1744-11-03 08:00:00
390,"1745, gesler, ardina, kaiserliches, octob",2,1744-11-03 08:00:00
391,"ametist, appell, ring, appel, einem",1,1744-11-03 08:00:00
394,"30, 27, 35, 28, 14",2,1744-11-03 08:00:00
398,"3000, gröste, preise, worunter, mann",2,1744-11-03 08:00:00
402,"zeitlichem, bekennen, ableben, satzbrief, brief",1,1744-11-03 08:00:00
423,"phil, arnold, edel, hoch, philos",1,1744-11-03 08:00:00
429,"wagner, weltl, frantz, wagneris, wagners",1,1744-11-03 08:00:00
436,"majest, jh, jhro, ro, jhre",7,1744-11-03 08:00:00
438,"50000, bomben, 50, bankozettel, lohren",1,1744-11-03 08:00:00
440,"corp, abtey, hessen, kom, friedrich",1,1744-11-03 08:00:00
463,"schulter, lidl, stechern, leinwat, hertzogtums",2,1744-11-03 08:00:00
473,"printzes, gestern, kron, hohe, königl",1,1744-11-03 08:00:00
479,"verzehren, fleisch, lässig, präsent, zuver",1,1744-11-03 08:00:00
489,"nigl, kö, areiern, alleuja, walsh",1,1744-11-03 08:00:00
491,"gedrukt, ghelen, peter, römisch, kaiserl",1,1744-11-03 08:00:00
494,"kleinere, deto, schwachs, mitlm, klein",1,1744-11-03 08:00:00
502,"kappellen, sonntägliche, verwittib, solenne, auferbäulichst",2,1744-11-03 08:00:00
503,"durchl, jh, ro, jhre, düpont",1,1744-11-03 08:00:00
504,"mates, wendelst, paul, pauli, kaiserl",1,1744-11-03 08:00:00
509,"kaiserl, kaisers, excellenz, der, majest",2,1744-11-03 08:00:00
510,"spanier, aleran, dria, gewissere, genna",2,1744-11-03 08:00:00
514,"würkl, schuhm, schäl, schich, abök",1,1744-11-03 08:00:00
525,"chör, erscholle, beständigem, remonien, stunden",2,1744-11-03 08:00:00
527,"diamantenes, bares, ring, diamant, seren",2,1744-11-03 08:00:00
534,"selavoniern, buday, geschikt, erfreuliche, pavia",1,1744-11-03 08:00:00
538,"ansehnli, aussteigen, unaufhörlich, triumph, gearbeitet",1,1744-11-03 08:00:00
546,"herr, mein, mylords, mylord, meylords",1,1744-11-03 08:00:00
558,"ihro, speiseten, tags, kaiserl, feyerer",1,1744-11-03 08:00:00
563,"verreiset, erlaubnuss, schonen, etliche, wochen",1,1744-11-03 08:00:00
570,"aufenthaltzunymphenburgmitderogantzen, zeitherigen, zurüke, wiederumen, regenspurg",1,1744-11-03 08:00:00
571,"vivat, theres, alsterg, , ",1,1744-11-03 08:00:00
573,"frantz, burgl, leopold, grund, gruber",1,1744-11-03 08:00:00
574,"gestifteten, erem, erzherzogl, bischöfl, erzherzogin",1,1744-11-03 08:00:00
-1,"hungarn, jhro, böhmen, deutschen, dalmatien",707,1746-06-05 12:00:00
0,"armee, hungarn, dalmatien, regimenter, truppen",134,1746-06-05 12:00:00
1,"konigl, kériés, stiftl, balcon, rite",19,1746-06-05 12:00:00
2,"schiffe, engländische, kriegs, schiffen, hafen",25,1746-06-05 12:00:00
3,"bischöfl, heiligkeit, kirche, kirchen, seeligen",24,1746-06-05 12:00:00
4,"geheiss, pyramyden, prätiose, paarer, festonen",8,1746-06-05 12:00:00
5,"königl, taschenbergischen, erfüllete, godzki, ferdinandum",19,1746-06-05 12:00:00
6,"russische, russischen, petersburg, rationen, russisch",12,1746-06-05 12:00:00
7,"königl, kömgl, thom, elis, ",29,1746-06-05 12:00:00
9,"zigeuner, pferde, pferd, pferden, remonta",10,1746-06-05 12:00:00
10,"spy, campirte, flü, dorf, bemeldtem",1,1746-06-05 12:00:00
11,"auszustreuen, ausniederland, verspottete, colomho, gässlein",6,1746-06-05 12:00:00
12,"incompactum, compactum, prospecten, viererley, plätzl",2,1746-06-05 12:00:00
13,"schulin, scholtz, sigmund, friedrich, kaiserl",2,1746-06-05 12:00:00
14,"gesunde, jtalien, gemeine, blessirte, carcebotta",11,1746-06-05 12:00:00
15,"streiffen, franzosen, könten, zurukgebliben, präsumirt",8,1746-06-05 12:00:00
16,"ausgesonnene, heil, kurtze, exercitien, jedoch",3,1746-06-05 12:00:00
18,"feuer, brunst, feuers, brand, heizet",11,1746-06-05 12:00:00
19,"schweden, finnland, finnische, schwedische, dänische",12,1746-06-05 12:00:00
20,"durchl, wilh, guardarobba, didak, se",11,1746-06-05 12:00:00
21,"pfahle, residentz, em, haus, haushälfte",1,1746-06-05 12:00:00
22,"majest, ma, , , ",12,1746-06-05 12:00:00
23,"1746, 1736, anno, 1747, mohnin",11,1746-06-05 12:00:00
24,"sæculorumsaeculorum, scriptoribus, ex, abwärts, ac",12,1746-06-05 12:00:00
26,"studia, acca, demische, rit, prälaten",1,1746-06-05 12:00:00
27,"marnot, balmerino, allianzallianzundund, kil, contrahenten",2,1746-06-05 12:00:00
29,"rochemont, donatum, ananna, vermäh, chev",3,1746-06-05 12:00:00
30,"beyderseits, determiniren, chandler, achtzehender, kilmarnok",2,1746-06-05 12:00:00
31,"präm, 5000, letztelos, 10000, 100",22,1746-06-05 12:00:00
34,"dornbach, denenjeni, sprich, gruner, herm",1,1746-06-05 12:00:00
35,"placenz, maillebois, trat, modena, favorita",6,1746-06-05 12:00:00
36,"mähdlein, beschauet, bestattet, geöfnet, leibes",2,1746-06-05 12:00:00
38,"churfürstl, zimmeren, offentliche, chur, jhro",4,1746-06-05 12:00:00
39,"jhro, königl, lenniter, nigl, nachdrückliche",14,1746-06-05 12:00:00
40,"carthauss, schanzgräber, abgestochen, gilles, limburgischen",2,1746-06-05 12:00:00
44,"londen, britannien, brittannien, gross, bowles",4,1746-06-05 12:00:00
47,"nessa, heiligspre, lii, schla, varo",4,1746-06-05 12:00:00
50,"lotterie, losse, classe, einlage, class",16,1746-06-05 12:00:00
51,"trauer, anfang, sept, künftigen, nehmen",1,1746-06-05 12:00:00
52,"sonatines, facilement, composées, six, monsir",2,1746-06-05 12:00:00
53,"burgerrechtin, güldenen, schachtel, überreichen, burgerl",1,1746-06-05 12:00:00
54,"mesnie, rome, bless, römischen, kaiserl",2,1746-06-05 12:00:00
55,"königl, und, möstl, kopp, kugler",1,1746-06-05 12:00:00
56,"königl, xxxandem, kolonins, gxxxllxxx, jglau",1,1746-06-05 12:00:00
57,"frederic, carabinieri, borg, real, angetretten",5,1746-06-05 12:00:00
59,"differents, divisées, tirées, auteurs, isle",2,1746-06-05 12:00:00
61,"11534, 1446, lossen, wie, amburgo",2,1746-06-05 12:00:00
63,"maximiliano, horneck, vortreflicher, herolde, trompeten",2,1746-06-05 12:00:00
64,"gebrukter, futerallen, verschicken, doppelt, illuminirter",1,1746-06-05 12:00:00
66,"septembris, 1746, teutschland, 14, september",1,1746-06-05 12:00:00
72,"serl, kais, kai, regierende, beede",9,1746-06-05 12:00:00
74,"ditmarschen, stormarn, delmenhorst, oldenburg, schleswig",1,1746-06-05 12:00:00
75,"futeral, exemplarien, augusti, mittwochs, anhang",1,1746-06-05 12:00:00
77,"dito, patrocinii, angegan, fassnachts, carneval",3,1746-06-05 12:00:00
78,"propositionen, bildnus, künstlich, gerüst, mariæmariae",3,1746-06-05 12:00:00
79,"preissler, jngenieurn, salsman, dyck, justini",1,1746-06-05 12:00:00
80,"practiciret, freymann, arre, stirt, raaben",1,1746-06-05 12:00:00
81,"kaiserl, nibal, schwartzer, bruce, eigenschaf",8,1746-06-05 12:00:00
82,"citien, 3tägigen, exer, mademoiselle, sens",2,1746-06-05 12:00:00
83,"castrumdoloris, begnädiget, hiesige, serliche, residentz",4,1746-06-05 12:00:00
84,"nuntio, monsig, nuntius, nuntii, hungarn",1,1746-06-05 12:00:00
86,"predigen, sonn, lehr, feyer, barzia",3,1746-06-05 12:00:00
87,"ritterliche, excercitia, novembris, beschlossen, oktob",1,1746-06-05 12:00:00
88,"lavoro, manvecci, terra, magatzin, commissarius",1,1746-06-05 12:00:00
90,"rukreise, würtenderg, einstalliret, martii, tribunals",2,1746-06-05 12:00:00
91,"blessirt, unwissende, vomfeldwäbelan7, vomfeldwäbelan17, unwissend",49,1746-06-05 12:00:00
93,"excell, langten, mittwoch, stern, verwichenen",2,1746-06-05 12:00:00
94,"kaiserl, djesen, sothan, beede, regierende",6,1746-06-05 12:00:00
95,"dritter, articul, unzen, thle, vier",1,1746-06-05 12:00:00
96,"säke, körbe, zubereitet, schantz, dir",1,1746-06-05 12:00:00
100,"hochw, hochfl, holstein, capitul, würzburg",3,1746-06-05 12:00:00
101,"jacht, 2500, holland, gefahren, kosten",1,1746-06-05 12:00:00
102,"gilles, lüttich, höhe, stadt, mann",1,1746-06-05 12:00:00
104,"ehester, beziehen, anfangen, völker, glaubt",1,1746-06-05 12:00:00
105,"carlocasis, adjutant, bless, major, general",1,1746-06-05 12:00:00
108,"1746sten, præjudizpraejudiz, rangs, alphabet, best",1,1746-06-05 12:00:00
110,"macanas, pensionarius, gilles, französi, breda",1,1746-06-05 12:00:00
111,"mitter, hochfürstliche, regierend, gienge, gesellschaft",2,1746-06-05 12:00:00
112,"gärtzische, mangischen, weihburg, gas, richters",1,1746-06-05 12:00:00
113,"deville, chev, bless, freyherrl, leutenant",1,1746-06-05 12:00:00
115,"sterling, 15186, 372788, pfund, unterhalt",2,1746-06-05 12:00:00
117,"tembris, laufenden, gräfl, monats, april",1,1746-06-05 12:00:00
121,"aymont, roche, anemoni, zusammen, turband",1,1746-06-05 12:00:00
128,"assessores, beor, sitzen, dert, beständig",1,1746-06-05 12:00:00
129,"schlikischen, vorgemeldt, verhandenen, hinterlas, jungfrau",1,1746-06-05 12:00:00
131,"prinzessin, dauphine, pagen, prinzessinnen, geblüt",3,1746-06-05 12:00:00
134,"mohni, sendung, sandwich, meinungen, getheilet",2,1746-06-05 12:00:00
135,"math, beschrieben, alt, 430, mathematico4to",1,1746-06-05 12:00:00
137,"castellar, sardinien, rena, maiorica, guberno",4,1746-06-05 12:00:00
142,"translatum, novissimè, andalusia, semel, italica",3,1746-06-05 12:00:00
147,"theile, cors, hautb, thle, bände",2,1746-06-05 12:00:00
153,"kuhe, schweine, zucht, jtem, pferde",1,1746-06-05 12:00:00
155,"abzustatten, complimenten, freuben, güklicher, bewillkombewillkommet",3,1746-06-05 12:00:00
160,"ehester, harrach, erwartet, tagen, graf",1,1746-06-05 12:00:00
162,"traversiere, composte, platti, overo, cembalo",1,1746-06-05 12:00:00
163,"ungarn, oberwehntem, hungarischer, ochsen, vorbey",1,1746-06-05 12:00:00
166,"diarii, wienerischen, verleger, hungarn, tractatà",2,1746-06-05 12:00:00
167,"allhiesigen, verordnung, löbl, eines, auf",1,1746-06-05 12:00:00
172,"cath, stief, eva, , ",1,1746-06-05 12:00:00
178,"bles, böhmen, kutsch, gebs, krankend",1,1746-06-05 12:00:00
179,"män, allerunterthänigst, niglich, achten, wornach",1,1746-06-05 12:00:00
181,"kremmer, weiland, gewester, stephan, burgerl",1,1746-06-05 12:00:00
183,"augaugspurg, visi, landgrafen, darm, bestuchef",2,1746-06-05 12:00:00
187,"bernhardi, wölb, oberen, friedrich, buch",1,1746-06-05 12:00:00
188,"juft, alfo, affiigirung, sku, vorgemeldetes",1,1746-06-05 12:00:00
189,"düsseldorf, martii, frankfurt, deutschen, hamburg",1,1746-06-05 12:00:00
190,"catharinenthal, wolseyn, eingetroffen, pallast, allerhöchsten",1,1746-06-05 12:00:00
193,"kappellen, gräfin, entschlaffene, selig, genfurt",1,1746-06-05 12:00:00
198,"reval, fürstens, glüklich, fürstin, gross",1,1746-06-05 12:00:00
200,"juden, buchführer, verfast, vlies, gedrukt",1,1746-06-05 12:00:00
201,"löbl, probstorf, blasende, hinteren, eingeschrieben",5,1746-06-05 12:00:00
202,"verloh, repetir, sicheren, wand, gol",1,1746-06-05 12:00:00
203,"kind, mutter, gürtel, wiege, wunderbar",3,1746-06-05 12:00:00
210,"wien, hof, deutsche, zu, vienne",1,1746-06-05 12:00:00
211,"augs, augsb, augsp, augsbug, conv",1,1746-06-05 12:00:00
212,"felucke, 40000, 20000, genuesische, rechnet",3,1746-06-05 12:00:00
213,"bless, josephcuriel, dechiliau, leutenant, ",41,1746-06-05 12:00:00
215,"35000, schikt, cumber, verwilligten, patenten",1,1746-06-05 12:00:00
224,"kaiserl, mann, jhro, nachdeme, jhre",3,1746-06-05 12:00:00
245,"du, theil, königl, jhre, kasp",1,1746-06-05 12:00:00
254,"frisia, zusammen, frle, frider, fleischh",1,1746-06-05 12:00:00
255,"1762, boren, bayreuth, 1734, friederich",1,1746-06-05 12:00:00
256,"hungarn, böheim, germanien, königl, körnerzehend",2,1746-06-05 12:00:00
261,"schiken, gefängnisse, aufzuheben, obgedach, unterhalt",1,1746-06-05 12:00:00
264,"vittoria, zusammen, viol, vitriol, vitriolumdecypro",1,1746-06-05 12:00:00
266,"alphabeter, zwey, zimmergs, zoll, zoraide",1,1746-06-05 12:00:00
270,"settische, ors, döbling, ligende, alltäglich",1,1746-06-05 12:00:00
273,"prinzessin, durchl, samt, dero, majestäten",1,1746-06-05 12:00:00
275,"historias, jahrhunderts, geistergeschichte, geister, geschichte",1,1746-06-05 12:00:00
287,"beyderseits, geschütz, folgender, sonderlich, still",1,1746-06-05 12:00:00
289,"köngsöre, aufhalten, lust, schloss, burg",1,1746-06-05 12:00:00
290,"frome, wirtin, zerschiedenen, geistl, angestellt",1,1746-06-05 12:00:00
291,"1743, 1744, 1745, 1748, 1740",2,1746-06-05 12:00:00
292,"landesfürstl, beck, holstein, printzens, gouverneur",1,1746-06-05 12:00:00
297,"aaguessau, guessau, zugänge, mons, besetzte",1,1746-06-05 12:00:00
304,"fowler, befangen, williamson, marshal, cromarty",2,1746-06-05 12:00:00
305,"summavonallen43, vomfeldwäbelan5, wallis, prinzen, prinz",1,1746-06-05 12:00:00
310,"hohenholz, fawkener, nicolaus, eberhard, unterzeichnet",2,1746-06-05 12:00:00
311,"articul, zwölfter, festgese, festgestellte, zulänglich",1,1746-06-05 12:00:00
313,"1746, resolvirt, holländisch, 1747, gedrukt",3,1746-06-05 12:00:00
317,"angefanangefangen, arrt, stirung, untersuchungs, process",1,1746-06-05 12:00:00
320,"proponiren, schikt, communiciren, interessirte, heist",1,1746-06-05 12:00:00
322,"dressden, privat, audienz, martii, erste",1,1746-06-05 12:00:00
324,"illuminirter, futteral, bögen, sauber, gestochen",1,1746-06-05 12:00:00
330,"augustini, allda, gehalten, ceremonien, händen",1,1746-06-05 12:00:00
332,"zusamnten, contantlosse, bekommet, gratis, bezahlet",1,1746-06-05 12:00:00
334,"flandern, 343112, beywohnen, feldzug, mann",1,1746-06-05 12:00:00
343,"visconti, verstarbe, schall, mar, kaiserl",1,1746-06-05 12:00:00
344,"bettenden, bezwungener, durchgrabung, villigen, tudom",1,1746-06-05 12:00:00
346,"lannay, runter, tarius, secre, proskau",1,1746-06-05 12:00:00
347,"rohrau, 70000, thlr, polnischen, harrach",3,1746-06-05 12:00:00
350,"königl, der, dem, von, ",2,1746-06-05 12:00:00
357,"ehen, aufgestellet, fentlichen, zug, berichtete",1,1746-06-05 12:00:00
359,"aristing, lochiel, umzingelt, bergschotten, prätenden",1,1746-06-05 12:00:00
366,"zusammen, pavia, viefville, sagunto, visiers",25,1746-06-05 12:00:00
372,"krauss, händ, lern, paul, derkaiserl",3,1746-06-05 12:00:00
373,"buchdruckern, buchdrukern, hof, holzversilb, holzapfel",2,1746-06-05 12:00:00
380,"henn, nied, nistrationsregistrat, admi, ",1,1746-06-05 12:00:00
382,"merida, ihrs, dziali, maiest, maji",1,1746-06-05 12:00:00
385,"nigl, kö, nigricant, wje, spricht",2,1746-06-05 12:00:00
390,"defensivallianz, unzertheilten, 1746, faltigkeit, tersburg",1,1746-06-05 12:00:00
393,"todt, mayt, , , ",25,1746-06-05 12:00:00
396,"meukünften, puisteux, allstündlich, öfentlichen, 1746",1,1746-06-05 12:00:00
398,"prämien, 30000, preise, nemlich, 3000",1,1746-06-05 12:00:00
426,"linquent, landstrei, herumziehens, nidlingen, kirchstättern",2,1746-06-05 12:00:00
438,"50000, vernihmt, 50, man, dass",1,1746-06-05 12:00:00
439,"schw, , , , ",2,1746-06-05 12:00:00
440,"hungarn, granges, dreux, approbation, gleichförmige",2,1746-06-05 12:00:00
447,"bessler, gesunde, gemeine, beutel, fürstl",1,1746-06-05 12:00:00
450,"ungestümm, förchtet, unglük, langer, seit",1,1746-06-05 12:00:00
451,"brabant, bracciano, brabantia, odescalchi, duca",2,1746-06-05 12:00:00
454,"pferd, oberofficier1, blessirt, mann5, mann4",21,1746-06-05 12:00:00
463,"lidl, schulter, stechern, gassel, jacob",3,1746-06-05 12:00:00
467,"nepomuc, ropa, eu, überkommen, ordre",2,1746-06-05 12:00:00
481,"favorita, julii, soissons, joanneadamoott, moniardin",1,1746-06-05 12:00:00
482,"gelehrtigteit, vienævienaeinviaregia, ausnehmender, verfaste, zier",1,1746-06-05 12:00:00
491,"gedrukt, ghelen, peter, zierraten, dediciret",2,1746-06-05 12:00:00
504,"zurukbehatten, rukständige, vicariat, dievondraguignanaber, widerum",1,1746-06-05 12:00:00
509,"kaiserl, kaisers, excellenz, der, majest",3,1746-06-05 12:00:00
510,"tidone, rottofreddo, erfochtenen, spanisch, 10ten",1,1746-06-05 12:00:00
514,"würkl, schuhm, schäl, schich, abök",1,1746-06-05 12:00:00
516,"tiisplusofferentilicitando, cumappertinen, unverzag, settische, ors",1,1746-06-05 12:00:00
524,"benedicti, monasteri, præsatipraesati, religiossimus, reverendus",2,1746-06-05 12:00:00
527,"diamant, amboss, oberschrift, lædorlaedor, zerschmetteret",1,1746-06-05 12:00:00
529,"parsberg, rummel, eichstädtischen, zogtums, bischoffens",1,1746-06-05 12:00:00
530,"tunis, wehrstand, algier, kauffardey, engländisches",1,1746-06-05 12:00:00
538,"mitmittag, ritteren, vliesses, königen, allerhöchste",1,1746-06-05 12:00:00
551,"kunftigen, heumonats, geistl, tägige, julii",1,1746-06-05 12:00:00
558,"ignatii, vatters, kaiserl, coharischen, feyerer",1,1746-06-05 12:00:00
561,"auroribus, sebastiano, geprediget, ausgezogen, baader",1,1746-06-05 12:00:00
-1,"roma, juden, hungarn, böhmen, zuruk",928,1748-01-05 16:00:00
0,"ungarn, böhmen, regiment, truppen, regimenter",64,1748-01-05 16:00:00
1,"rubl, tazetten, gel, ehrfurchts, stelligen",26,1748-01-05 16:00:00
2,"schiffe, türken, juden, see, flotte",43,1748-01-05 16:00:00
3,"feyerliche, kirche, cardinal, predig, heiligkeit",13,1748-01-05 16:00:00
4,"stüke, arbeitet, fremfremde, ankleiden, capseln",8,1748-01-05 16:00:00
5,"königl, majest, könig, majestäten, pactacon",31,1748-01-05 16:00:00
6,"imperiale, woiwodschaft, starost, moskau, russland",8,1748-01-05 16:00:00
7,"königl, kömgl, thom, elis, ",53,1748-01-05 16:00:00
8,"raum, fande, kurtz, prächtig, sahe",2,1748-01-05 16:00:00
9,"monplai, pfeisser, pferden, schalmeyen, sechs",3,1748-01-05 16:00:00
10,"grö, früchten, jnundation, erkälreterkläret, abgemähet",6,1748-01-05 16:00:00
11,"krankheit, hals, ratclif, drukte, eyter",9,1748-01-05 16:00:00
12,"geographischen, deutschen, bolandi, continuatore, jusecten",4,1748-01-05 16:00:00
13,"tomka, johanne, posonii, ungebund, authore",4,1748-01-05 16:00:00
14,"pauner, 12516, antoniolettischen, handirungen, tafeln",8,1748-01-05 16:00:00
15,"französische, niessen, frankreich, französischen, franzosen",14,1748-01-05 16:00:00
16,"linken, rechten, seite, heil, cornucopiæcopiae",7,1748-01-05 16:00:00
17,"anmasseten, gäntzliche, particuliers, drungen, abschaffung",1,1748-01-05 16:00:00
18,"dreymal, tirnitz, manufactuur, umea, rukweg",5,1748-01-05 16:00:00
19,"bark, schweden, norwegen, dännemark, coppenhagen",7,1748-01-05 16:00:00
20,"durchl, wilh, guardarobba, didak, se",18,1748-01-05 16:00:00
22,"majest, ma, , , ",4,1748-01-05 16:00:00
23,"1748, 1728, charta, majori, schazen",6,1748-01-05 16:00:00
24,"calcographorum, accomo, fieri, adcuratis, regnorum",6,1748-01-05 16:00:00
26,"mitglied, fleissig, academie, wissenschaften, wo",1,1748-01-05 16:00:00
31,"5000, 46968, kaufmannschaften, 800000, haushaltungs",6,1748-01-05 16:00:00
35,"mittags, tirade, kirchweih, ltags, steinheim",14,1748-01-05 16:00:00
36,"tulpen, blumen, arten, türkische, allerhand",4,1748-01-05 16:00:00
38,"churfürstl, jhro, churfürstin, chur, churchurfürstl",11,1748-01-05 16:00:00
39,"jhro, königl, comodie, hocquart, köh",14,1748-01-05 16:00:00
40,"frantzösis, selbigen, tag, noch, denen",1,1748-01-05 16:00:00
42,"ermangelt, glorreich, tenstein, hohenlohe, mens",1,1748-01-05 16:00:00
43,"darunter, summa, kind, personen, leopoldst",2,1748-01-05 16:00:00
44,"brittannien, o8, edenburg, gross, maltha",5,1748-01-05 16:00:00
45,"gundlings, hieron, sauberen, papier, gedrukt",2,1748-01-05 16:00:00
46,"127281, silutiret, vorsezlich, schwätzet, vorwendungen",1,1748-01-05 16:00:00
47,"montag, dienstag, pfingst, ausgebessert, verschiedenes",5,1748-01-05 16:00:00
48,"aufgefischet, eingekauffet, wein, aufbe, rhe",2,1748-01-05 16:00:00
50,"stags, loose, alhiesige, donner, lotterie",1,1748-01-05 16:00:00
51,"formalitäten, eröfnung, geschahe, tages, sept",1,1748-01-05 16:00:00
53,"burgerl, anibas, feichtner, morelli, lanser",5,1748-01-05 16:00:00
54,"römis, verschiedenes, amts, schif, aus",1,1748-01-05 16:00:00
57,"greg, ibidem, reit, schul, gemacht",3,1748-01-05 16:00:00
59,"französische, francof, gewichener, informiret, cier",4,1748-01-05 16:00:00
63,"jnstrumental, erthönte, peln, stumen, wähende",2,1748-01-05 16:00:00
66,"1748, interimsdivident, zanko, hauzenbergischen, gaun",2,1748-01-05 16:00:00
68,"veranlas, lauffenden, novemb, november, donnerstag",1,1748-01-05 16:00:00
72,"serl, kai, regierende, kais, kaisel",4,1748-01-05 16:00:00
77,"persons, verheyratete, dito, 1748, mittag",2,1748-01-05 16:00:00
78,"schuhe, abgötter, marmor, statuen, tempel",5,1748-01-05 16:00:00
79,"ausübungen, markscheide, ihrey, sandern, dienlichen",1,1748-01-05 16:00:00
80,"wasner, zeither, üble, unpässlich, gleichwohl",1,1748-01-05 16:00:00
81,"demnach, kaiserl, landen, man, erb",6,1748-01-05 16:00:00
82,"bapreuth, christiana, wilhel, residiret, mina",2,1748-01-05 16:00:00
83,"festinnen, durchreisen, mäch, stuttgard, anzustellen",3,1748-01-05 16:00:00
84,"nuntii, litthauen, kuss, formali, jnstruc",2,1748-01-05 16:00:00
86,"anmütigen, erlösene, erlöser, davids, bricht",1,1748-01-05 16:00:00
87,"october, oktob, den, oktober, wochenmärkte",2,1748-01-05 16:00:00
88,"commission, jmposten, werckstellig, abschnei, finan",2,1748-01-05 16:00:00
89,"joanno, theresiani, piker, prænobilipraenobili, clarissimo",1,1748-01-05 16:00:00
90,"gii, colle, commercien, allermildest, verleihen",1,1748-01-05 16:00:00
91,"iesuin12mo, rosignoli, blessirt, unwissende, capitapapaverisalbi",1,1748-01-05 16:00:00
93,"lenzen, excell, excel, gleichwie, jhre",2,1748-01-05 16:00:00
94,"regierende, kaiserl, beede, allerhöchst, actus",5,1748-01-05 16:00:00
95,"dritter, theil, vier, unzen, thle",3,1748-01-05 16:00:00
98,"bistorische, homän, physicalische, hangende, hubners",1,1748-01-05 16:00:00
100,"hochfürstl, verwichenhin, nigsfeld, pfienge, jhro",4,1748-01-05 16:00:00
101,"holland, mannsegge, haag, neralität, amsterdam",3,1748-01-05 16:00:00
102,"tieffen, kärntner, graben, alt, stadt",2,1748-01-05 16:00:00
104,"limitiren, fan, gesä, vergleichen, dienlich",1,1748-01-05 16:00:00
105,"charbonnier, adjutant, sodann, durchl, jhro",1,1748-01-05 16:00:00
106,"societät, nenausländischenmärktenruhmerhal, damitderbrittischehäringaufde, ansehnl, gepackt",2,1748-01-05 16:00:00
108,"michaelis, 1749, schupfen, jtem, falls",1,1748-01-05 16:00:00
109,"eric, d9, friesendorfundbaron, oxenstierna, roh",1,1748-01-05 16:00:00
110,"racter, cha, congress, kurtzem, französischer",1,1748-01-05 16:00:00
111,"anzunden, herzog, richemond, holet, nachmittags",4,1748-01-05 16:00:00
115,"sterling, pfund, helfte, sterlings, überüberbracht",7,1748-01-05 16:00:00
116,"jn, stadt, der, fruh, neu",2,1748-01-05 16:00:00
120,"segur, besitzet, bourdeaux, landschaft, præsidentpraesident",1,1748-01-05 16:00:00
121,"anemoni, artige, altebollene, farbige, gedoppelte",15,1748-01-05 16:00:00
126,"tagw, alt, cathar, alster, marolt",4,1748-01-05 16:00:00
127,"prag, böhmen, jngend, burggrafen, bruderschaften",4,1748-01-05 16:00:00
129,"kindes, kinder, grange, adamsen, eingesegnete",3,1748-01-05 16:00:00
131,"prinzessin, stantis, prote, voreilig, werd",4,1748-01-05 16:00:00
132,"kaiserl, kaisersthée, kaiserspit, 69, 43",2,1748-01-05 16:00:00
141,"zuanischen, pendorf, postillion, gum, braunen",1,1748-01-05 16:00:00
142,"erusaden, goa, wert, madrid, gewis",1,1748-01-05 16:00:00
144,"gustav, carl, heinr, liewen, mörner",5,1748-01-05 16:00:00
149,"octob, morgen, wien, den, extrablat",7,1748-01-05 16:00:00
151,"excell, nürnberg, cont, 31, statt",1,1748-01-05 16:00:00
152,"gold, choccolata, wilstin, hebeyerin, satler",7,1748-01-05 16:00:00
154,"bösswichter, rotenkirchen, herumschwärmende, getroffen, unternom",1,1748-01-05 16:00:00
155,"sorgfalt, danknehmung, danksagen, xaverium, disinction",4,1748-01-05 16:00:00
163,"ungarn, neralen, ungarischer, mehrentheils, bagage",2,1748-01-05 16:00:00
164,"portugal, lisabon, lissabon, octob, junii",2,1748-01-05 16:00:00
166,"hungarn, auditors, antonii, diarii, verleger",1,1748-01-05 16:00:00
167,"verordnung, hochlöbl, einer, löbl, auf",2,1748-01-05 16:00:00
169,"5den, hielte, unser, durchl, dieses",1,1748-01-05 16:00:00
170,"oranien, arnunculen, printz, delft, merkwürdigste",4,1748-01-05 16:00:00
173,"dadanndievornehme, ausein, daureten, stimmeten, heil",4,1748-01-05 16:00:00
174,"baron, obriste, axel, flemming, gustav",8,1748-01-05 16:00:00
175,"ferdinand, spandauer, bayreutischen, printzen, braunschweig",2,1748-01-05 16:00:00
177,"darumen, fernere, aldorten, auskunft, kan",1,1748-01-05 16:00:00
178,"böhmen, 12mo, schnal, gross, vergnügt",4,1748-01-05 16:00:00
181,"kramrisin, elisab, alt, kleebinder, spiegelritter",1,1748-01-05 16:00:00
182,"feuerwerk, feuerwerke, abgebrannt, pont, stere",8,1748-01-05 16:00:00
183,"sigism, ruuth, preuffen, dero, creirt",6,1748-01-05 16:00:00
186,"schwantneris, saltzbauer, oelerer, carmel, befreyter",2,1748-01-05 16:00:00
187,"behaus, grafenkery, jvoliger, philippina, sintzendorf",1,1748-01-05 16:00:00
189,"frankfurt, deutschen, hamburg, augsburg, deutschland",2,1748-01-05 16:00:00
190,"cathar, sied, leim, alster, catharina",3,1748-01-05 16:00:00
193,"dame, selig, adeliche, gräfin, stern",4,1748-01-05 16:00:00
196,"königi, königl, thrones, seine, throne",2,1748-01-05 16:00:00
198,"wehntem, chotek, monbijou, kaiser, einführung",3,1748-01-05 16:00:00
200,"juden, vliess, wohlthäter, bezeigende, fegfeuer",2,1748-01-05 16:00:00
201,"löbl, nachts, hiesiger, verordnung, hoch",1,1748-01-05 16:00:00
206,"böselager, bejahrte, hodenberg, reforme, reichet",1,1748-01-05 16:00:00
207,"1749, frankfurt, leipzig, 8vo, berlin",1,1748-01-05 16:00:00
209,"fleises, fertigem, möglichsten, pallastes, anlangung",1,1748-01-05 16:00:00
210,"october, wien, deutsche, vienne, beygesetzten",1,1748-01-05 16:00:00
212,"fouquemont, theatto, 40000, 20000, provi",4,1748-01-05 16:00:00
221,"warschau, polen, friedenburg, pohlnischen, diarium",2,1748-01-05 16:00:00
223,"frankf, frank, sebastian, gehollten, torik",2,1748-01-05 16:00:00
224,"mitt, kaiserl, geruheten, jhro, tage",2,1748-01-05 16:00:00
225,"leopoldst, margar, alt, leopold, leopoldi",1,1748-01-05 16:00:00
226,"lianten, übernachten, frauen, fuchs, aldorten",2,1748-01-05 16:00:00
230,"vorschlagen, publico, hochlöbl, befunden, gut",2,1748-01-05 16:00:00
232,"geru, kaiserl, het, allergnädigst, fürsten",1,1748-01-05 16:00:00
236,"niver, nois, chaulnes, erneuerung, hertzogs",2,1748-01-05 16:00:00
237,"sterl, viii, , , ",2,1748-01-05 16:00:00
242,"priesters, seel, päpstl, priester, priest",1,1748-01-05 16:00:00
245,"kappelle, jhre, königl, kasp, komp",1,1748-01-05 16:00:00
246,"kunftigen, verordnung, hochlöbl, monats, einer",1,1748-01-05 16:00:00
251,"senat, bohten, stube, meinun, vorgeschlagene",4,1748-01-05 16:00:00
253,"reichsversammlung, kreisen, vordern, furt, reichs",1,1748-01-05 16:00:00
256,"hungarn, böheim, königl, körnerzehend, hablinischer",1,1748-01-05 16:00:00
261,"parole, gefängnisse, trettungsfälle, vermöchte, geldstrafe",1,1748-01-05 16:00:00
262,"deutsche, recompens, verkoren, machter, verleger",2,1748-01-05 16:00:00
271,"erz, maria, kron, herzoginnen, herzogin",5,1748-01-05 16:00:00
273,"gonda, majestäten, houx, jhro, severin",4,1748-01-05 16:00:00
284,"gesprangte, arnuncu, farben, silberfärbig, gemählbe",5,1748-01-05 16:00:00
285,"durchl, jhro, jestäten, abzu, besagt",5,1748-01-05 16:00:00
286,"richtere, mählung, enthaup, umligende, bayreut",1,1748-01-05 16:00:00
287,"salomonis, wilsdruffer, vermutete, ausruhen, nacht",2,1748-01-05 16:00:00
291,"1748, 1745, emmer, 1747, em",8,1748-01-05 16:00:00
295,"gesäumt, unab, betrieben, senat, stimmen",1,1748-01-05 16:00:00
296,"uber, abbitten, verpachtere, schweitzers, schadloshaltung",2,1748-01-05 16:00:00
305,"wallis, gnädigste, genossen, famille, gnade",2,1748-01-05 16:00:00
309,"kinlock, dunder, bellion, entlehnet, exercitium",2,1748-01-05 16:00:00
311,"matt, angekleidet, unterstützung, erschienen, gelegenheit",1,1748-01-05 16:00:00
313,"1746, wien, 1731, 1730, 1741",2,1748-01-05 16:00:00
317,"diesertagenistdiebesatzungzulivornomit, gonvernement, e9, frenndlichste, aufzuwarten",2,1748-01-05 16:00:00
320,"definitiv, schafter, bott, haffelaar, trahirenden",3,1748-01-05 16:00:00
323,"blöste, ausruffen, zieleten, herabge, blühend",3,1748-01-05 16:00:00
332,"garnitur, 7625, fassungs, vorweisen, angebentlichen",1,1748-01-05 16:00:00
334,"flandern, vermindert, ungewiss, regulirte, ligende",1,1748-01-05 16:00:00
339,"särge, osten, zwanzig, lagen, westen",1,1748-01-05 16:00:00
343,"castello, maltesischer, stampa, monte, ordens",1,1748-01-05 16:00:00
348,"abziehen, trup, meiste, ehestens, ansehen",1,1748-01-05 16:00:00
350,"königl, der, dem, von, ",3,1748-01-05 16:00:00
356,"coneinuiret, erfüllung, jahres, halbe, heraus",2,1748-01-05 16:00:00
359,"lachsen, erstrekte, schweif, ohren, gabel",1,1748-01-05 16:00:00
361,"grati, avertissement, davon, dank, abzustatten",1,1748-01-05 16:00:00
372,"kraus, paul, nebst, kaiserl, bey",1,1748-01-05 16:00:00
373,"buchdruckern, hof, holzversilb, holzapfel, impress",4,1748-01-05 16:00:00
375,"opor, morgends, welcherwegen, gnügt, abgeschikt",1,1748-01-05 16:00:00
376,"planet, ansicht, stralen, venus, iedes",1,1748-01-05 16:00:00
378,"beinen, mann, denen, hisp, auf",1,1748-01-05 16:00:00
385,"nigl, kö, nigricant, wje, spricht",6,1748-01-05 16:00:00
386,"juden, jfrael, rene, herauskommen, lootsen",2,1748-01-05 16:00:00
390,"novembris, 1748, samstags, fortsetzung, warschau",1,1748-01-05 16:00:00
396,"aachen, überzugehen, zeitheri, wandter, galley",4,1748-01-05 16:00:00
397,"musik, kammer, tags, abends, nach",2,1748-01-05 16:00:00
398,"betraget, geraubet, 30000, nige, je",1,1748-01-05 16:00:00
399,"sardi, nischer, lüttich, beyzuwohnen, october",1,1748-01-05 16:00:00
401,"hyacinten, gefüllte, farb, weisse, frühe",9,1748-01-05 16:00:00
402,"briefen, ten, satzbrief, satzbriefe, briefe",1,1748-01-05 16:00:00
404,"math, calculat, kind, alt, ",1,1748-01-05 16:00:00
408,"knor, heinr, ring, heil, heiderisches",1,1748-01-05 16:00:00
420,"grundliche, defendent, nachruhm, unsterblichen, wissenschaft",1,1748-01-05 16:00:00
422,"1749, leiptig, band, ster, gross",3,1748-01-05 16:00:00
426,"neval, bon, grafens, alters, verstorben",1,1748-01-05 16:00:00
427,"wis, erinnern, edict, offentlichen, wollen",1,1748-01-05 16:00:00
432,"kaufmannschafkaufmannschaften, eingeladenen, verunglüket, namur, leu",2,1748-01-05 16:00:00
437,"annahender, geprüffet, schwangerschaft, 9te, bindung",1,1748-01-05 16:00:00
441,"folio, jn, jnsiegel, jsabella, getheilet",2,1748-01-05 16:00:00
443,"brittannien, majest, gross, könig, jhro",1,1748-01-05 16:00:00
444,"commissariats, hofkriegs, leopoldstadt, unweit, kaiserl",1,1748-01-05 16:00:00
463,"narcissi, nobili, zwibeln, montani, sorten",2,1748-01-05 16:00:00
473,"traf, gestern, fruhe, königl, uhr",1,1748-01-05 16:00:00
477,"bega, besuchet, königl, junge, hauses",4,1748-01-05 16:00:00
479,"fleisch, kalbfleisch, derste, dichte, rind",1,1748-01-05 16:00:00
482,"abgestorbene, gebetgebetter, kürnerischen, 1647, andächtige",1,1748-01-05 16:00:00
484,"gebenden, entwerfen, por, gütern, tion",1,1748-01-05 16:00:00
485,"elberfeld, elbstrom, term, febr, un",1,1748-01-05 16:00:00
487,"oest, isch, engl, , ",3,1748-01-05 16:00:00
488,"artic, completum, additis, etiam, integrum",1,1748-01-05 16:00:00
491,"gedrukt, ghelen, peter, ihro, 1749",1,1748-01-05 16:00:00
493,"leipzig, vierter, 1749, band, gross",1,1748-01-05 16:00:00
502,"ruk, metrio, peters, procession, gelübd",1,1748-01-05 16:00:00
508,"gleichheit, müntzen, münzen, ersuchen, angetroffen",2,1748-01-05 16:00:00
509,"kaiserl, kaisers, excellenz, der, majest",1,1748-01-05 16:00:00
510,"übergeschicket, ausreissere, oran, weiteres, africa",2,1748-01-05 16:00:00
511,"saamen, romani, brocoli, kauli, flor",6,1748-01-05 16:00:00
514,"würkl, schuhm, schäl, schich, abök",2,1748-01-05 16:00:00
516,"reichensachsen, jnd, erstens, hessen, gebürtig",1,1748-01-05 16:00:00
520,"dibrusseles, labella, arnunculen, casp, arunculen",3,1748-01-05 16:00:00
522,"rthl, rthlr, rthkr, , ",1,1748-01-05 16:00:00
525,"jnsee, schnecken, dieselbige, muscheln, bedienet",1,1748-01-05 16:00:00
529,"lautereck, congres, bevollmächtigter, dritter, aachen",1,1748-01-05 16:00:00
534,"fürwährende, fügte, freu, unpässlichkeit, gröster",2,1748-01-05 16:00:00
535,"marx, feilhacker, kran, summa, darunter",1,1748-01-05 16:00:00
536,"andre, gold, schuster, weingarten, bey",1,1748-01-05 16:00:00
545,"gelbe, jonqui, gefüllte, arnunculen, lien",6,1748-01-05 16:00:00
555,"körner, pockflüss, siessenbrunn, pillerstorf, meisibietenden",1,1748-01-05 16:00:00
557,"gratulations, compliment, ermeldte, ablegen, salzburg",1,1748-01-05 16:00:00
558,"beyderseits, regierende, kaiserl, schröffl, guarantirten",1,1748-01-05 16:00:00
559,"sebast, severin, lüttich, findet, besser",2,1748-01-05 16:00:00
564,"weinlöse, weins, merklich, reichlich, innerhalb",1,1748-01-05 16:00:00
570,"gilien, montagein, auspaken, leers, auferbaulichst",3,1748-01-05 16:00:00
579,"denlich, hinströmte, hohem, geschahen, boot",1,1748-01-05 16:00:00
-1,"hungarn, türken, deutschen, deren, denen",833,1749-08-06 20:00:00
0,"hungarn, regiment, jnfanterie, regimenter, battaillon",36,1749-08-06 20:00:00
1,"assesorialgerichte, fockisch, wirfet, köntet, ticulier",17,1749-08-06 20:00:00
2,"schiffe, schiffen, schif, flotte, cadix",26,1749-08-06 20:00:00
3,"kirche, venetianer, sclaven, cardinalen, beywohnung",12,1749-08-06 20:00:00
4,"kleinodien, smaragden, kästen, zinn, sesseln",13,1749-08-06 20:00:00
5,"königl, visiten, majestäten, bottschaf, majestät",30,1749-08-06 20:00:00
6,"glükseligheit, sun, generaliät, beydemal, postilions",6,1749-08-06 20:00:00
7,"königl, kömgl, thom, elis, ",43,1749-08-06 20:00:00
9,"pferd, pferde, pferden, sezana, tarif",10,1749-08-06 20:00:00
10,"regen, vermischtes, huy, schaden, heftiger",11,1749-08-06 20:00:00
11,"suppen, bassa, gesicht, weibs, gift",10,1749-08-06 20:00:00
12,"deutschen, deutsche, büchern, nutzlichen, heyin",11,1749-08-06 20:00:00
13,"schm, gerstenbrandis, küpfer, sepha, scudi",3,1749-08-06 20:00:00
14,"batthiani, prœnumerationproenumeration, staudenherz, aso, nachstehendes",3,1749-08-06 20:00:00
15,"französische, pfünder, denenan, suchs, fullit",3,1749-08-06 20:00:00
16,"euch, gekennt, kriegalsfrieden, entzweyten, wimmlen",6,1749-08-06 20:00:00
18,"feuer, feuers, brunst, häuser, georgen",10,1749-08-06 20:00:00
19,"schwedischen, dännemark, schweden, norwegen, standes",9,1749-08-06 20:00:00
20,"durchl, wilh, guardarobba, didak, se",13,1749-08-06 20:00:00
21,"zeug, gebracht, haus, worden, haushälfte",1,1749-08-06 20:00:00
22,"majest, ma, , , ",11,1749-08-06 20:00:00
23,"1739, bamberg, 1746, kupfern, schönen",3,1749-08-06 20:00:00
24,"popularique, fuhrmanno, viennensia, eremitæeremitae, hernalsii",2,1749-08-06 20:00:00
26,"witt, wen, waisen, schools, charity",2,1749-08-06 20:00:00
28,"hueman, brandst, bürgerl, carl, gläubiger",1,1749-08-06 20:00:00
29,"lindterin, briela, joanna, bäckerstr, unteren",2,1749-08-06 20:00:00
31,"6000, sichbelauffen, coloni, 600000, wette",5,1749-08-06 20:00:00
34,"dictiret, mainz, erzherzogin, betreffend, offentlich",1,1749-08-06 20:00:00
35,"feyerlichkei, brunsten, donnerwetter, blitzen, jetziger",6,1749-08-06 20:00:00
36,"zwibel, blumen, kiel, bäumen, garten",7,1749-08-06 20:00:00
37,"sinzendorfis, graf, lamberg, carl, baron",1,1749-08-06 20:00:00
38,"churfürstl, churftl, angeneh, nymphenburg, lichtenberg",8,1749-08-06 20:00:00
39,"jhro, königl, namensfest, aerzten, friedrichs",10,1749-08-06 20:00:00
42,"festgestelten, respectwen, mitgethei, entkräftigung, eineinzugeben",3,1749-08-06 20:00:00
43,"summa, darunter, kinder, schlahadinske, 2649",3,1749-08-06 20:00:00
44,"londen, riatscha, verungen, ptoir, plun",3,1749-08-06 20:00:00
47,"beysteur, scheibe, berahtschlagen, actus, montag",3,1749-08-06 20:00:00
50,"derpreis, negotiiren, renrennen, weggekauffet, lotterie",3,1749-08-06 20:00:00
51,"septemb, jnfantin, ansehen, gestellet, anfang",1,1749-08-06 20:00:00
53,"burgerl, witman, rasingerin, schlichter, brechtl",10,1749-08-06 20:00:00
54,"kürtzliche, beygefüget, geheiligten, wunder, dingen",2,1749-08-06 20:00:00
55,"königl, und, möstl, kopp, kugler",1,1749-08-06 20:00:00
57,"frjedrjch, geistl, gott, gebeth, carolivi",2,1749-08-06 20:00:00
59,"französis, samstags, grosses, kame, französ",1,1749-08-06 20:00:00
60,"ausgesezten, vergütet, ermelter, zahlungs, gebührende",1,1749-08-06 20:00:00
63,"angeschauet, stimmderpauckenwiderhall, trompetenund, frolockend, übergrossen",2,1749-08-06 20:00:00
64,"geschiktesten, gestochen, meistern, kupfer, darzu",1,1749-08-06 20:00:00
66,"1750, 1749, niederland, brüssel, edict",2,1749-08-06 20:00:00
69,"aehern, gräfl, malsch, cypress, oelund",2,1749-08-06 20:00:00
71,"gefr, gondolis, hessit, worsikofsky, max",1,1749-08-06 20:00:00
72,"kais, serl, kai, der, regierende",1,1749-08-06 20:00:00
77,"dito, kaiserl, ist, in, der",1,1749-08-06 20:00:00
78,"pyramiden, vergoldeten, gleichgewichte, steinundhaltennochbeyweiten, aufgericht",2,1749-08-06 20:00:00
79,"hergeleitet, alphons, pfeisserischen, sarasa, kunst",2,1749-08-06 20:00:00
80,"freyheit, freyhrn, freyherrl, frey, freyhr",1,1749-08-06 20:00:00
81,"lic, diedo, repub, nachstehendes, vergangene",3,1749-08-06 20:00:00
82,"wilhelmi, jdstein, fürstin, schlagfluss, weilburg",1,1749-08-06 20:00:00
83,"allerschuldigsten, unversehrtbeybehaltene, ererbt, eingeltefert, triumphpforte",2,1749-08-06 20:00:00
84,"übereichte, nuntio, nuntii, opfer, wohnten",2,1749-08-06 20:00:00
88,"commissarien, unumgänglich, bessitzer, ersparte, nationalschulden",4,1749-08-06 20:00:00
90,"michaeler, ghelen, peter, portugal, lisabon",2,1749-08-06 20:00:00
91,"genesene, derschaften, pilgramen, 4675, 77229",1,1749-08-06 20:00:00
93,"excell, fabricii, tii, serbelloni, kurzen",6,1749-08-06 20:00:00
94,"zukünftigen, regierende, actum, kaiserl, freytag",2,1749-08-06 20:00:00
100,"hochfürstl, da, nun, hochw, jhro",2,1749-08-06 20:00:00
102,"bemeidten, teintfaltstr, krugerstr, alt, stadt",5,1749-08-06 20:00:00
108,"1750, eingebund, russet, eritischen, ostern",6,1749-08-06 20:00:00
110,"bachi, gevollmächtigte, abreise, französische, minister",1,1749-08-06 20:00:00
111,"dienstage, abends, dellas, phaeton, begaben",9,1749-08-06 20:00:00
112,"korenzer, pazmaniter, mant, einholen, stof",1,1749-08-06 20:00:00
114,"febr, wien, am, februarii, den",2,1749-08-06 20:00:00
115,"sterling, pfund, tausend, anligenden, taaf",5,1749-08-06 20:00:00
121,"anemoni, färbige, allerhand, artige, regenbogen",7,1749-08-06 20:00:00
126,"alt, lakey, landstr, ulrich, gold",15,1749-08-06 20:00:00
127,"verreisen, geden, ket, prag, längstens",1,1749-08-06 20:00:00
129,"bestraffung, vatter, genua, weise, junii",1,1749-08-06 20:00:00
131,"prinzessin, dena, siegen, prinzessinnen, momodena",7,1749-08-06 20:00:00
132,"kaiserl, kaisersthée, kaiserspit, 69, 43",2,1749-08-06 20:00:00
135,"math, mühl, wind, alt, 430",1,1749-08-06 20:00:00
137,"parma, san, herzogin, roncagli, abwechselenden",4,1749-08-06 20:00:00
140,"hirsch, böhmen, kaiserl, bernstein, alphabet",1,1749-08-06 20:00:00
141,"dempeter, schweitzhartischen, falben, dähnischen, rappen",1,1749-08-06 20:00:00
142,"madrid, spanien, pignatelly, bottschafter, spanische",4,1749-08-06 20:00:00
144,"langwald, depulirte, flander, jaussen, eichstädt",1,1749-08-06 20:00:00
151,"excell, nürnberg, cont, 31, statt",1,1749-08-06 20:00:00
152,"gold, pochin, buchberger, gapin, stik",8,1749-08-06 20:00:00
153,"vieh, einpracticiret, aufaufgehöret, viehseuche, einhemischer",3,1749-08-06 20:00:00
155,"natorn, burmania, deys, guber, complimentiret",3,1749-08-06 20:00:00
164,"januar, lisabon, briefen, vom, portugal",1,1749-08-06 20:00:00
166,"diarii, bogens, quartal, vorhinein, eintrettenden",2,1749-08-06 20:00:00
167,"verordnung, löbl, oefen, hochlöbl, ko",4,1749-08-06 20:00:00
170,"arnuncu, oranien, prinz, len, arunculen",1,1749-08-06 20:00:00
174,"hollsteingottorp, tragonerregimenter, stosch, lemmer, schor",1,1749-08-06 20:00:00
179,"canzellariat, liniversuät, neweasile, gender, zogs",1,1749-08-06 20:00:00
180,"vitale, burgers, rist, erwählet, cavalier",1,1749-08-06 20:00:00
183,"dero, vielvermögen, begende, brugge, nachdrüklichst",2,1749-08-06 20:00:00
186,"mosshuber, lembruchis, riessel, kempf, plachen",2,1749-08-06 20:00:00
189,"frankfurt, hochlöbl, einer, deutschen, hamburg",1,1749-08-06 20:00:00
190,"färberis, cathar, koch, catharina, cath",1,1749-08-06 20:00:00
191,"fastens, wecker, auserlösene, moralische, betrachtungen",1,1749-08-06 20:00:00
193,"renata, entschlaffene, sechster, frankenberg, selig",1,1749-08-06 20:00:00
196,"königl, seine, neuen, königi, thrones",3,1749-08-06 20:00:00
197,"wornach, schaden, kocherey, geschärfte, zuhütten",2,1749-08-06 20:00:00
198,"lruchtigste, unterthängste, wolgestalteten, kaiserin, herzogens",3,1749-08-06 20:00:00
201,"bequartirte, löbl, pfalz, höchst, nachdem",2,1749-08-06 20:00:00
202,"gehäuss, kettel, esseln, schäftl, büge",3,1749-08-06 20:00:00
206,"pensionarni, haftes, pensionario, stiftet, dauer",2,1749-08-06 20:00:00
209,"sebast, brucken, hohen, alt, perückenmachergewerb",1,1749-08-06 20:00:00
214,"deutschen, griechi, erlernet, vorzutra, seminario",1,1749-08-06 20:00:00
215,"unerträglicher, rottiren, patroulliren, unnützer, patent",2,1749-08-06 20:00:00
218,"böhmen, standenund, miliani, eysenberg, wochent",1,1749-08-06 20:00:00
220,"bill, bestraffung, tersuchet, aufruhrern, deserteurn",2,1749-08-06 20:00:00
223,"frankf, frank, sebastian, gehollten, torik",1,1749-08-06 20:00:00
224,"kaiserl, jhro, jhre, altere, geruheten",1,1749-08-06 20:00:00
225,"leopoldst, cathar, alt, leopold, leopoldi",2,1749-08-06 20:00:00
230,"bewunderungswürdig, prachts, eifrig, gefahren, sagen",1,1749-08-06 20:00:00
232,"kaiserl, colloredo, ausserordentlichen, grafen, sechszehen",3,1749-08-06 20:00:00
236,"verfolg, königl, von, der, kauzley",2,1749-08-06 20:00:00
237,"sterl, viii, , , ",2,1749-08-06 20:00:00
240,"schuh, anzenbergis, mach, ferd, rossau",2,1749-08-06 20:00:00
245,"wann, königl, jhre, kasp, komp",1,1749-08-06 20:00:00
250,"contravenien, denen, retzer, retractus, reverendiss",1,1749-08-06 20:00:00
253,"jeglichem, archivo, beschreibun, seidewitz, reichs",2,1749-08-06 20:00:00
256,"hungarn, digster, gemah, gnä, lin",1,1749-08-06 20:00:00
259,"ibid, jenner, mjttwoch, maesstrom, stark",1,1749-08-06 20:00:00
261,"gefängnus, ubrigen, arrest, theils, jahr",1,1749-08-06 20:00:00
271,"anna, maria, pimmel, lichnich, gord",4,1749-08-06 20:00:00
272,"rossau, casp, math, alt, castoreum",2,1749-08-06 20:00:00
273,"zugetretten, klouter, troitzla, majestäten, jhro",3,1749-08-06 20:00:00
279,"wienerisches, diarium, wiener, zeitung, nachtrag",2,1749-08-06 20:00:00
284,"farben, gesprangte, benetzet, alaune, zitze",3,1749-08-06 20:00:00
285,"durchl, jhro, bey, joschay, sr",1,1749-08-06 20:00:00
289,"schlosscanzley, lose, anfängt, lehrreiche, drohet",3,1749-08-06 20:00:00
291,"und1745, 1741, 1745, 1748, 1740",1,1749-08-06 20:00:00
295,"18857, proposition, widerspruch, fande, heftigen",1,1749-08-06 20:00:00
296,"uberfluss, mauten, beschlos, untere, lagen",1,1749-08-06 20:00:00
297,"mons, getretten, gefolg, wur, monsig",1,1749-08-06 20:00:00
300,"winterholker, fuhrmann, wild, winterm, wintermon",1,1749-08-06 20:00:00
305,"wallis, geschwindesten, aufzumuntern, green, sonntage",2,1749-08-06 20:00:00
309,"gubernatores, eintref, exercitium, plä, wessentwegen",2,1749-08-06 20:00:00
313,"bolog, 1737, bologna, 1749, theile",2,1749-08-06 20:00:00
318,"marino, tumult, dienern, entstunde, heftiger",1,1749-08-06 20:00:00
320,"conferen, barrier, reparation, ath, ostende",1,1749-08-06 20:00:00
322,"majetä, verdiente, audienzen, entdecken, zweifelt",2,1749-08-06 20:00:00
330,"lavicini, löset, pal, castell, mantua",1,1749-08-06 20:00:00
331,"bücher, andertes, drittes, erstes, ejusdem",1,1749-08-06 20:00:00
332,"vergütet, roher, belauffen, avertissement, kostet",2,1749-08-06 20:00:00
343,"bartsche, rers, gewest, georg, kaiserl",1,1749-08-06 20:00:00
350,"königl, der, dem, von, ",1,1749-08-06 20:00:00
356,"solte, stehen, jahr, mann, be",1,1749-08-06 20:00:00
361,"complimentiren, offentliche, gemahlin, tafel, ware",1,1749-08-06 20:00:00
365,"introduciren, stuttgard, zurücke, herzustellen, canzler",2,1749-08-06 20:00:00
372,"führern, paul, krauss, kraus, buch",2,1749-08-06 20:00:00
373,"buchdruckern, hof, holzversilb, holzapfel, impress",2,1749-08-06 20:00:00
376,"knall, blitz, jupiter, stralen, eccesplendorem",4,1749-08-06 20:00:00
381,"währendem, revoltiren, berührete, dieserleute, haydamaken",3,1749-08-06 20:00:00
384,"hittland, häringe, tonne, augenblik, fisch",1,1749-08-06 20:00:00
385,"nigl, kö, nigricant, wje, spricht",1,1749-08-06 20:00:00
387,"leder, augustin, papier, gebunden, schaden",1,1749-08-06 20:00:00
391,"durchi, belteb, appell, endlichen, appel",1,1749-08-06 20:00:00
396,"marcellis, berkenrode, larrey, lezte, endschaft",1,1749-08-06 20:00:00
398,"wett, tonnen, fahrzeuge, fahrt, 3000",1,1749-08-06 20:00:00
401,"hyacinten, gefüllte, farb, frühe, leib",3,1749-08-06 20:00:00
417,"band, nachgiebet, bonificiren, vorhinein, continuiret",1,1749-08-06 20:00:00
422,"1749, rousset, vermehret, anmerkungen, leiptig",20,1749-08-06 20:00:00
426,"quade, roquelaure, mou, debrosse, alters",3,1749-08-06 20:00:00
427,"welchergestal, auditoriat, edict, offentliche, jedermänniglich",1,1749-08-06 20:00:00
437,"entbin, missions, decret, kaiserin, erfolgte",1,1749-08-06 20:00:00
439,"schw, , , , ",2,1749-08-06 20:00:00
441,"jsabella, jnfantin, jtalien, abge, hen",1,1749-08-06 20:00:00
443,"municirte, oculist, carvajal, taylor, mitgebrachte",2,1749-08-06 20:00:00
447,"hesfis, berschina, max, beutel, fürstl",1,1749-08-06 20:00:00
460,"mittwoch, augusti, donnerstag, jenner, donnerstags",1,1749-08-06 20:00:00
463,"donpiimanzador, gemengten, narcissi, nobili, montani",1,1749-08-06 20:00:00
467,"erzehlen, bedrückungen, hierher, beschwerlich, dererselben",1,1749-08-06 20:00:00
470,"gottl, lauben, gewölb, tuch, buch",1,1749-08-06 20:00:00
473,"gestern, stag, reisete, wohneten, sam",2,1749-08-06 20:00:00
479,"schieffen, reb, hühner, hoheit, fleisch",1,1749-08-06 20:00:00
491,"ghelen, gedrukt, peter, joh, gedruckt",2,1749-08-06 20:00:00
492,"frühe, vorgestern, hochfürstl, 10, zwischen",1,1749-08-06 20:00:00
502,"glüklicher, ausgehenden, stina, häuseren, tedeumlaudamus",1,1749-08-06 20:00:00
506,"kaiserl, des, von, carolov, fisciadjunctus",1,1749-08-06 20:00:00
508,"verschi, uberwachung, münz, ckung, sorte",1,1749-08-06 20:00:00
509,"kaiserl, excellenz, seine, kaisers, majest",2,1749-08-06 20:00:00
511,"saamen, kauli, flor, brocoli, schönsten",2,1749-08-06 20:00:00
512,"tripoli, africa, november, auss, december",1,1749-08-06 20:00:00
517,"dean, nürnb, nordmark, wirtens, gr",1,1749-08-06 20:00:00
518,"einbrin, meistere, bedienungen, dam, liste",1,1749-08-06 20:00:00
525,"wegzubringen, hügel, verdoppelt, arbeiter, muster",1,1749-08-06 20:00:00
529,"groote, commenthur, ron, halle, churfürsten",1,1749-08-06 20:00:00
530,"türken, algier, verhuten, vistiret, zusamzusammen",2,1749-08-06 20:00:00
533,"gart, zehend, gabr, zession, bestand",2,1749-08-06 20:00:00
534,"passiret, serl, kai, beyden, majestäten",1,1749-08-06 20:00:00
535,"marx, groschopfin, vincent, summa, kranken",1,1749-08-06 20:00:00
545,"gelbe, quilien, jon, gefüllte, arnunculen",2,1749-08-06 20:00:00
550,"wundert, vorkeh, anstal, blätter, zeitungs",1,1749-08-06 20:00:00
551,"mellusi, avanturier, siebenbürgische, ernsthafte, edelmanns",1,1749-08-06 20:00:00
558,"feyerer, beygewohntem, kaiserl, avertissement, allerhöchste",4,1749-08-06 20:00:00
559,"wiedergenesuug, befferhand, severin, baldige, sebast",1,1749-08-06 20:00:00
561,"vistator, mallerstorf, ordiniss, beehret, benedicti",1,1749-08-06 20:00:00
563,"tagezu, versaies, belunigen, staot, maiestat",2,1749-08-06 20:00:00
564,"bottenes, charenton, revard, jemandes, handwerk",1,1749-08-06 20:00:00
-1,"hungarn, roma, dalmatien, deutschen, seynd",600,1751-03-09 00:00:00
0,"corps, petrinianischen, regiment, obrist, commando",21,1751-03-09 00:00:00
1,"schwest, cabislach, lincii, roir, mignature",16,1751-03-09 00:00:00
2,"schiffe, hafen, küsten, flotte, see",21,1751-03-09 00:00:00
3,"kirche, cardinal, kapellen, incognito, heilig",14,1751-03-09 00:00:00
4,"bü, eingeschnittenen, nutzlichen, habern, gläsern",5,1751-03-09 00:00:00
5,"königl, ratzaud, majestätfrancisci, marteville, incog",17,1751-03-09 00:00:00
6,"reva, russirussischenschen, ukrainische, eisgang, herumstreiffen",3,1751-03-09 00:00:00
7,"königl, kömgl, thom, elis, ",35,1751-03-09 00:00:00
9,"pferden, passierenden, croyden, fatal, gleichgebenden",3,1751-03-09 00:00:00
10,"wind, regen, oefnung, erdbeben, wetter",14,1751-03-09 00:00:00
11,"munzeler, raupensaa, fortgewandert, krankheit, nachgegangen",2,1751-03-09 00:00:00
12,"ausgege, deutschen, händlern, billichen, bader",5,1751-03-09 00:00:00
13,"jnzücht, werts, durchgegangen, tafelsilber, scudi",1,1751-03-09 00:00:00
14,"baumgartne, dietrichstei, arnstadt, josephinischen, fried",5,1751-03-09 00:00:00
15,"fardey, galonen, orcan, reisende, heftig",1,1751-03-09 00:00:00
16,"göttlichen, segen, gott, gedenkens, strebet",7,1751-03-09 00:00:00
18,"feuerstrom, feuer, materie, berges, flammen",15,1751-03-09 00:00:00
19,"berch, schwedischen, dänische, stockholm, beymisset",8,1751-03-09 00:00:00
20,"durchl, wilh, guardarobba, didak, se",14,1751-03-09 00:00:00
22,"majest, ma, , , ",3,1751-03-09 00:00:00
23,"greis, profession, ehrwürdige, 1744, 2te",1,1751-03-09 00:00:00
24,"inclytæinclytae, decanus, ac, dominus, sacræsacrae",11,1751-03-09 00:00:00
26,"tanæmetropolitanae, dagna, reverendissimus, perillustris, eccl",1,1751-03-09 00:00:00
29,"buchdruckerin, schilgin, landschaft, maria, eva",2,1751-03-09 00:00:00
31,"40718, nummer, gewinn, 10000, erhielte",1,1751-03-09 00:00:00
35,"vorabend, mittags, gabe, weil, hernach",3,1751-03-09 00:00:00
36,"fasonen, hervorgebracht, können, werden, blumen",1,1751-03-09 00:00:00
37,"reinperg, beaugnehmung, laubach, senfeld, haugwitz",3,1751-03-09 00:00:00
38,"churfürstl, aufbruch, letztlich, verlautet, jhro",3,1751-03-09 00:00:00
39,"jhro, majestätallergnädigstzu, königl, drenthe, reichsständen",7,1751-03-09 00:00:00
41,"sidenz, würklichen, commandanten, ernannt, allergnädigst",1,1751-03-09 00:00:00
42,"erforderende, wiederholung, stimmig, könige, erkanntlichkeit",9,1751-03-09 00:00:00
44,"1751, brittannien, londen, gross, seine",1,1751-03-09 00:00:00
45,"papier, fälzelordinari, schreib, eingebun, wort",1,1751-03-09 00:00:00
47,"stille, mittwoch, sonntag, mutter, hohe",2,1751-03-09 00:00:00
48,"geden, ket, fässer, weine, käuflich",1,1751-03-09 00:00:00
50,"lotterie, loterie, looss, gewinn, fünf",17,1751-03-09 00:00:00
53,"burgerl, eberspergerin, wetschati, schwendemann, tischer",5,1751-03-09 00:00:00
54,"quadranten, aca, sendeten, demie, mittage",2,1751-03-09 00:00:00
55,"königl, und, möstl, kopp, kugler",2,1751-03-09 00:00:00
57,"päpstl, des, gebeth, carolivi, pragæpragae",3,1751-03-09 00:00:00
59,"franzö, sinn, bildern, sischen, sächsischen",1,1751-03-09 00:00:00
62,"kayserl, unserer, gegeben, zigeuner, ungarn",1,1751-03-09 00:00:00
63,"läutete, musqueterie, musicalisch, währendem, trompeten",1,1751-03-09 00:00:00
66,"1751, wien, griechen, 1756, actum",1,1751-03-09 00:00:00
68,"november, parla, eröfnet, ment, novemb",2,1751-03-09 00:00:00
72,"kais, orrt, rate, serl, beygewohnten",3,1751-03-09 00:00:00
78,"pyramide, scheere, basreliefs, abmähet, atro",2,1751-03-09 00:00:00
79,"zeichnungen, schicktesten, zeichner, stecher, stechen",2,1751-03-09 00:00:00
80,"freytag, frey, dieses, den, freyhrn",1,1751-03-09 00:00:00
81,"hochansehnlichen, anwesenden, übrigen, kaiserl, hier",1,1751-03-09 00:00:00
83,"feuerströmen, gegenden, spur, umligenden, berges",1,1751-03-09 00:00:00
84,"canonici, nuntius, distinction, vornehme, cöln",1,1751-03-09 00:00:00
86,"gebunden, gebettern, ergözlichkeiten, sacramentalischen, communion",3,1751-03-09 00:00:00
88,"vorgehet, repræsentationrepraesentation, jedesmaliger, obsicht, cammer",1,1751-03-09 00:00:00
89,"bewill, canzler, gemeldte, magistrats, deputirten",1,1751-03-09 00:00:00
90,"præsidepraeside, repräsentation, herrlich, tractiret, december",1,1751-03-09 00:00:00
93,"excell, dito, alhier, dieses, jhro",4,1751-03-09 00:00:00
94,"nickl, kaiserl, pellen, rorate, wolf",2,1751-03-09 00:00:00
96,"futeral, musch, bleyschlacken, beydensorten, schlacken",3,1751-03-09 00:00:00
100,"hochfürstl, gesamm, sonnabend, vormittags, te",2,1751-03-09 00:00:00
102,"current, alt, stadt, vor, juden",1,1751-03-09 00:00:00
106,"teil, stipuliret, bohte, commissionen, paquet",1,1751-03-09 00:00:00
108,"1751, 1752, bisexti, denatvs, saison",11,1751-03-09 00:00:00
110,"behufnisse, havrin, cavalie, commödie, brittannischer",5,1751-03-09 00:00:00
111,"ball, einländische, masque, ternacht, spat",3,1751-03-09 00:00:00
115,"sterling, shaftsbury, heringe, gefischet, chesterfield",3,1751-03-09 00:00:00
122,"verw, josepha, ria, frau, ma",1,1751-03-09 00:00:00
126,"greinbaurin, drobnis, schwager, lämmel, kanne",3,1751-03-09 00:00:00
127,"municiren, creiret, geburtstag, prag, geehrten",1,1751-03-09 00:00:00
131,"prinzessin, charlotte, erscheinung, hoheitendieprinzessin, königinnen",4,1751-03-09 00:00:00
132,"kaiserl, kaisersthée, kaiserspit, 69, 43",1,1751-03-09 00:00:00
137,"rizio, leonardo, seeligkeit, abzuforderen, ponte",1,1751-03-09 00:00:00
142,"madrid, spanien, königl, aus, lateinischen",1,1751-03-09 00:00:00
148,"lauffenden, decemb, seit, monats, december",1,1751-03-09 00:00:00
150,"decemb, wien, den, dedöcker, kreisamt",4,1751-03-09 00:00:00
152,"langsch, gold, wirt, schlos, barb",2,1751-03-09 00:00:00
153,"pferdeseuche, mastweide, steckend, hinfallen, pieren",1,1751-03-09 00:00:00
155,"jnstructionen, glückwünsche, geschenke, danken, erschiene",2,1751-03-09 00:00:00
156,"procurato, betreibung, ersinnliche, ordination, versicherungen",2,1751-03-09 00:00:00
160,"bamsecket, belg, haeredit, egodi, hausmeist",2,1751-03-09 00:00:00
164,"sterhasy, hemberg, lisabon, star, angelanget",1,1751-03-09 00:00:00
167,"verordnung, mitmittel, prevot, entrich, kaufmannschaft",1,1751-03-09 00:00:00
170,"oranien, prinzens, tödtliche, hintritt, kleidern",2,1751-03-09 00:00:00
173,"fest, solenniste, bunter, cert, verherrlichung",4,1751-03-09 00:00:00
175,"ferdinand, prinzen, potsdamm, braunschweig, ferdinands",6,1751-03-09 00:00:00
177,"bemüssigen, allmöglichstem, jestätumdieallergnädigsteentlassungvon, vatterlande, anzusuchen",1,1751-03-09 00:00:00
183,"geziemet, eifereiferund, neigungs, wort, getreuesten",2,1751-03-09 00:00:00
187,"nola, taufe, spi, bonn, friedrich",1,1751-03-09 00:00:00
189,"aschaf, fenburg, decem, mainz, angesetzt",1,1751-03-09 00:00:00
193,"josephinischen, ordens, stern, fuencaiada, gottselig",2,1751-03-09 00:00:00
198,"53te, jhro, welwelcheche, kaiserin, audienzen",4,1751-03-09 00:00:00
199,"entscheiden, weiss, beschlossen, möge, ort",2,1751-03-09 00:00:00
200,"juden, talogus, vlies, buchhand, gratis",2,1751-03-09 00:00:00
202,"cell, ex, fruhe, uhr, da",1,1751-03-09 00:00:00
209,"weyland, mals, alte, ehe, sache",1,1751-03-09 00:00:00
210,"december, wien, deutsche, vienne, beygesetzten",2,1751-03-09 00:00:00
215,"patent, böhmen, derenoriginal, vocaten, dieoriginal",3,1751-03-09 00:00:00
225,"versilb, leopoldst, ziegel, bauer, gold",1,1751-03-09 00:00:00
226,"gesperrl, küpferln, marianisches, frauen, einfallende",1,1751-03-09 00:00:00
232,"kaiserl, bey, der, unterzeichtet, sechszehen",1,1751-03-09 00:00:00
236,"herzo, zufolge, königl, ge, kauzley",2,1751-03-09 00:00:00
245,"koch, ehew, meister, jhre, königl",1,1751-03-09 00:00:00
250,"reverendiss, ac, retzer, retractus, reubell",1,1751-03-09 00:00:00
251,"parlaments, seyndendlich, parlament, aufse, sammlete",4,1751-03-09 00:00:00
254,"aravs, friso, frle, frider, fleischh",1,1751-03-09 00:00:00
260,"fürstensvonthurn, princi, commissarii, taxis, pal",1,1751-03-09 00:00:00
265,"futteral, cardo, inusumregni, pferstichen, graduum",1,1751-03-09 00:00:00
271,"erz, herzogen, kron, prinzen, erb",3,1751-03-09 00:00:00
273,"majestäten, durchleuchtigsten, jungen, jhro, herrschaften",2,1751-03-09 00:00:00
279,"wienerisches, diarium, wiener, zeitung, nachtrag",1,1751-03-09 00:00:00
280,"adam, heindlein, schiesslisch, lack, burgerl",2,1751-03-09 00:00:00
284,"innwendiger, untermengte, strah, verschönert, rand",1,1751-03-09 00:00:00
295,"rednern, hochsel, aufgegeben, form, untersuchen",1,1751-03-09 00:00:00
296,"unsterblich, uber, thüren, sinn, todes",1,1751-03-09 00:00:00
297,"trouvent, chez, monsr, il, monsig",1,1751-03-09 00:00:00
304,"sorigner, bedienun, terschiedliche, schweins, gubernantin",1,1751-03-09 00:00:00
305,"wallis, getretten, 33stes, townley, prinzen",3,1751-03-09 00:00:00
310,"holzbey, medailleur, amster, dam, absterben",1,1751-03-09 00:00:00
311,"bedingung, nau, glaubt, wol, genommen",1,1751-03-09 00:00:00
313,"venezia, 1746, 1731, wien, 1730",1,1751-03-09 00:00:00
317,"liset, unterst, genes, kruft, man",1,1751-03-09 00:00:00
320,"troffene, statthalterschaft, legenheiten, verfügungen, festgestellet",1,1751-03-09 00:00:00
324,"kertzen, wax, beleuchtet, pfund, licht",1,1751-03-09 00:00:00
351,"braunschweigische, herrschaft, königl, hungarn, das",1,1751-03-09 00:00:00
361,"glückwünsche, familie, deswegen, empfangen, dank",1,1751-03-09 00:00:00
368,"anhang, relié, paris, mittwochs, decemb",1,1751-03-09 00:00:00
376,"observatorio, paral, mondes, laxen, beobachten",1,1751-03-09 00:00:00
378,"einambo, seinennumeris, anderes, gulden, heraus",1,1751-03-09 00:00:00
397,"beschleuniget, dje, opern, redoute, geschäften",2,1751-03-09 00:00:00
398,"gulden, 3000, unseriges, 30000, groschen",3,1751-03-09 00:00:00
426,"tohurnehen, normant, manufactu, directeur, künste",1,1751-03-09 00:00:00
429,"wagneris, cordula, wagner, wagners, 2ter",1,1751-03-09 00:00:00
443,"brittannien, ington, husque, herzogs, ancaster",3,1751-03-09 00:00:00
457,"frankreich, brest, november, aus, juny",1,1751-03-09 00:00:00
458,"bestärken, fortzupflanzen, genegeneral, geste, einverständnuss",1,1751-03-09 00:00:00
473,"erhielte, gestern, königl, printzes, vorgestern",1,1751-03-09 00:00:00
502,"verianischen, crament, cisci, pincio, xa",2,1751-03-09 00:00:00
508,"spandauer, ehemali, münze, münzen, thore",1,1751-03-09 00:00:00
519,"handl, spitalberg, wolf, weis, wein",1,1751-03-09 00:00:00
522,"rthlr, rthl, rthkr, , ",1,1751-03-09 00:00:00
531,"meinung, digster, gnä, hieran, vollzogen",1,1751-03-09 00:00:00
533,"gart, zehend, gabr, zession, bestand",1,1751-03-09 00:00:00
534,"handelsstädten, negotianten, em, verschie, dene",1,1751-03-09 00:00:00
535,"marx, hut, summa, neustift, darunter",1,1751-03-09 00:00:00
538,"gemelde, distinction, tier, botschafters, quar",1,1751-03-09 00:00:00
546,"mylords, edele, mein, mylord, meylords",1,1751-03-09 00:00:00
-1,"hungarn, dalmatien, zoll, 1752, 1753",570,1752-10-08 04:00:00
0,"armee, schlacht, schanze, lager, regimenter",37,1752-10-08 04:00:00
1,"bohemice, bundener, ejusd, jede, stin",10,1752-10-08 04:00:00
2,"schiffe, karte, bellin, longeville, winyaw",7,1752-10-08 04:00:00
3,"wechsler, schluge, kirche, cardinal, fabritii",20,1752-10-08 04:00:00
4,"meistbiettenden, silber, wäsch, kleider, verkauffet",10,1752-10-08 04:00:00
5,"majestäten, königl, gouvea, reitungen, hornwerke",16,1752-10-08 04:00:00
6,"changel, guydickans, genommer, donners, berufung",2,1752-10-08 04:00:00
7,"königl, kömgl, thom, elis, ",30,1752-10-08 04:00:00
8,"apartament, vorbeyge, kammerern, brunn, gangen",1,1752-10-08 04:00:00
9,"owerkerk, pferden, waurman, etwasgleichende, unterleg",3,1752-10-08 04:00:00
10,"flüsse, süd, ausgetrocknet, wind, gewitter",16,1752-10-08 04:00:00
11,"knetze, schwanken, unplötzlich, ersticken, schnelle",7,1752-10-08 04:00:00
12,"dans, les, allemands, particulierement, cloquence",3,1752-10-08 04:00:00
13,"schrettl, schrettenstein, chelma, eustachio, schminckii",4,1752-10-08 04:00:00
14,"promptuarium, cugliesi, nicopoli, tragedie, bisstums",6,1752-10-08 04:00:00
16,"göttlichen, gemüts, vorsichtigkeit, vereinigung, entstehende",7,1752-10-08 04:00:00
17,"gemeinschaftlich, saget, gemeinden, begraben, wolten",1,1752-10-08 04:00:00
18,"feuer, häuser, brand, asche, flamme",15,1752-10-08 04:00:00
19,"gewollmächtigte, thienen, bataillen, dänischer, zinsen",3,1752-10-08 04:00:00
20,"durchl, wilh, guardarobba, didak, se",1,1752-10-08 04:00:00
21,"becklern, veigtland, hoboro, chroniconbohemiæbohemiae, genealogische",2,1752-10-08 04:00:00
22,"majest, ma, , , ",6,1752-10-08 04:00:00
23,"1718, pragæpragae, leip, 1717, 1732",6,1752-10-08 04:00:00
24,"vel, collectanea, nec, fuerunt, cajusque",12,1752-10-08 04:00:00
25,"verklei, honnetter, larven, mehlgruben, characterisirte",1,1752-10-08 04:00:00
28,"bress, breslau, junii, gläubiger, bajanatischer",1,1752-10-08 04:00:00
29,"durchgste, haasen, besorgniss, anna, kindes",2,1752-10-08 04:00:00
35,"inclus, gestrigen, gleiches, geschahe, sonn",2,1752-10-08 04:00:00
36,"blumen, vanderbriegen, nuzlich, frucht, kranz",12,1752-10-08 04:00:00
37,"albrechtdeur, conformen, bielefeld, preussis, ellen",2,1752-10-08 04:00:00
39,"nigl, jhro, probirten, kö, kischen",5,1752-10-08 04:00:00
42,"seenen, abzukür, terschiedlicher, processen, reglement",3,1752-10-08 04:00:00
44,"brittannien, londen, junii, gross, aus",1,1752-10-08 04:00:00
45,"druckern, gedruckt, kurz, kanzley, buch",2,1752-10-08 04:00:00
47,"vormittags, heimsuchungs, sammtliche, besagte, allerhöchst",5,1752-10-08 04:00:00
48,"unbefleckte, vin, empfängnuss, welschen, ellen",1,1752-10-08 04:00:00
50,"fecini, 700000, privilegirtenlotterie, collector, heraus",2,1752-10-08 04:00:00
53,"burgerl, bundener, held, alhiesig, stät",2,1752-10-08 04:00:00
54,"gestrigen, regierenden, römischen, verwittibten, churfürstl",1,1752-10-08 04:00:00
55,"königl, und, möstl, kopp, kugler",1,1752-10-08 04:00:00
57,"pragæpragae, pragae, gandolfo, sichs, vernimmet",6,1752-10-08 04:00:00
59,"französis, durarde, französ, aus, französischen",2,1752-10-08 04:00:00
61,"1536, 1617, 1587, amburgo, msi",3,1752-10-08 04:00:00
63,"trompeten, paucken, hautbois, jtal, balcons",3,1752-10-08 04:00:00
64,"burginion, landschäftl, stückl, kupfer, architectur",2,1752-10-08 04:00:00
66,"1753, 30ten, 1752, bezahlt, articklen",5,1752-10-08 04:00:00
68,"jahrs, november, verwichenen, october, novemb",1,1752-10-08 04:00:00
72,"kais, serl, kai, demnach, samstag",5,1752-10-08 04:00:00
79,"gallerie, bietiganherrenunddamendiesekunstzu, eristehrer, essbar, tellern",4,1752-10-08 04:00:00
80,"burts, abgewichenen, freytag, jüngst, hohe",1,1752-10-08 04:00:00
81,"heut, kaiserl, hat, der, niemalen",1,1752-10-08 04:00:00
83,"djese, blühendem, erhielt, ziemlich, allergnädigste",2,1752-10-08 04:00:00
84,"nuntius, abermalen, erschienen, hochfürstl, herr",1,1752-10-08 04:00:00
89,"hrns, hofmeister, gedachten, haus, landesfürstl",1,1752-10-08 04:00:00
93,"excell, jhre, gegen, uhr, haben",4,1752-10-08 04:00:00
94,"geruheten, kaiserl, jhro, hierauf, vor",2,1752-10-08 04:00:00
96,"schwanen, boy, bearbeitet, strümpfe, verfertiget",1,1752-10-08 04:00:00
100,"hochfürstl, ernannt, höchst, hochw, jhro",1,1752-10-08 04:00:00
101,"niederland, amsterdam, junii, nuntii, haag",3,1752-10-08 04:00:00
102,"gambs, ovidischer, histori, niederländische, landschaft",1,1752-10-08 04:00:00
108,"1753, 1752, 8vo, 8voàdresde, biele",17,1752-10-08 04:00:00
110,"politanischer, nebstseinerfrauengemahlin, nea, fortsetzen, wannen",1,1752-10-08 04:00:00
111,"gin, köni, nahme, abends, halb",3,1752-10-08 04:00:00
114,"excapitehæreditatishaereditatisvelalioquocun, quejurisfonte, februarii, febr, sprüch",1,1752-10-08 04:00:00
126,"sterbender, graubin, einsidler, graub, schuh",1,1752-10-08 04:00:00
129,"vorangegan, ehefrau, zeugte, töchter, ewigkeit",1,1752-10-08 04:00:00
131,"prinzessin, 43tes, geburtstages, charlotte, trat",3,1752-10-08 04:00:00
132,"kaiserl, kaisersthée, kaiserspit, 69, 43",3,1752-10-08 04:00:00
140,"jenæ, jenae, böhmen, kaiserl, bernstein",1,1752-10-08 04:00:00
142,"763, sälen, zehlet, madrid, spitals",1,1752-10-08 04:00:00
151,"nürnberg, excell, cont, 31, statt",1,1752-10-08 04:00:00
152,"goldasti, melch, gold, mach, wirt",1,1752-10-08 04:00:00
153,"vieh, aufräume, spühlet, sulivan, hobcaw",2,1752-10-08 04:00:00
155,"glückwünsche, anzuanzunehmen, complimente, glückwün, complimen",4,1752-10-08 04:00:00
156,"hofmeisterin, rist, pfalz, exequien, fürstin",1,1752-10-08 04:00:00
159,"ababwesend, hochlöbliche, justizsachen, wesend, wis",1,1752-10-08 04:00:00
160,"vorhinein, bezah, ersuchet, standes, gewöhnliche",1,1752-10-08 04:00:00
163,"ungarn, pfahl, 1686, schickte, churfürst",1,1752-10-08 04:00:00
164,"mascaregnas, monterroyo, freire, edelmann, portugesischen",1,1752-10-08 04:00:00
166,"diarii, pauli, hungarn, pontani, palmae",2,1752-10-08 04:00:00
169,"6ten, 5ten, julii, fürstl, hoch",1,1752-10-08 04:00:00
170,"norbertis, oranien, arunculen, prinz, arnunculen",1,1752-10-08 04:00:00
173,"fest, heil, 11ten, dens, samstag",2,1752-10-08 04:00:00
174,"dessau, anhalt, xaver, eugen, wilden",1,1752-10-08 04:00:00
181,"kliwaldt, trapen, 71, kleebinder, kohlischer",1,1752-10-08 04:00:00
182,"perspectivischer, gezierter, festons, lanternen, spring",1,1752-10-08 04:00:00
183,"feyerlichst, 5ten, fürstin, begangen, namens",1,1752-10-08 04:00:00
196,"königl, die, königi, thrones, seine",3,1752-10-08 04:00:00
198,"mamajestät, zogin, anligenheiten, anheute, angestellten",2,1752-10-08 04:00:00
200,"juden, vliess, gratis, ausgegeben, buchhandlung",1,1752-10-08 04:00:00
203,"jesukindelvonwelschen, hernandia, cuscuta, goges, michelia",2,1752-10-08 04:00:00
207,"leipzig, 1252, 1752, prusse, verzeichnussen",4,1752-10-08 04:00:00
214,"deutschen, odersehrleichte, methodewie, lehrnet, lesen",1,1752-10-08 04:00:00
215,"erstbemeldeten, unverwehret, vus, zureisen, mans",2,1752-10-08 04:00:00
224,"kaiserl, jhro, mittage, geruheten, jhre",4,1752-10-08 04:00:00
230,"weiterem, burgischen, verzug, ausgefolget, geantwortet",3,1752-10-08 04:00:00
236,"dergleichen, königl, denen, auch, von",1,1752-10-08 04:00:00
237,"sterl, viii, , , ",1,1752-10-08 04:00:00
238,"livorno, jtalien, junii, aus, auss",1,1752-10-08 04:00:00
240,"schuh, zoll, breit, juden, hoch",26,1752-10-08 04:00:00
243,"doct, eineoperation, divisés, chirurgo, stahr",2,1752-10-08 04:00:00
249,"mart, collecto, vorziehungs, einlagen, continuiren",1,1752-10-08 04:00:00
251,"abhange, sident, wasgestal, gesätzen, gegründet",2,1752-10-08 04:00:00
254,"freheris, marq, frle, frider, fleischh",1,1752-10-08 04:00:00
259,"ibid, jenner, mjttwoch, maesstrom, stark",1,1752-10-08 04:00:00
260,"geschöpft, hochlöbl, gericht, land, stadt",1,1752-10-08 04:00:00
261,"gartmann, fährte, ehemaliger, gefänglichen, mittlerweile",1,1752-10-08 04:00:00
264,"vitas, viol, vitriol, vitriolumdecypro, blauer",1,1752-10-08 04:00:00
266,"zoll, silbering, breit, companion, stücklein",2,1752-10-08 04:00:00
268,"langens, parlement, vatterland, stel, begleiten",1,1752-10-08 04:00:00
271,"erz, herzoginnen, christina, herzogen, ria",2,1752-10-08 04:00:00
273,"majestäten, jhro, königl, mit, krönungsceremonie",3,1752-10-08 04:00:00
276,"magdalena, welschen, 56, breit, schuh",2,1752-10-08 04:00:00
285,"durchl, jhro, samt, denen, joschay",2,1752-10-08 04:00:00
287,"illumination, bereitete, geruhete, begab, anzusehen",1,1752-10-08 04:00:00
289,"bellem, zurückkommen, nats, mo, ende",1,1752-10-08 04:00:00
295,"verbiette, zusammenruffung, stelleten, pack, eröfnen",1,1752-10-08 04:00:00
296,"uber, spenger, stapf, ellenhochgross, eccehomovon",3,1752-10-08 04:00:00
297,"trouvent, mons, chez, monsig, monsr",2,1752-10-08 04:00:00
307,"1579, 1640, bohemica, bohemico, 1598",5,1752-10-08 04:00:00
308,"lernete, pfahl, schneidermeist, schneider, jugend",1,1752-10-08 04:00:00
312,"edit, supplement, corrigée, revue, augmentée",2,1752-10-08 04:00:00
313,"9ter, tome, 1731, physische, 1732",3,1752-10-08 04:00:00
317,"geneal, gen, anmerkun, genen, findliche",1,1752-10-08 04:00:00
324,"putzet, talk, brennet, lichter, geruch",1,1752-10-08 04:00:00
330,"spate, barkeit, daurete, beleuchtung, wax",1,1752-10-08 04:00:00
343,"hist, syntagma, franckenstein, petazzi, maximiliana",2,1752-10-08 04:00:00
344,"heiblische, buchhal, nuarii, rait, terey",1,1752-10-08 04:00:00
345,"pulcher, conformer, 1½, ruin, inpulvere",1,1752-10-08 04:00:00
350,"königl, der, dem, von, ",1,1752-10-08 04:00:00
351,"friedericus, friedrichsberg, wolffenbüttel, franciscus, braunschweig",1,1752-10-08 04:00:00
355,"bildnussen, oester, hauses, schönen, erz",1,1752-10-08 04:00:00
356,"jahren, jah, zehlet, bis, ren",2,1752-10-08 04:00:00
359,"eichhörnen, fuchs, schwarze, kaninchen, füchse",1,1752-10-08 04:00:00
367,"preussis, thol, preuss, thlr, ca",1,1752-10-08 04:00:00
372,"krauss, rern, buchfüh, buchführ, paul",2,1752-10-08 04:00:00
373,"buchdruckern, druckern, hof, buch, holzapfel",2,1752-10-08 04:00:00
384,"fischen, chebucto, krebse, backeljau, schellfisch",2,1752-10-08 04:00:00
385,"nigl, kö, nigricant, wje, spricht",3,1752-10-08 04:00:00
386,"juden, böhmen, capern, vorgeschossenen, vorfahern",2,1752-10-08 04:00:00
390,"böhmen, gmelins, titula, uffenbach, tragö",3,1752-10-08 04:00:00
426,"bernau, 93sten, nanamens, verwi, gelegten",2,1752-10-08 04:00:00
432,"trunken, gesundheiten, lösung, canonen, tafel",1,1752-10-08 04:00:00
439,"schw, , , , ",1,1752-10-08 04:00:00
440,"saxe, hungarn, quitté, presque, ordrés",1,1752-10-08 04:00:00
441,"getheilet, jgnatii, theil, ab, jn",3,1752-10-08 04:00:00
450,"dianern, räuchert, füssige, ensaltzet, waldungswärts",2,1752-10-08 04:00:00
453,"tomes, 1751, 4to, paris, 1761",1,1752-10-08 04:00:00
467,"waren, gegen, nicht, zu, unsere",1,1752-10-08 04:00:00
477,"hauses, königl, jhre, bey, zuma",1,1752-10-08 04:00:00
482,"herber, testamenti, biblia, vet, sacra",1,1752-10-08 04:00:00
483,"catharinas, verheyratete, eodem, weibs, namens",1,1752-10-08 04:00:00
484,"titl, nachdeme, durch, æternum, fidi",1,1752-10-08 04:00:00
486,"rolians, regno, ferdinandeoleopoldinojosephinoca, codex, nürnberg",2,1752-10-08 04:00:00
489,"nigl, kö, areiern, alleuja, walsh",1,1752-10-08 04:00:00
515,"sensitiv, ausschiessenden, strahlen, anmutig, aufgehende",2,1752-10-08 04:00:00
558,"coharischen, jura, kammerer, ment, dragoner",1,1752-10-08 04:00:00
-1,"hungarn, deutschen, 1754, augusti, julii",442,1754-05-10 08:00:00
0,"böhmen, regi, jnfanterie, kolin, regiment",24,1754-05-10 08:00:00
1,"blüts, averavernachdeme, gropp, hummel, beförchten",8,1754-05-10 08:00:00
2,"deutsche, schiffe, hafen, schif, fischen",23,1754-05-10 08:00:00
3,"bischöfl, tar, cardinal, mund, celio",13,1754-05-10 08:00:00
4,"gold, tabattieren, uhren, beht, silber",9,1754-05-10 08:00:00
5,"bbreitet, alberts, marsan, ordens, rouille",7,1754-05-10 08:00:00
6,"kaiserling, kunft, russische, botschafter, audienz",2,1754-05-10 08:00:00
7,"königl, kömgl, thom, elis, ",17,1754-05-10 08:00:00
8,"stammige, ziemziemlichlich, anem, gättern, böben",1,1754-05-10 08:00:00
9,"pferd, cianten, schalle, persischen, jnstrumente",4,1754-05-10 08:00:00
10,"minuten, wasser, wetter, schaden, schrecken",18,1754-05-10 08:00:00
11,"ihm, mörder, kränke, dosin, topfe",6,1754-05-10 08:00:00
12,"deutsche, deutschen, führern, bader, emerich",10,1754-05-10 08:00:00
13,"schrof, giovan, bavestrelli, battista, scio",3,1754-05-10 08:00:00
14,"tagaste, hefmeisterin, austeutschlam, sifewel, adeliche",8,1754-05-10 08:00:00
15,"franzosen, roquefeville, stosfen, hurti, charlestown",4,1754-05-10 08:00:00
16,"gebunden, gott, beschaffen, vò, 12mo",3,1754-05-10 08:00:00
17,"sprüch, anforderun, liquidiren, dererselben, solchemnach",4,1754-05-10 08:00:00
18,"feuers, feuer, rauchte, helmansist, wilts",4,1754-05-10 08:00:00
19,"höpken, envoye, schwedischer, creditiv, novem",3,1754-05-10 08:00:00
20,"durchl, wilh, guardarobba, didak, se",2,1754-05-10 08:00:00
22,"majest, ma, , , ",5,1754-05-10 08:00:00
23,"halle, 2677, 1754, träume, baumgartens",3,1754-05-10 08:00:00
24,"ac, consistoriisuniversitatisinjudicialibus, celsissimi, viennensix, neoburgensem",7,1754-05-10 08:00:00
26,"präses, consistorium, uralt, gundulä, josepl",3,1754-05-10 08:00:00
27,"numero, nachschuss, erkanntlichkeit, ranten, kanntmachung",2,1754-05-10 08:00:00
29,"annales, anna, maria, seel, theresia",1,1754-05-10 08:00:00
30,"hochpreisslichen, wochen, jährigen, anlast, rechtmägigen",2,1754-05-10 08:00:00
31,"eolonie, einwoh, 7000, vernihmt, carolina",1,1754-05-10 08:00:00
34,"abson, schoulenburgischen, ausfertigungen, annehmung, intimiren",1,1754-05-10 08:00:00
35,"tessel, verse, passiret, zuvor, posten",2,1754-05-10 08:00:00
36,"blumen, witterung, alhiefigen, kesselischen, ausgewachsenen",7,1754-05-10 08:00:00
37,"pargow, graf, lamberg, von, carl",1,1754-05-10 08:00:00
38,"pohlnisch, churfürstl, chur, jhro, fürstl",1,1754-05-10 08:00:00
39,"massilons, geburts, gala, tages, hofe",2,1754-05-10 08:00:00
42,"übermässigen, uniformen, departements, verwickelt, steuren",2,1754-05-10 08:00:00
44,"brittannien, ernannt, londen, geheimen, julii",1,1754-05-10 08:00:00
45,"papier, bissextilerr, tyrnariense, ungehindt, eremplar",3,1754-05-10 08:00:00
47,"julii, beywohnung, geruheten, sonntag, malen",4,1754-05-10 08:00:00
50,"einhundert, lotterie, sentation, reprä, massam",3,1754-05-10 08:00:00
51,"septembris, nachmittag, künftigen, löbl, hoch",1,1754-05-10 08:00:00
53,"spöttl, melchior, burgerl, bey, burgersp",1,1754-05-10 08:00:00
57,"baarf, meiländ, eliseo, corintho, big",2,1754-05-10 08:00:00
59,"satyrischen, hogartischen, beyfügen, vermehrung, gemählde",2,1754-05-10 08:00:00
60,"actualiter, belanget, gemach, handelsmann, schulden",1,1754-05-10 08:00:00
64,"nachgestochen, drucks, äusserlichen, falt, sorg",2,1754-05-10 08:00:00
66,"1754, actum, edict, wien, augusti",9,1754-05-10 08:00:00
69,"bynckershoeck, corn, gräfl, reis, gräst",1,1754-05-10 08:00:00
74,"zickinischen, senhofferischen, wisshoffers, allmayr, mathiä",1,1754-05-10 08:00:00
75,"augusti, july, monaks, geichrten, heyen",3,1754-05-10 08:00:00
79,"analysis, hogarths, zergliederung, verdie, jnnhalt",3,1754-05-10 08:00:00
81,"kame, kaiserl, dieses, das, den",1,1754-05-10 08:00:00
82,"comthaurey, ehrwürdigehrwürdiggeistliche, haht, seraphin, viarg",3,1754-05-10 08:00:00
83,"zweitl, tractiret, demselben, weitere, anzumelden",1,1754-05-10 08:00:00
84,"cribelli, selb, nuntius, niederlanden, monsig",1,1754-05-10 08:00:00
86,"heilig, vortreflichteit, herzlichste, funften, weesenheit",1,1754-05-10 08:00:00
88,"sogleichmit, gliede, beständige, commissarien, ledig",2,1754-05-10 08:00:00
89,"jurament, avertissement, abgeleget, brunn, schön",1,1754-05-10 08:00:00
90,"michaeler, ghelen, jndem, deutschen, peter",5,1754-05-10 08:00:00
93,"excell, eodem, erscheinung, profess, verfüget",4,1754-05-10 08:00:00
94,"nachdeme, kaiserl, regierende, beede, jhrer",1,1754-05-10 08:00:00
98,"verprdneten, schallischen, commissa, marschallischen, missarien",2,1754-05-10 08:00:00
108,"1754, 1753, streliz, 1750, londen",11,1754-05-10 08:00:00
110,"euch, paris, leutenauts, ruckheruffungs, lowth",3,1754-05-10 08:00:00
111,"ness, holder, secretair, marg, mahlzeit",2,1754-05-10 08:00:00
116,"jn, fruh, stadt, neu, der",1,1754-05-10 08:00:00
127,"ernnnlichste, empsang, allerdevotesten, prager, stalten",1,1754-05-10 08:00:00
131,"prinzessin, chur, hoheit, prinzessinnen, der",1,1754-05-10 08:00:00
132,"kaiserl, kaisersthée, kaiserspit, 69, 43",1,1754-05-10 08:00:00
148,"wohneten, december, sonntag, beede, kaiserl",1,1754-05-10 08:00:00
153,"vieh, treiben, trecben, auserhalb, schultzen",1,1754-05-10 08:00:00
157,"unste, retbur, retour, jetzi, besagte",1,1754-05-10 08:00:00
158,"venedig, neapolitanischer, bot, schafter, abgereiset",1,1754-05-10 08:00:00
159,"jedermänni, offenem, glich, regierung, justitz",2,1754-05-10 08:00:00
164,"portugal, lisabon, julii, junii, portugall",2,1754-05-10 08:00:00
167,"hochlöhl, verordnung, bestimmet, solle, löbl",2,1754-05-10 08:00:00
170,"silvestri, alph, giacinto, buchhaudlern, andradae",2,1754-05-10 08:00:00
173,"januarti, gesteiger, tranquebar, asiatische, bengala",1,1754-05-10 08:00:00
174,"wieznick, prasi, denrens, manno, burggrafens",1,1754-05-10 08:00:00
182,"beleuchtigungen, bezeu, freudens, angestellet, festungen",1,1754-05-10 08:00:00
183,"würkl, majestäten, dero, zu, majestät",1,1754-05-10 08:00:00
187,"westerburg, leiningen, sens, dritter, ludwigs",1,1754-05-10 08:00:00
196,"königl, die, königi, thrones, seine",2,1754-05-10 08:00:00
197,"hüten, wornach, schaden, richten, jeder",2,1754-05-10 08:00:00
199,"erheblichkeit, keiner, verlust, seite, unserer",1,1754-05-10 08:00:00
202,"fruh, löbl, uhr, um, werden",1,1754-05-10 08:00:00
203,"peschan, erhenkt, hauschild, jähriger, sense",1,1754-05-10 08:00:00
204,"christ, schoen, hempels, 51, jesu",2,1754-05-10 08:00:00
209,"ältere, mess, durchl, seynd, jahnisches",1,1754-05-10 08:00:00
211,"augsp, augsb, augsbug, conv, augs",1,1754-05-10 08:00:00
221,"polen, warschau, bestättiget, plätzen, gemachet",1,1754-05-10 08:00:00
224,"kaiserl, jhro, jhre, altere, geruheten",1,1754-05-10 08:00:00
229,"haasische, behansung, andertemal, 1755sten, cembris",1,1754-05-10 08:00:00
230,"erinneret, publico, solches, hiemit, wird",1,1754-05-10 08:00:00
232,"kaiserl, von, der, unterzeichtet, sechszehen",3,1754-05-10 08:00:00
242,"päpstl, eröfneten, neue, diesen, welcher",3,1754-05-10 08:00:00
256,"hungarn, böhrim, böheim, königl, körnerzehend",2,1754-05-10 08:00:00
268,"schwebe, dasselbeehestensalhier, ruckkunft, ungeacht, redet",1,1754-05-10 08:00:00
271,"erz, herzoginnen, herzogen, maria, kron",4,1754-05-10 08:00:00
273,"menou, majestäten, jhro, durchl, marquis",4,1754-05-10 08:00:00
285,"durchl, jhro, joschay, von, sr",1,1754-05-10 08:00:00
286,"nævisnaevis, muratorii, dissertatio, jurisprudentiæjurisprudentiae, thürisches",1,1754-05-10 08:00:00
291,"1743, 1745, 1748, 1740, emmer",1,1754-05-10 08:00:00
297,"monsig, vernehme, tius, nig, kö",3,1754-05-10 08:00:00
304,"ruckgabe, ragusa, ragusisches, sultan, sultans",2,1754-05-10 08:00:00
307,"cumadditamento, exregulamento, dean, 1668, 1658",1,1754-05-10 08:00:00
309,"nocher, afry, nivernois, derlanden, ministri",1,1754-05-10 08:00:00
311,"sehung, nachsicht, allzu, unterlassen, entfernet",2,1754-05-10 08:00:00
342,"quartee, texel, amsterdam, julii, angelanget",1,1754-05-10 08:00:00
347,"heimer, vlieses, obrister, ritter, marschall",1,1754-05-10 08:00:00
350,"königl, der, dem, von, ",2,1754-05-10 08:00:00
364,"3tiòtermino, 19te, anobbesagtemtag, bigischer, monts",1,1754-05-10 08:00:00
375,"bewürken, lem, vertrag, rosa, republick",1,1754-05-10 08:00:00
376,"planet, comet, 1607, 1757sten, astrononue",2,1754-05-10 08:00:00
380,"henn, nied, nistrationsregistrat, admi, ",1,1754-05-10 08:00:00
381,"herabstürzende, unterganges, entflohene, fener, abwendung",1,1754-05-10 08:00:00
385,"nigl, kö, nigricant, wje, spricht",1,1754-05-10 08:00:00
390,"falschheit, menschlichen, 1754, gedanken, 8vo",1,1754-05-10 08:00:00
403,"1755, 1756, 17775, stuttgard, augspurg",1,1754-05-10 08:00:00
416,"genehmhal, beförderet, oberen, hochlöbl, bewilligung",2,1754-05-10 08:00:00
427,"fene, edict, of, jedermänniglich, wollen",1,1754-05-10 08:00:00
430,"mjttwoch, gehörter, hell, augusti, frühe",2,1754-05-10 08:00:00
440,"richerand, fongeres, rouen, erledigte, storbenen",1,1754-05-10 08:00:00
441,"verwahrung, jnvaliden, stehen, hause, jnsiegel",1,1754-05-10 08:00:00
450,"fischer, zeuze, bewegung, see, wassers",5,1754-05-10 08:00:00
475,"rihlr, riegele, ritschel, mütz, oll",1,1754-05-10 08:00:00
506,"kaiserl, des, von, carolov, fisciadjunctus",1,1754-05-10 08:00:00
508,"brauchet, verstreichen, tonnen, probe, pfund",1,1754-05-10 08:00:00
517,"dean, nürnb, nordmark, wirtens, gr",1,1754-05-10 08:00:00
561,"curme, gottselige, discalceaten, litern, carmeliterinnen",1,1754-05-10 08:00:00
564,"emmer, fässer, sätl, gänter, eichene",3,1754-05-10 08:00:00
-1,"hungarn, juden, deutschen, er, 1756",745,1755-12-10 12:00:00
0,"regimenter, regiment, jnfanterie, soldaten, sbirren",60,1755-12-10 12:00:00
1,"invent, repræsrepraes, hocheblgeb, jngber, bessert",18,1755-12-10 12:00:00
2,"schiffe, schiffen, admiral, byng, flotte",71,1755-12-10 12:00:00
3,"kirche, thöre, catechisten, schannats, tomer",11,1755-12-10 12:00:00
4,"kleider, nachmittag, verschiedene, vormittag, licitando",19,1755-12-10 12:00:00
5,"gefälligster, nandi, jhren, majestäten, verneuerte",11,1755-12-10 12:00:00
6,"arschin, deco, moskwa, nachfolgendellkase, ubes",3,1755-12-10 12:00:00
7,"königl, kömgl, thom, elis, ",98,1755-12-10 12:00:00
8,"daselbstige, apartement, weisen, zimmern, zimmer",2,1755-12-10 12:00:00
9,"pferde, herkämen, regimentr, perelada, abhören",3,1755-12-10 12:00:00
10,"wind, würbel, wasser, überschwemmet, orten",18,1755-12-10 12:00:00
11,"gardeegner, vertheitigen, gelübden, gnen, courage",5,1755-12-10 12:00:00
12,"monatischen, deutschen, conrad, pfeiffe, buch",8,1755-12-10 12:00:00
13,"schneid, eisenhulisch, dastey, abgeleibten, scheidlein",3,1755-12-10 12:00:00
14,"anfanng, cælcael, speciali, gratia, instituto",3,1755-12-10 12:00:00
15,"hungarn, frankreich, franzosen, bündnüss, französischen",10,1755-12-10 12:00:00
16,"gebunden, gott, beschaffen, 12mo, christ",5,1755-12-10 12:00:00
17,"entweders, gewis, verschreibungen, instruirt, ausbleiben",6,1755-12-10 12:00:00
18,"feuer, feuers, brunst, häuser, flammen",14,1755-12-10 12:00:00
19,"minorca, 47ste, rendsburg, boord, zugestossenen",5,1755-12-10 12:00:00
20,"durchl, wilh, guardarobba, didak, se",1,1755-12-10 12:00:00
21,"eintreffen, residenz, haus, haushälfte, haunoldisches",1,1755-12-10 12:00:00
22,"majest, ma, , , ",5,1755-12-10 12:00:00
23,"ducate, gemünz, prägten, gleicherge, rubelen",2,1755-12-10 12:00:00
24,"silentii, perpetui, mixto, clausula, sexaginta",9,1755-12-10 12:00:00
27,"subclausulaactualiscontumaciæcontumaciae, gebrauchiger, messische, adædesaedes, intimiret",2,1755-12-10 12:00:00
28,"voyer, argenson, unten, weiter, gläubiger",1,1755-12-10 12:00:00
29,"mayern, freyln, bard, susan, reu",2,1755-12-10 12:00:00
30,"corporaln, desoffischen, verpfiegs, nagi, verflossene",1,1755-12-10 12:00:00
31,"hudsonsbey, 7800, 12000, gesendet, 5000",4,1755-12-10 12:00:00
36,"tulpen, senst, ausrichtung, flachs, leinen",2,1755-12-10 12:00:00
37,"hardwi, edler, holderness, granville, mitchel",4,1755-12-10 12:00:00
38,"leip, kreise, verändert, zig, menter",1,1755-12-10 12:00:00
39,"jhro, ottara, melande, hatden1stendieses, om",5,1755-12-10 12:00:00
41,"schles, abgeord, bremen, syndicus, senator",1,1755-12-10 12:00:00
42,"hungarn, allerchristlichsten, digungbündnüsswäreeingerücketworden, allerunwahrscheinlichsten, ungetreue",8,1755-12-10 12:00:00
43,"summa, darunter, kind, erdenke, mäzletustorf",3,1755-12-10 12:00:00
44,"brittannien, geäus, phänomenon, gross, minute",4,1755-12-10 12:00:00
45,"papen, gebun, deckel, papier, resp",1,1755-12-10 12:00:00
47,"junii, ziehung, vormittags, beede, sonntag",7,1755-12-10 12:00:00
48,"evian, vefay, sahren, wein, terschiedlichen",1,1755-12-10 12:00:00
50,"lotterie, füllet, öfnet, begierde, privilegirten",2,1755-12-10 12:00:00
53,"burgerl, tranker, opwald, brittamen, plenkl",3,1755-12-10 12:00:00
54,"römisch, römischen, rom, dalmatien, hungarn",1,1755-12-10 12:00:00
55,"königl, und, möstl, kopp, kugler",1,1755-12-10 12:00:00
59,"übersetzt, französischen, aus, französ, dem",1,1755-12-10 12:00:00
64,"tanische, chimisch, anatomisch, chirurgisch, medicinisch",1,1755-12-10 12:00:00
66,"1756, 1755, actum, wien, edict",27,1755-12-10 12:00:00
69,"kaserl, ziehung, weitere, jahrs, gräfl",1,1755-12-10 12:00:00
74,"hungarn, scher, bräuchliche, mungs, fendorf",3,1755-12-10 12:00:00
75,"piacenza, anhang, mittwochs, august, junii",2,1755-12-10 12:00:00
78,"steinen, schöschöner, schmo, figuren, aedelfors",3,1755-12-10 12:00:00
81,"hierorts, meisten, kaiserl, habe, theils",3,1755-12-10 12:00:00
82,"gehornen, vortrettung, rähten, antonia, mini",1,1755-12-10 12:00:00
83,"weget, verspüh, bebens, residenz, vorstadt",3,1755-12-10 12:00:00
86,"8vò, heiligen, wort, geburt, christi",6,1755-12-10 12:00:00
88,"commission, bekanntnüss, vorhergegende, abgewandten, vorgekom",2,1755-12-10 12:00:00
90,"ghelischen, michaeler, zeitungs, privilegirten, deutschen",7,1755-12-10 12:00:00
94,"schihet, hieran, gedacht, kaiserl, allerhöchst",3,1755-12-10 12:00:00
96,"diesmahl, burgerschafft, grüne, sämtliche, wa",1,1755-12-10 12:00:00
98,"schallischen, commissa, jeden, gericht, rien",6,1755-12-10 12:00:00
101,"haag, junii, holland, amsterdam, 7ne",1,1755-12-10 12:00:00
102,"singerstr, alt, stadt, vor, juden",3,1755-12-10 12:00:00
104,"stage, angestel, forcirte, jagd, jägers",1,1755-12-10 12:00:00
105,"mitzurechnen, zustehen, marine, mann, adjutant",1,1755-12-10 12:00:00
106,"ungarn, hungarn, england, frankreich, europa",14,1755-12-10 12:00:00
108,"1753, 1752, döblinger, 1750, 1754",6,1755-12-10 12:00:00
110,"courier, richelieu, aufmunte, langteeinvondemherrn, daseblst",4,1755-12-10 12:00:00
111,"escolius, prinzlichen, couverts, puke, feln",2,1755-12-10 12:00:00
115,"sterling, pfund, sterl, fluss, sterlings",6,1755-12-10 12:00:00
121,"anemoni, turband, färbige, artige, regenbogen",4,1755-12-10 12:00:00
126,"rusch, kobergin, geb, hahn, landstr",1,1755-12-10 12:00:00
127,"böhmen, prag, banco, vielmehro, unverse",6,1755-12-10 12:00:00
131,"statthalterin, prinzessin, ho, heit, hochfürstl",1,1755-12-10 12:00:00
132,"kaiserl, kaisersthée, kaiserspit, 69, 43",2,1755-12-10 12:00:00
134,"curatori, eingeantwortet, cammer, pro, solle",1,1755-12-10 12:00:00
135,"math, mathematico4to, eingebunden, hülf, art",2,1755-12-10 12:00:00
137,"quisin, alleurs, malte, maltha, beehret",1,1755-12-10 12:00:00
139,"sandschuster, burgermeister, verwalter, weyl, geben",1,1755-12-10 12:00:00
144,"alhier, baptist, johann, carl, annä",2,1755-12-10 12:00:00
147,"2ter, theil, cors, theile, hautb",1,1755-12-10 12:00:00
148,"december, rorate, amt, decembris, donnerstag",9,1755-12-10 12:00:00
150,"ung, decembris, verord, decemb, löbl",1,1755-12-10 12:00:00
152,"gold, bierabtrag, siegeln, gebhard, spitalberg",2,1755-12-10 12:00:00
155,"glückwünsche, distinction, geschenke, ministri, legten",2,1755-12-10 12:00:00
157,"denkmal, unterlassen, liebhabern, lesen, besonders",1,1755-12-10 12:00:00
158,"venetianischen, venedig, des, auss, decemb",1,1755-12-10 12:00:00
159,"regierung, justiz, rechts, payssa, payssäische",5,1755-12-10 12:00:00
166,"diarii, verleger, wienerischen, hungarn, geheimnüsse",5,1755-12-10 12:00:00
167,"verordnung, mild, genehmhaltung, reicher, allergnädigster",2,1755-12-10 12:00:00
170,"ora, arunculen, nien, prinz, oranien",1,1755-12-10 12:00:00
173,"sechszehenden, zwanzigsten, gemeld, fest, heil",1,1755-12-10 12:00:00
175,"ferdinand, braunschweig, ferdinands, scheltendorf, rur",4,1755-12-10 12:00:00
182,"greve, herrliche, angezündet, kunst, feuer",1,1755-12-10 12:00:00
183,"zuzugehen, schiffrn, statthalterin, algie, deselben",1,1755-12-10 12:00:00
186,"enkevoirtil, mühllehner, heitz, buchhalt, hofkriegs",1,1755-12-10 12:00:00
189,"kei, hamburg, verursachet, weitern, schaden",1,1755-12-10 12:00:00
191,"anforderung, eleonorä, acugna, eimge, affigirte",1,1755-12-10 12:00:00
196,"königl, königi, die, thrones, seine",3,1755-12-10 12:00:00
197,"teressiter, hüten, wornach, schaden, richten",2,1755-12-10 12:00:00
198,"dächtnuss, kaiserin, rorate, starhemberg, vortreflichen",2,1755-12-10 12:00:00
199,"gekannt, gewust, namen, allein, ihren",1,1755-12-10 12:00:00
204,"wilke, christ, jesu, kinde, christian",1,1755-12-10 12:00:00
206,"prænumerirtrt, archiy, infolio, ablangen, bewilligt",2,1755-12-10 12:00:00
207,"leipzig, 8vo, 1755, erzeh, vertreib",7,1755-12-10 12:00:00
210,"amadeische, unweit, deutsche, wien, kaiserl",1,1755-12-10 12:00:00
224,"kaiserl, jhre, da, jhro, altere",1,1755-12-10 12:00:00
226,"claudiani, mitderaufschriftaus, laud, lorber, tend",1,1755-12-10 12:00:00
227,"besänftiget, 23sten, hierauf, wurden, allg",1,1755-12-10 12:00:00
230,"pence, recom, wogegen, kundschafts, lieber",1,1755-12-10 12:00:00
232,"kaiserl, tripolis, consul, africa, conti",12,1755-12-10 12:00:00
237,"sterl, viii, , , ",1,1755-12-10 12:00:00
240,"macheris, schueg, spal, lier, tagw",1,1755-12-10 12:00:00
245,"personen, königl, bey, jhre, kasp",1,1755-12-10 12:00:00
246,"1sten, verordnung, julii, löbl, künftigen",1,1755-12-10 12:00:00
249,"machet, jetzo, fertig, marsch, mart",1,1755-12-10 12:00:00
250,"harsis, rehrle, cons, jacob, ex",2,1755-12-10 12:00:00
256,"hungarn, böheim, königl, körnerzehend, hablinischer",1,1755-12-10 12:00:00
264,"calvi, angelegt, quartier, viol, vitriol",1,1755-12-10 12:00:00
265,"epocha, khell, disertatio, verodnung, ruth",1,1755-12-10 12:00:00
271,"gouvernantin, seligster, spanisch, gedächtnuss, herzogin",1,1755-12-10 12:00:00
273,"majestä, jhrer, ten, königl, majestäten",1,1755-12-10 12:00:00
275,"geister, sonderbaren, schätzen, scheinungen, merkmürdiger",3,1755-12-10 12:00:00
276,"magdalena, fortgesetzet, hertzogin, ertz, werden",1,1755-12-10 12:00:00
280,"granad, ehrenthallis, adam, adamischer, stellter",1,1755-12-10 12:00:00
284,"gesprangte, arunculen, farben, verschie, denen",1,1755-12-10 12:00:00
285,"durchl, jhro, joschay, sr, zelin",1,1755-12-10 12:00:00
287,"spat, abend, börse, dörfer, ritten",2,1755-12-10 12:00:00
289,"wieberholet, theatro, burg, nächst, worden",1,1755-12-10 12:00:00
291,"1748, 1745, 1740, 1743, emmer",2,1755-12-10 12:00:00
292,"camm, landesfürstl, sterling, gouverneur, sammlung",1,1755-12-10 12:00:00
296,"uber, trains, pete, miner, tours",2,1755-12-10 12:00:00
301,"näle, jetzige, cardi, card, hungarn",1,1755-12-10 12:00:00
304,"böhmen, sultans, sultan, gross, bottmässig",3,1755-12-10 12:00:00
312,"mise, meilleur, septieme, considerablement, augmentée",1,1755-12-10 12:00:00
317,"augenscheinliches, ermanglen, erfinder, wahrer, prob",1,1755-12-10 12:00:00
320,"hungarn, niederlande, convention, vereinigten, oesteroesterreichischen",4,1755-12-10 12:00:00
323,"hersch, buhlschaft, geiz, nohtwendiger, eifersucht",2,1755-12-10 12:00:00
325,"1781, stutt, gard, pflanz, ländischen",1,1755-12-10 12:00:00
332,"besoldungen, cent, beleget, jährliche, womit",1,1755-12-10 12:00:00
334,"flandern, bekriegen, dörfen, teutschland, jtalien",1,1755-12-10 12:00:00
350,"königl, der, dem, von, ",3,1755-12-10 12:00:00
357,"mörser, grösten, zug, stücken, bestehet",1,1755-12-10 12:00:00
360,"krönungs, kayserl, allerhöchste, universität, fest",1,1755-12-10 12:00:00
361,"gestatte, danke, thät, euch, jhr",1,1755-12-10 12:00:00
363,"folget, fortsetzung, claration, künftig, folgt",2,1755-12-10 12:00:00
364,"peremtorisch, kiennische, amobbestimmtentagundstund, innstehenden, einschlissung",1,1755-12-10 12:00:00
368,"12mò, paris, tomes, märz, morliere",2,1755-12-10 12:00:00
369,"invigiliren, wornach, juris, richten, jeder",1,1755-12-10 12:00:00
376,"mondschein, calender, adler, derselbe, venus",1,1755-12-10 12:00:00
377,"jeder, richten, männiglich, wissen, diejenige",2,1755-12-10 12:00:00
381,"zollhaus, catastrophe, erschrecklichen, jnnern, patriarchal",2,1755-12-10 12:00:00
385,"nigl, kö, nigricant, wje, spricht",5,1755-12-10 12:00:00
386,"juden, sterlingns, besorge, verlo, jude",1,1755-12-10 12:00:00
387,"gedruckt, kaiserl, in, der, imperial",5,1755-12-10 12:00:00
388,"schneidische, lauffend, anhang, 1756, 1761",2,1755-12-10 12:00:00
389,"commerico, oeconomischen, geometrischen, dienenden, rechen",1,1755-12-10 12:00:00
390,"erh, biblio, teck, theatralische, 3ter",1,1755-12-10 12:00:00
397,"operen, musica, schranen, unterschiedene, ckischen",1,1755-12-10 12:00:00
398,"3000, 30000, gulden, 300000, tonnen",1,1755-12-10 12:00:00
401,"hyacinten, gefüllte, hya, zinten, farbe",2,1755-12-10 12:00:00
403,"1756, 1755, stuttgard, augspurg, karte",19,1755-12-10 12:00:00
408,"heilbroun, heinr, heil, heiderisches, heider",2,1755-12-10 12:00:00
409,"krafft, schotten, canz, lieben, bestellten",1,1755-12-10 12:00:00
412,"pirna, schifs, brücke, künftige, geschlagen",1,1755-12-10 12:00:00
415,"estrati, ambi, terni, ausgefallen, privilegirten",1,1755-12-10 12:00:00
423,"phil, philos, doct, dem, vols",1,1755-12-10 12:00:00
427,"repräsentation, abwe, edict, offenen, senden",1,1755-12-10 12:00:00
430,"mjttwoch, herschaften, rorate, allerhöch, december",1,1755-12-10 12:00:00
439,"schw, , , , ",2,1755-12-10 12:00:00
441,"jnfulir, abbten, assistirung, bischöffen, gewöhnl",1,1755-12-10 12:00:00
443,"brittannien, gross, hardwicke, rhate, höchstgemeldeten",3,1755-12-10 12:00:00
447,"medicinaconsultatoria, vonihmedarüberverfertigtenberathungen, samtdenen, behrs, beantwortungen",1,1755-12-10 12:00:00
450,"gewütet, wasser, bewegung, see, aschperg",4,1755-12-10 12:00:00
452,"niglich, kö, nichts, tluckische, nepom",1,1755-12-10 12:00:00
453,"1755, paris, 1761, tomes, 1758",1,1755-12-10 12:00:00
457,"frankreich, westmünster, toulon, 1756, juny",1,1755-12-10 12:00:00
466,"milit, militvm, mixt, mixti, in",3,1755-12-10 12:00:00
471,"dito, calender, eingebunden, finger, allerley",1,1755-12-10 12:00:00
473,"mannschafft, gestern, königl, wurde, printzes",1,1755-12-10 12:00:00
477,"landes, fürstl, königl, jhre, zuma",1,1755-12-10 12:00:00
486,"nürnberg, 1756, böhmen, 1762, pastell",1,1755-12-10 12:00:00
489,"nigl, apartements, kö, künftige, woche",1,1755-12-10 12:00:00
506,"kaiserl, des, von, carolov, fisciadjunctus",6,1755-12-10 12:00:00
507,"generalität, sämtliche, grundherrlichkeit, grundherrlichkeiten, privilegio",1,1755-12-10 12:00:00
508,"münz, neugeprägter, umwechslen, augezeigten, rolliren",2,1755-12-10 12:00:00
509,"kaiserl, kaisers, excellenz, der, majest",1,1755-12-10 12:00:00
510,"pistolen, betrübte, curriers, langet, lissabon",1,1755-12-10 12:00:00
511,"saamen, broccoli, romani, kauli, flor",1,1755-12-10 12:00:00
515,"stössen, strahlen, anhielte, sichtbar, ziemlichen",1,1755-12-10 12:00:00
516,"undistsichdarum, laxenburger, steyrer, 4500, sto",1,1755-12-10 12:00:00
523,"verordnung, hoher, vermög, löbl, hochlöbl",2,1755-12-10 12:00:00
545,"gelbe, tazzetten, gefüllte, jonqui, quilien",1,1755-12-10 12:00:00
546,"meylords, mein, herren, mylords, mylord",1,1755-12-10 12:00:00
554,"oxhöfte, caffee, zucker, cotton, braunen",15,1755-12-10 12:00:00
557,"trauth, fers, purpur, unterthänigsten, su",1,1755-12-10 12:00:00
561,"on, messes, evangiles, feries, castelgandolfoindembestenwohlseyn",2,1755-12-10 12:00:00
566,"turin, junii, pampelona, langefuhr, moscua",2,1755-12-10 12:00:00
573,"gruber, hauskn, grün, beym, grumkow",1,1755-12-10 12:00:00
579,"getretten, ufer, meer, nem, sei",1,1755-12-10 12:00:00
-1,"wäbel, blessirt, hungarn, münz, 1759",644,1759-02-10 20:00:00
0,"armee, trupen, feind, corps, general",260,1759-02-10 20:00:00
1,"leuten, liebden, rota, seczeni, mengersen",23,1759-02-10 20:00:00
2,"schiffe, flotte, clüe, schiffen, enge",33,1759-02-10 20:00:00
3,"eichsfeldes, creirt, sistorio, hausess, empfängniss",5,1759-02-10 20:00:00
4,"effecten, verschiedene, lerstauden, silber, uhren",18,1759-02-10 20:00:00
5,"notnitz, istl, medico, prinzens, königl",10,1759-02-10 20:00:00
6,"russisch, russische, frankfort, türken, russischen",14,1759-02-10 20:00:00
7,"königl, kömgl, thom, elis, ",58,1759-02-10 20:00:00
8,"viertl, eigentumliche, weingart, achtl, äckern",2,1759-02-10 20:00:00
9,"blessirt, pferde, unwissend, todt, mann",18,1759-02-10 20:00:00
10,"eis, kälten, desden, eingen, victua",3,1759-02-10 20:00:00
11,"erstarreten, schwebeten, allertraurigste, nachgegangen, übersende",4,1759-02-10 20:00:00
12,"verlag, ghelischen, druckerey, londner, zeitungs",5,1759-02-10 20:00:00
13,"schluck, einfin, lustschloss, folgends, schönbrunn",2,1759-02-10 20:00:00
14,"ficii, ritterstandes, bussi, präses, decan",5,1759-02-10 20:00:00
15,"franzosen, französische, armee, französischen, stündigen",18,1759-02-10 20:00:00
17,"anforderungen, habende, liquidirende, massa, veltitulo",7,1759-02-10 20:00:00
18,"obligationes, feuer, entstandene, amortisiret, feuers",6,1759-02-10 20:00:00
19,"stettin, schwedische, pommern, lockenitz, bartow",4,1759-02-10 20:00:00
20,"durchl, wilh, guardarobba, didak, se",5,1759-02-10 20:00:00
21,"czerninische, ratschin, bezogen, haus, auf",1,1759-02-10 20:00:00
22,"majest, ma, , , ",7,1759-02-10 20:00:00
23,"4542, begra, todte, wahl, ben",1,1759-02-10 20:00:00
26,"erlang, feyerlichkeiten, vermählung, jngleichen, angestellet",1,1759-02-10 20:00:00
27,"tragere, abschrif, gewalts, einlegen, endliche",3,1759-02-10 20:00:00
29,"anna, hillebrandisch, cassiern, moserin, paaris",4,1759-02-10 20:00:00
30,"behörde, hell, binnen, annulirt, mehrersagte",3,1759-02-10 20:00:00
31,"1000, 5683, rumanzow, vorbemeldete, begra",7,1759-02-10 20:00:00
35,"böhmen, pirna, transportiren, traffen, gesichte",5,1759-02-10 20:00:00
36,"anfällen, persianische, tul, tulpen, brauchbar",2,1759-02-10 20:00:00
37,"ramingdorf, haindel, crossen, lamberg, ferdinand",3,1759-02-10 20:00:00
39,"erps, königsegg, erledigte, leichnam, grafens",2,1759-02-10 20:00:00
42,"duplessis, allstäts, dritt, erhebung, fähig",2,1759-02-10 20:00:00
43,"summa, darunter, kind, person, mätzleinstorf",6,1759-02-10 20:00:00
44,"guinen, londens, bekommt, gering, nachfolgen",1,1759-02-10 20:00:00
46,"cations, convoconvocations, aufgestelltfreyhartischen, lassenschafterbschaft, poultimotermino",1,1759-02-10 20:00:00
47,"dienstag, ziehung, vormittags, beede, kaiserl",2,1759-02-10 20:00:00
48,"specificirten, adlicitandum, vorbesagten, weinen, unausbleiblich",3,1759-02-10 20:00:00
49,"nicolspurg, 2709, koharischen, walterskirchen, unweit",1,1759-02-10 20:00:00
50,"vilegirten, pri, lotterie, königl, losse",1,1759-02-10 20:00:00
51,"septemb, september, anhang, samstags, septembr",10,1759-02-10 20:00:00
53,"zellner, burgerl, gall, wenzel, burgersp",2,1759-02-10 20:00:00
54,"ringhaltige, portocarero, schlüssen, dienz, römischer",2,1759-02-10 20:00:00
57,"caracciolo, päpstl, gebeth, carolivi, pragæpragae",1,1759-02-10 20:00:00
58,"künf, desseins, frühjahr, eröf, tiges",1,1759-02-10 20:00:00
59,"litz, hanau, befreyet, mi, franzosen",2,1759-02-10 20:00:00
60,"huten, jennseits, bossabrunn, geburtig, öster",2,1759-02-10 20:00:00
63,"vorgeritten, getrunkenen, landschaftstrompetter, angehängten, gepflanzte",2,1759-02-10 20:00:00
64,"metal, unrecht, setzet, anderten, wann",1,1759-02-10 20:00:00
66,"juden, 1759, actum, beschehen, wien",12,1759-02-10 20:00:00
69,"zogliche, eingetroffenen, vernommen, currier, gräfl",1,1759-02-10 20:00:00
72,"kais, serl, kai, regierende, und",1,1759-02-10 20:00:00
73,"rathen, darum, sie, an, ",9,1759-02-10 20:00:00
74,"gallischen, ritt, angesuchter, ausgefolgte, hornig",2,1759-02-10 20:00:00
75,"gesegnete, erndte, frankfort, mayn, july",1,1759-02-10 20:00:00
79,"artix, pitulation, ca, wahl, kunst",1,1759-02-10 20:00:00
80,"freyhart, thomä, bayreuth, gräfl, freyhrn",2,1759-02-10 20:00:00
81,"derseits, verkünden, kaiserl, erneuerung, nachstehenden",4,1759-02-10 20:00:00
83,"derem, erbietig, langt, ersterer, erachten",2,1759-02-10 20:00:00
84,"gualtieri, nuntius, frankreich, nuntii, monsig",1,1759-02-10 20:00:00
87,"darmit, ordentlich, benannten, terminen, octob",1,1759-02-10 20:00:00
88,"verhinderlich, förderlich, commissairs, unterschleif, parle",2,1759-02-10 20:00:00
89,"diegratificationvon, desfürdiebeyminden, adpunctum, vorzustehen, belleisle",3,1759-02-10 20:00:00
90,"oheimlichen, vorkommet, ghelischen, michaeler, druckerey",2,1759-02-10 20:00:00
93,"excell, fortgegangen, wachten, audienz, leib",2,1759-02-10 20:00:00
94,"euer, kaiserl, demnach, jhre, regierende",2,1759-02-10 20:00:00
98,"marschallischen, fügen, verordnete, commissarien, gericht",2,1759-02-10 20:00:00
102,"mariastieg, tuchlaub, untern, stadt, vor",2,1759-02-10 20:00:00
105,"vendlant, leutenant, schatz, neral, blessirt",3,1759-02-10 20:00:00
108,"1757, mittermayer, februari, 1752, dato",3,1759-02-10 20:00:00
111,"beyde, kaiserl, gegen, uhr, haben",1,1759-02-10 20:00:00
114,"febr, februarii, februar, regierungsverlass, pulverwesens",1,1759-02-10 20:00:00
115,"sterling, billets, beschloss, schrieben, millionen",3,1759-02-10 20:00:00
119,"2571, verloren, todt, ro, ausmass",1,1759-02-10 20:00:00
120,"kleeger, denaufden28tendieseslauffendenmonats, 1758ger, regierungwer, eymer",1,1759-02-10 20:00:00
121,"anemoni, turband, färbige, artige, gedoppelte",5,1759-02-10 20:00:00
126,"hintersteiner, hausman, hagelmülleris, inspect, eberlis",4,1759-02-10 20:00:00
127,"prag, böhmen, einlauft, beschehen, wicd",6,1759-02-10 20:00:00
130,"gabelkoven, weissmann, obrister, blessirt, major",1,1759-02-10 20:00:00
132,"kaiserl, kaisersthée, kaiserspit, 69, 43",4,1759-02-10 20:00:00
134,"hohenloe, wäbel, blessirt, feld, vom",1,1759-02-10 20:00:00
137,"sicilien, beyder, titel, angenommen, würklich",1,1759-02-10 20:00:00
142,"spinola, besorget, befördern, madrid, spanien",2,1759-02-10 20:00:00
144,"höflein, zwickelstorfer, bruck, neuburg, sallmanstorf",3,1759-02-10 20:00:00
148,"sontags, decemb, december, rorate, vom",1,1759-02-10 20:00:00
149,"octob, extrablat, innlebenden, derjenige, gedenket",2,1759-02-10 20:00:00
152,"gold, schetlin, schissler, aderman, gartler",3,1759-02-10 20:00:00
153,"mucculassi, wolfkings, atkins, haupts, wilden",1,1759-02-10 20:00:00
155,"annahmen, glückwünsche, sieg, letzten, majestät",1,1759-02-10 20:00:00
156,"freyten, jubelier, schwab, gebliebene, wärtig",1,1759-02-10 20:00:00
159,"regierung, abwesenden, voglaische, anals, jedermänniglich",4,1759-02-10 20:00:00
160,"daffy, harrach, todt, hauptm, hausfr",2,1759-02-10 20:00:00
164,"accajoli, portugal, nuntius, lisabon, portugall",1,1759-02-10 20:00:00
166,"diarii, bogens, quartal, vorhinein, eintrettenden",3,1759-02-10 20:00:00
167,"verordnung, löbl, eines, auf, hochlöbl",2,1759-02-10 20:00:00
170,"orfi, andl, oranien, arunculen, prinz",3,1759-02-10 20:00:00
174,"blessirt, raunach, pose, jergochich, poir",3,1759-02-10 20:00:00
175,"weymar, ferdinand, elling, ferdinands, herzogs",3,1759-02-10 20:00:00
180,"superintendenten, spital, denenjengen, brodsitzers, vorderist",2,1759-02-10 20:00:00
188,"videmus, eingetragenen, meimeistern, gedru, amortisationsedict",2,1759-02-10 20:00:00
190,"aschenbacherin, catharina, seel, frauen, cath",1,1759-02-10 20:00:00
196,"königl, neue, königi, thrones, seine",3,1759-02-10 20:00:00
197,"hütten, wornach, schaden, achten, jeder",4,1759-02-10 20:00:00
199,"gering, verdient, gnade, verlust, völlig",1,1759-02-10 20:00:00
200,"juden, aufmerken, fleissiges, formul, getragen",1,1759-02-10 20:00:00
201,"löbl, ganze, ordnung, jn, dann",2,1759-02-10 20:00:00
202,"uhrfiengdiecanonadeaufunsererseite, avancirten, pfündige, kunte, gebrauchen",1,1759-02-10 20:00:00
203,"bebegaben, ga, anzusehen, gaben, stall",1,1759-02-10 20:00:00
206,"abschieden, uebertretter, münz, pfand, unterworfen",1,1759-02-10 20:00:00
209,"altebollone, moni, ane, ältere, stand",2,1759-02-10 20:00:00
212,"2000, zufolge, nachrichten, nacht, folgende",2,1759-02-10 20:00:00
215,"kaiserli, patents, patent, publiciret, folgendes",2,1759-02-10 20:00:00
230,"scha, hüten, wornach, richten, jeder",1,1759-02-10 20:00:00
249,"stralsund, mart, ordre, marsch, morgen",1,1759-02-10 20:00:00
251,"schoben, parlements, versammelt, 4ten, commission",1,1759-02-10 20:00:00
253,"angezogenen, punctum, jnsonderheit, schlusses, gemässheit",2,1759-02-10 20:00:00
256,"hungarn, kulneck, leutn, artitschocken, deimlischen",3,1759-02-10 20:00:00
261,"officiers2, unwissend, gefangen, oder, gefängnisse",1,1759-02-10 20:00:00
262,"deutsche, bestallungs, wärtige, liebhabere, anwesen",3,1759-02-10 20:00:00
265,"estrati, hutsteper, schulerstrassen, dentschitz, 4400",1,1759-02-10 20:00:00
266,"zollern, zimmergs, zoll, zählungen, zoraide",1,1759-02-10 20:00:00
268,"parlement, mitte, novemb, jahr, gegen",1,1759-02-10 20:00:00
269,"wisbauer, anerinneren, behöriger, gegenwärtiges, wirthshaus",3,1759-02-10 20:00:00
277,"leutn, sacken, hoheit, hornung, durchl",1,1759-02-10 20:00:00
284,"gesprengte, arunculen, farben, verschiedenen, gesprangte",1,1759-02-10 20:00:00
285,"eugene, louis, prinzens, durchl, jhro",1,1759-02-10 20:00:00
287,"canonenfeuer, caserne, nächte, illuminiret, fenstern",2,1759-02-10 20:00:00
292,"palatinal, landesfürstl, landsfürstl, camm, grossfürstl",1,1759-02-10 20:00:00
295,"rachrichtnachricht, muntere, zusammenkunft, erforder, veranstaltung",1,1759-02-10 20:00:00
296,"läuffern, geschweigen, uber, stabs, derjenigen",1,1759-02-10 20:00:00
307,"1594, 1673, häuten, gattung, verschiedener",2,1759-02-10 20:00:00
309,"pückenburg, bevern, prinzen, 1759, braunschweig",1,1759-02-10 20:00:00
318,"delegati, judicii, milit, gerichtsordnung, erblande",1,1759-02-10 20:00:00
319,"25270, toback, ballen, juny, küsten",1,1759-02-10 20:00:00
327,"pfündige, 93000, haubitzen, flinten, pulfer",1,1759-02-10 20:00:00
329,"den30, mondag, mon, hefte, 21ten",1,1759-02-10 20:00:00
332,"derten, baarem, gelde, thaler, wechsel",1,1759-02-10 20:00:00
334,"flandern, wesel, marsch, ren, solle",1,1759-02-10 20:00:00
341,"1760, 1764, hässliche, weiber, frofroher",1,1759-02-10 20:00:00
343,"uhlfeld, stellet, meistern, vorge, gehörig",1,1759-02-10 20:00:00
355,"1260, taschen, patron, reichsfreyherrl, reichsgräfl",1,1759-02-10 20:00:00
357,"häu, verwürket, wissentlich, ihrige, leihen",1,1759-02-10 20:00:00
359,"nosti, reineck, tzischen, gräflichen, städtlein",1,1759-02-10 20:00:00
364,"convocationstag, auflag, peremtorie, clausulirte, 12ten",1,1759-02-10 20:00:00
367,"preuss, thol, preussis, thlr, ca",2,1759-02-10 20:00:00
370,"obrigkeit, verwürkten, ansager, straf, saumigen",1,1759-02-10 20:00:00
375,"ctionen, jnstru, zugeschickt, bristol, achtet",1,1759-02-10 20:00:00
378,"vorneh, geringsten, mann, sten, vom",1,1759-02-10 20:00:00
379,"1759, gehenden, journal, 1758, exelus",22,1759-02-10 20:00:00
381,"lagerer, glüende, feuerfan, lamberti, hanoveraner",2,1759-02-10 20:00:00
385,"nigl, kö, nigricant, wje, spricht",1,1759-02-10 20:00:00
387,"gedruckt, kaiserl, königl, dem, in",5,1759-02-10 20:00:00
388,"1759, anhang, nu, october, samstags",2,1759-02-10 20:00:00
398,"haudon, adalbert, gulden, dritte, 1000",1,1759-02-10 20:00:00
401,"gefüllte, hyacinten, hyacinthen, violblaue, weisse",3,1759-02-10 20:00:00
412,"böhmen, brücke, 204100, blakblack, fiarsfriars",2,1759-02-10 20:00:00
419,"löhn, mayer, wied, jacob, mayerische",1,1759-02-10 20:00:00
427,"edict, ejusdem, ebene, gebürg, offenen",1,1759-02-10 20:00:00
429,"wagner, einnehmer, wagnerin, oe, alhiesig",2,1759-02-10 20:00:00
452,"nichts, angern, tluckische, nepom, nietsch",9,1759-02-10 20:00:00
460,"vorgestrigen, donnerstags, donnerstag, fest, jenner",1,1759-02-10 20:00:00
461,"rom, vorgestrigen, bris, octo, montags",1,1759-02-10 20:00:00
463,"hugodeburgos, narcissi, delegatomilitarimixto, nobili, montani",1,1759-02-10 20:00:00
467,"aumee, churfürstentume, destomehrist, herkommet, zuzuführen",2,1759-02-10 20:00:00
468,"ausschuss, standes, ausschusse, erörterung, handlungsgesellschaft",1,1759-02-10 20:00:00
480,"anmeldungs, endlicher, convocations, frist, anberaumet",1,1759-02-10 20:00:00
484,"titl, camme, rern, obrist, fidi",2,1759-02-10 20:00:00
489,"nigl, kö, areiern, alleuja, walsh",1,1759-02-10 20:00:00
493,"leipzig, wolfersdorf, 25000, wunsch, abreise",1,1759-02-10 20:00:00
501,"septembr, septemb, pestrowitz, künftigem, quartier",4,1759-02-10 20:00:00
506,"carolov, vorfahrer, kaiserl, unserem, kaiser",3,1759-02-10 20:00:00
508,"münz, gestraffet, münzen, beschnittene, abgangs",7,1759-02-10 20:00:00
511,"saamen, broccoli, romani, kauli, flor",1,1759-02-10 20:00:00
516,"überland, schusterische, terlassenes, äckern, viertel",1,1759-02-10 20:00:00
520,"dibrusseles, labella, arunculen, casp, arnunculen",1,1759-02-10 20:00:00
524,"benedict, daun, benedicti, xiii, benedicto",1,1759-02-10 20:00:00
525,"3pfündigen, 1pfündigen, 6pfündigenmetallenenstücken, 12pfündigen, haubitzen",1,1759-02-10 20:00:00
533,"gart, zehend, gabr, zession, bestand",1,1759-02-10 20:00:00
545,"gelbe, quilien, jon, gefüllte, tazzetten",2,1759-02-10 20:00:00
558,"lot, terie, kaiserl, schröffl, guarantirten",1,1759-02-10 20:00:00
563,"famile, dazwischen, vember, gestatten, asturien",1,1759-02-10 20:00:00
572,"beschluss, folgt, künftig, einzuberuffen, vorzuladen",1,1759-02-10 20:00:00
575,"hattinger, hattingerische, ulefeldischen, ratoris, kroatien",1,1759-02-10 20:00:00
-1,"hungarn, deutschen, hof, denen, herrn",1045,1760-09-12 00:00:00
0,"corps, feind, armee, general, lager",249,1760-09-12 00:00:00
1,"durchl, tägl, hoheit, zuckerbackers, hoheiten",54,1760-09-12 00:00:00
2,"hollerstauden, sailerstadt, schiffe, subclausulapræclusipraeclusi, ans",9,1760-09-12 00:00:00
3,"kirche, kirchen, dom, augustiner, hof",18,1760-09-12 00:00:00
4,"effecten, verkauffet, silber, kleider, tisch",25,1760-09-12 00:00:00
5,"hungarn, majestäten, königl, majest, jhren",31,1760-09-12 00:00:00
6,"hungarn, russischen, russische, türken, russen",12,1760-09-12 00:00:00
7,"königl, kömgl, thom, elis, ",46,1760-09-12 00:00:00
8,"tracteurs, mäunersdorf, ausschanksgerech, zubereitetes, anklebenden",2,1760-09-12 00:00:00
9,"roma, pferden, pferd, pferde, wägen",14,1760-09-12 00:00:00
11,"unternahme, unentschlossen, bewürtet, durst, hängen",5,1760-09-12 00:00:00
12,"deutschen, deutsche, buchhandlung, büchern, catalogus",19,1760-09-12 00:00:00
13,"gideon, schrattenbach, schweidnitz, zeugmeister, schelleris",6,1760-09-12 00:00:00
14,"primkerau, ciceri, thausthauszy, calmo, sprottau",9,1760-09-12 00:00:00
15,"franzosen, französischen, broglie, frankreich, französische",22,1760-09-12 00:00:00
16,"athems, rasenden, mögend, unsinnigen, verwerfen",3,1760-09-12 00:00:00
17,"anforderungen, widrigen, exofficio, sprüch, genugsam",22,1760-09-12 00:00:00
18,"feuer, brand, geprässel, aufgeflogen, ausgekom",5,1760-09-12 00:00:00
19,"prezlow, schwedischen, prenzlow, pasewalk, ssisch",3,1760-09-12 00:00:00
20,"durchl, wilh, guardarobba, didak, se",4,1760-09-12 00:00:00
21,"khevenhüllerische, compens, guten, bringen, haus",1,1760-09-12 00:00:00
22,"majest, ma, , , ",12,1760-09-12 00:00:00
23,"1730, anno, wienn, biss, 1728",2,1760-09-12 00:00:00
24,"ad, epistola, pastoralis, populum, clerum",9,1760-09-12 00:00:00
25,"rennwegs, cridämassam, 3te, gehörige, decemb",4,1760-09-12 00:00:00
26,"entzückendes, bindigsten, beantwortungen, verwunde, hochgedachten",1,1760-09-12 00:00:00
27,"judicedelegato, ehrenthal, prätensiones, bäcken, befund",3,1760-09-12 00:00:00
29,"peichbernerin, zellnerin, angefüget, verehlichte, elisa",2,1760-09-12 00:00:00
31,"ueberdas, 10000, 1000, novemb, bis",2,1760-09-12 00:00:00
35,"mittags, gästen, tafel, stuppach, köstlich",8,1760-09-12 00:00:00
36,"abwechslungs, forest, exellenz, baums, neger",4,1760-09-12 00:00:00
37,"graf, lamberg, mosser, choteck, dillherr",28,1760-09-12 00:00:00
39,"dispens, erlang, königl, befreund, andertens",6,1760-09-12 00:00:00
40,"anxaux, ausspühren, noix, desseins, zösische",1,1760-09-12 00:00:00
42,"geschänke, säumen, bussy, überschicken, wert",1,1760-09-12 00:00:00
43,"summa, kind, darunter, person, kurzman",5,1760-09-12 00:00:00
44,"londen, schessfield, worksop, zehlete, folk",3,1760-09-12 00:00:00
46,"starhemberg, vorbehalten, dings, execution, præteritopraeteritovorhandenencreditorenwiederholter",3,1760-09-12 00:00:00
47,"beehe, vomittags, wiennerischen, zukünftigen, montags",4,1760-09-12 00:00:00
50,"gratis, lotterie, hinaus, plan, verleger",2,1760-09-12 00:00:00
51,"septemb, sogenanntkaiserische, fenden, geboten, sept",6,1760-09-12 00:00:00
53,"burgerl, jourdain, gewest, leidl, trinkhaus",8,1760-09-12 00:00:00
54,"römisch, kaiserl, von, der, römischen",1,1760-09-12 00:00:00
55,"königl, und, möstl, kopp, kugler",19,1760-09-12 00:00:00
57,"dominii, spether, montecuculi, dominici, parte",6,1760-09-12 00:00:00
59,"französischen, düpuy, hoftheatro, abmarsche, gazine",5,1760-09-12 00:00:00
60,"ranzauischen, adædesaedes, clausulirte, erforderung, creditspartheyen",1,1760-09-12 00:00:00
63,"paucken, trompeten, trompetere, paucker, hören",8,1760-09-12 00:00:00
64,"regensp, feln, besonderes, licht, hoher",2,1760-09-12 00:00:00
66,"1760, 1761, journal, wien, eckler",10,1760-09-12 00:00:00
68,"novemb, monats, künftigen, november, decemb",21,1760-09-12 00:00:00
69,"gräfl, regreds, nadl, form, geschmuck",2,1760-09-12 00:00:00
72,"proprodiga, kais, erkläret, erschiene, namen",3,1760-09-12 00:00:00
74,"weiglischen, weiglische, abwesend, martin, mandatarionomine",4,1760-09-12 00:00:00
79,"kunst, lackier, fürneissen, dreh, dienlichen",6,1760-09-12 00:00:00
80,"thuri, buol, frey, wolgebornen, anlan",5,1760-09-12 00:00:00
81,"kaiserl, swinemünde, mitgekommenen, menzikoff, hoheiten",8,1760-09-12 00:00:00
82,"erz, amalia, durchleuchtigsten, prächtigste, herzogin",3,1760-09-12 00:00:00
83,"seittenstädten, arcier, heutige, endigen, vermutet",5,1760-09-12 00:00:00
84,"nuntius, pontifical, nuntio, nuntii, theilet",4,1760-09-12 00:00:00
87,"october, oktob, sogenannt, hochfürstl, 11ten",5,1760-09-12 00:00:00
88,"respects, schuldigsten, commissarii, empfangen, commissarien",1,1760-09-12 00:00:00
89,"licitationstagsazung, landesfürstl, magistrat, magistrate, kinsskyschen",2,1760-09-12 00:00:00
93,"excell, vormittags, introdu, cirten, anheute",6,1760-09-12 00:00:00
94,"beschiehet, kaiserl, hieran, boromäo, jhrer",8,1760-09-12 00:00:00
95,"3tio, termino, 1mo, pro, jahrs",2,1760-09-12 00:00:00
98,"marschallischen, fischament, batthyanischen, jeden, judiciidelegati",5,1760-09-12 00:00:00
100,"hochfürstl, grossen, hochw, dem, jhro",3,1760-09-12 00:00:00
102,"olden, münden, chabo, zoge, holz",1,1760-09-12 00:00:00
104,"cemb, wis, jedermänniglich, künftigen, monats",1,1760-09-12 00:00:00
105,"leutenant, benedict, marliani, darmstättischen, generaleleutenants",6,1760-09-12 00:00:00
106,"england, frankreich, friedens, zwischen, allerchristlichste",14,1760-09-12 00:00:00
108,"1751, 1752, 8vo, seven, 1760",6,1760-09-12 00:00:00
109,"gerichtsschreib, pitschko, sulkowsky, fürst, georg",2,1760-09-12 00:00:00
110,"secretair, pitt, berryer, denetrn, chelle",2,1760-09-12 00:00:00
111,"erbprinzens, halfeld, gleichförmig, dienz, eimbeck",5,1760-09-12 00:00:00
114,"datiret, märzen, 26ten, febr, stücke",1,1760-09-12 00:00:00
115,"pfund, sterling, lionen, sterlings, mil",2,1760-09-12 00:00:00
116,"jn, stadt, der, den, fruh",1,1760-09-12 00:00:00
120,"gattun, ockauer, geörger, hungarischer, gewächs",3,1760-09-12 00:00:00
121,"anemoni, rot, turband, färbige, artige",6,1760-09-12 00:00:00
122,"anzubegehren, zugesellet, vermählet, jsabella, joseph",3,1760-09-12 00:00:00
123,"neustadt, bäcker, schank, gebautes, suchet",1,1760-09-12 00:00:00
126,"alt, beym, elisab, beyn, zehl",4,1760-09-12 00:00:00
127,"przickowsky, coadjutor, prag, graf, böhmen",1,1760-09-12 00:00:00
131,"prinzessin, braut, excell, durchl, königl",3,1760-09-12 00:00:00
132,"kaiserl, kaisersthée, kaiserspit, 69, 43",2,1760-09-12 00:00:00
139,"pragers, ableiben, tulln, gewest, burgerl",1,1760-09-12 00:00:00
142,"madrid, sept, spanien, lateinischen, lateinisch",1,1760-09-12 00:00:00
144,"meidling, neuburg, töbling, erichsburg, grene",2,1760-09-12 00:00:00
145,"adlicitandum, vorbesagten, unausbleiblich, tragere, obbemeldte",1,1760-09-12 00:00:00
149,"octob, extrablat, samstags, ebne, montag",15,1760-09-12 00:00:00
150,"decemb, dienet, publico, neuburg, probst",4,1760-09-12 00:00:00
151,"excell, statt, nürnberg, cont, 31",3,1760-09-12 00:00:00
152,"froschauer, gold, balt, bierabtrag, beyn",2,1760-09-12 00:00:00
153,"oeben, hinfüh, camel, leibeigene, gesindes",2,1760-09-12 00:00:00
155,"complimenten, nuntis, botschafterin, vollzohene, bottschafte",3,1760-09-12 00:00:00
156,"erstgemeldte, lebete, unwissentli, grossin, ybs",1,1760-09-12 00:00:00
159,"regierung, offenem, edict, gegenwärtig, abwesenden",11,1760-09-12 00:00:00
162,"mozarts, gründlichen, augsp, violin, versuch",1,1760-09-12 00:00:00
164,"lisabon, october, portugal, portugall, lissabon",1,1760-09-12 00:00:00
165,"wagen, gekleidete, risten, absteigen, einzutreffen",4,1760-09-12 00:00:00
166,"verlegern, diarii, aufwachs, glückseliger, wienerischen",4,1760-09-12 00:00:00
167,"verordnung, löbl, eines, täge, folgende",4,1760-09-12 00:00:00
168,"steph, 61, thury, alt, am",1,1760-09-12 00:00:00
170,"legitur, notandum, norimb, oranien, arunculen",2,1760-09-12 00:00:00
173,"üblicher, anhörung, heil, braut, sonntags",2,1760-09-12 00:00:00
175,"ferdinand, braunschweig, undprinzessinlouiseververfüget, auffart, gleiche",5,1760-09-12 00:00:00
179,"angekehret, entstehung, vergleich, fleiss, treffen",1,1760-09-12 00:00:00
180,"superintendenten, orenghischen, thersiam, spittelmeister, orenghi",6,1760-09-12 00:00:00
181,"krebs, beym, anna, kleebinder, spiegelritter",1,1760-09-12 00:00:00
185,"rölzow, schweitz, schwedischen, königlich, october",1,1760-09-12 00:00:00
188,"rechtlichen, null, cumsuacausa, nichtig, kircherischen",2,1760-09-12 00:00:00
191,"meld, eleonorischer, not, etwann, bemeldete",2,1760-09-12 00:00:00
193,"schorgast, saxenhofen, schack, gräfin, verwechselt",1,1760-09-12 00:00:00
196,"königl, seine, königi, thrones, throne",2,1760-09-12 00:00:00
199,"ternehmung, umständliche, wohin, beschreibung, weiss",2,1760-09-12 00:00:00
200,"juden, zuthuen, sternlein, hebräische, christentums",1,1760-09-12 00:00:00
201,"löbl, resolution, besagt, allergnädigsten, folge",3,1760-09-12 00:00:00
202,"fruh, bischöfl, baaden, löbl, uhr",7,1760-09-12 00:00:00
203,"trettenden, zärtlichen, lings, jüng, pflichten",1,1760-09-12 00:00:00
207,"1760, berlin, 8vo, unhold, gefügt",3,1760-09-12 00:00:00
209,"altebollone, moni, ane, hohei, älteren",4,1760-09-12 00:00:00
212,"acquiriret, coromandel, cüste, ländereyen, 100000",1,1760-09-12 00:00:00
215,"führo, seiterischen, patents, verhandlung, stocke",1,1760-09-12 00:00:00
224,"kaiserl, hochzeit, geendigtem, jhre, erhuben",3,1760-09-12 00:00:00
226,"pachta, wiederholter, jnteressirte, chemnoch, sol",2,1760-09-12 00:00:00
230,"scha, hüten, wornach, richten, jeder",1,1760-09-12 00:00:00
232,"unterzeichtet, kaiserl, choiseul, herzog, war",4,1760-09-12 00:00:00
242,"priesters, casserio, pölhinger, weltlichen, vincentio",2,1760-09-12 00:00:00
245,"jhre, königl, beklei, dende, worzu",8,1760-09-12 00:00:00
251,"parlements, terhauses, zusammenbringung, gutheissung, anbefohlen",3,1760-09-12 00:00:00
253,"übertrug, weyda, lausitz, wolfenbüttel, unternehmung",2,1760-09-12 00:00:00
255,"1762, künftigen, künfti, februarii, denenselben",8,1760-09-12 00:00:00
256,"hungarn, vermählte, böheim, durchleuchtigste, hoheit",1,1760-09-12 00:00:00
258,"kunststück, verkauffen, dieses, verkauft, sold",1,1760-09-12 00:00:00
261,"offciers, ad2dum, accordirt, verstanden, garnison",1,1760-09-12 00:00:00
262,"deutsche, bestallungs, wärtige, liebhabere, bequemlich",2,1760-09-12 00:00:00
266,"zobor, graf, zimmergs, zoll, zählungen",1,1760-09-12 00:00:00
268,"parlements, deliberationen, keins, hauptgegenstand, affaire",2,1760-09-12 00:00:00
269,"gastgeben, pitsch, hochgräfl, wirth, adam",1,1760-09-12 00:00:00
271,"erzherzogen, maria, erz, elisabetha, erzherzogi",5,1760-09-12 00:00:00
272,"balthas, rossau, alt, castoreum, bibergeil",1,1760-09-12 00:00:00
273,"milt, jhren, majestäten, nigl, kö",2,1760-09-12 00:00:00
277,"hoheit, durchl, hornung, fausta, vocent",8,1760-09-12 00:00:00
280,"bathyan, adam, graf, adamischer, stellter",1,1760-09-12 00:00:00
284,"gesprengte, arunculen, farben, verschiedenen, gesprangte",1,1760-09-12 00:00:00
286,"gleiten, landmarschallischen, gerichts, octob, thürisches",2,1760-09-12 00:00:00
287,"dauerte, nacht, anzugreif, wagten, spat",4,1760-09-12 00:00:00
296,"uber, sämtliche, schlacht, setzte, fluss",1,1760-09-12 00:00:00
300,"vornämlich, hält, kasten, besetzt, winter",1,1760-09-12 00:00:00
302,"odioreligionis, verhaltende, gedultet, gebührlich, ungegrün",1,1760-09-12 00:00:00
305,"wallis, wenzl, graf, prinzen, von",1,1760-09-12 00:00:00
309,"lasci, kinsky, abgeschickte, ersagter, nachmit",1,1760-09-12 00:00:00
311,"anfor, stuben, derungen, obgedachten, sprüch",1,1760-09-12 00:00:00
317,"verwirrungen, verhinderlich, vorgeschla, trachte, sicherste",1,1760-09-12 00:00:00
322,"kränzen, erschallt, kocher, ergänzen, frohem",2,1760-09-12 00:00:00
323,"spriesslich, ersetzun, verwirrungs, uneinige, zurückgestellte",2,1760-09-12 00:00:00
326,"pulferdampf, erfunde, benetzung, wehrs, samstage",2,1760-09-12 00:00:00
340,"perchtolstorf, fruhe, nachmittag, markt, weil",1,1760-09-12 00:00:00
341,"1760, 1764, tome, haye, torgau",8,1760-09-12 00:00:00
342,"residenz, octob, oesterreich, ward, gehalten",2,1760-09-12 00:00:00
343,"hofmeister, uhlfeld, ulfeld, bee, obrist",2,1760-09-12 00:00:00
346,"untergebracht, hungarischen, obbenannt, presspurg, vollstän",1,1760-09-12 00:00:00
352,"apost, nämlich, se, jhre, auch",4,1760-09-12 00:00:00
356,"innlebenden, continuiret, jahrs, fruhe, jede",2,1760-09-12 00:00:00
361,"glückwünsche, hause, ihre, dank, abzustatten",1,1760-09-12 00:00:00
363,"fortsetzung, lesen, anhang, folgt, continuation",1,1760-09-12 00:00:00
365,"antumtractandum, bevollmächtige, landhaus, ständischen, tra",1,1760-09-12 00:00:00
371,"deleg, clavier, detto, abschrift, bremmerprücken",1,1760-09-12 00:00:00
372,"hafners, beylager, gedicht, hochzeit, beyder",4,1760-09-12 00:00:00
376,"venus, hinderst, milder, wunde, kindlein",2,1760-09-12 00:00:00
377,"wornach, richten, jeder, wissen, wird",2,1760-09-12 00:00:00
384,"unterwalterstor, fischen, herrschafts, laden, canzley",1,1760-09-12 00:00:00
387,"gedruckt, kaiserl, dem, in, imperial",5,1760-09-12 00:00:00
388,"1761, anhang, mittwochs, november, grossbitta",15,1760-09-12 00:00:00
390,"königsberg, 4to, 1760, böhmen, 8vo",1,1760-09-12 00:00:00
396,"inngehalten, straten, wünscheten, 3400, fernerem",1,1760-09-12 00:00:00
397,"alcidealbivio, jtaliänische, opera, vorgestellet, mal",1,1760-09-12 00:00:00
399,"richtl, regierung, amtsverwaltung, ge, bey",1,1760-09-12 00:00:00
401,"gefüllte, hyacinten, hyacinthen, violblaue, weisse",3,1760-09-12 00:00:00
403,"1756, 1755, 17775, stuttgard, augspurg",3,1760-09-12 00:00:00
412,"wartemburg, gehracht, pratta, brücken, communication",1,1760-09-12 00:00:00
416,"bewilligung, lan, hochlöbl, fürstl, demnach",2,1760-09-12 00:00:00
418,"knoll, schneidermeist, englisch, christoph, beym",1,1760-09-12 00:00:00
420,"erinneren, wissenschaft, jeden, wollen, welches",2,1760-09-12 00:00:00
427,"männiglich, erinneren, administrations, offene, edict",2,1760-09-12 00:00:00
440,"faberischen, erkieset, waldzeil, zettel, hauer",1,1760-09-12 00:00:00
441,"jsabella, jnfan, tin, braut, hoheit",1,1760-09-12 00:00:00
442,"bergers, jedermänniglichen, schriftliches, gerl, wasgestalten",1,1760-09-12 00:00:00
453,"paris, 1761, lité, colini, lial",3,1760-09-12 00:00:00
456,"mondirungs, ad3tium, 3tius, angeschaffet, parola",1,1760-09-12 00:00:00
458,"wünschungen, vollbrachten, näheren, freude, glück",1,1760-09-12 00:00:00
463,"narcissi, nobili, brüdere, zwiebeln, montani",1,1760-09-12 00:00:00
468,"unerlaubter, schleichenden, betrugs, auszuwürken, eingeschlichenen",1,1760-09-12 00:00:00
477,"braut, mitten, königl, jhre, nun",2,1760-09-12 00:00:00
479,"woge, rindfleisch, mini, tafeln, fremden",1,1760-09-12 00:00:00
480,"frist, convocations, endlicher, anberaumet, anmeldungstagsatzung",6,1760-09-12 00:00:00
482,"jves, desacy, capucinerordens, auferbaulich, episteln",1,1760-09-12 00:00:00
488,"accordiret, ad5tum, ad9num, integrum, activum",2,1760-09-12 00:00:00
489,"nigl, kö, talbot, jntendant, graf",2,1760-09-12 00:00:00
494,"lack, wild, carl, beym, schwachs",1,1760-09-12 00:00:00
496,"ocob, verflossenen, oesterr, wilh, oester",1,1760-09-12 00:00:00
502,"renno, malatina, montecucolo, marano, guiglia",2,1760-09-12 00:00:00
506,"kaiserl, dem, von, carolov, fisciadjunctus",3,1760-09-12 00:00:00
511,"saamen, broccoli, romani, kauli, flor",1,1760-09-12 00:00:00
514,"würkl, schuhm, schäl, schich, abök",1,1760-09-12 00:00:00
515,"liecht, nord, horizont, norden, wolken",4,1760-09-12 00:00:00
516,"sämtliches, persenbeug, hoyosischen, cridam, verfallen",1,1760-09-12 00:00:00
520,"labella, arunculen, dibrusseles, gelbe, casp",1,1760-09-12 00:00:00
522,"rthlr, rthl, rthkr, , ",1,1760-09-12 00:00:00
523,"artitschocken, verordnung, loht, kern, hochlöbl",1,1760-09-12 00:00:00
524,"mppr, benedict, alter, benedicti, xiii",1,1760-09-12 00:00:00
527,"pagaden, boord, diamanten, diamant, ring",1,1760-09-12 00:00:00
531,"gnädigster, meinung, willen, ernstlicher, hieran",3,1760-09-12 00:00:00
532,"berlin, besitz, residenz, preussische, hätte",1,1760-09-12 00:00:00
533,"gart, zehend, gabr, zession, bestand",1,1760-09-12 00:00:00
534,"croatische, möller, zünften, comitaten, burgermeisters",3,1760-09-12 00:00:00
538,"kostbarester, bottschaf, galla, höchst, erwehnten",2,1760-09-12 00:00:00
545,"gelbe, quilien, jon, tazzerten, gefüllte",2,1760-09-12 00:00:00
546,"mein, mylords, herr, herren, mylord",3,1760-09-12 00:00:00
557,"mitgekommenen, wägen, drey, waren, andere",1,1760-09-12 00:00:00
558,"pold, patron, leo, oesterreichischen, landes",1,1760-09-12 00:00:00
565,"kayserling, kayserl, langenkell, graf, definidefinitortor",1,1760-09-12 00:00:00
572,"einzuberuffen, vorzuladen, fürzuladen, einzuberufen, beschluss",2,1760-09-12 00:00:00
574,"colockza, bathyani, schof, bi, erzherzogl",1,1760-09-12 00:00:00
581,"optica, zaller, comote, perspectiva, unterschiedlichem",1,1760-09-12 00:00:00
583,"verspro, besserem, zugesand, deutschen, geduld",1,1760-09-12 00:00:00
-1,"deutschen, hungarn, 1762, deutsche, uns",549,1762-04-14 04:00:00
0,"türken, berleburg, conflans, corps, feind",93,1762-04-14 04:00:00
1,"hohei, enischluss, apossvi, oserai, verordnnug",21,1762-04-14 04:00:00
2,"pocock, schiffe, admiral, schiffen, kriegs",12,1762-04-14 04:00:00
3,"kirche, feyer, eminenz, moscau, creuz",9,1762-04-14 04:00:00
4,"effecten, uhren, wäsch, kleider, silber",10,1762-04-14 04:00:00
5,"angelege, septemlb, yhnsbruck, gedrack, jhren",10,1762-04-14 04:00:00
6,"russischen, türken, russisch, russische, russland",36,1762-04-14 04:00:00
7,"königl, kömgl, thom, elis, ",12,1762-04-14 04:00:00
9,"hausen, fourage, harze, lohre, landwerhagen",3,1762-04-14 04:00:00
10,"erd, regen, verursachet, wasser, mela",7,1762-04-14 04:00:00
11,"resol, tentative, dürftigkeit, wolthäterin, virte",3,1762-04-14 04:00:00
12,"deutschen, bader, deutsche, bogner, emerich",5,1762-04-14 04:00:00
13,"nuntium, vordaben, losenswürdige, herankommen, stephansbaluze",3,1762-04-14 04:00:00
14,"jnz, santarem, schlimm, retraite, passauerischen",3,1762-04-14 04:00:00
15,"englund, gonderneurs, zugefendet, seesplä, ohngestöhrt",3,1762-04-14 04:00:00
16,"gott, vergiessen, getreue, vatterland, nunmeho",10,1762-04-14 04:00:00
17,"exofficio, verlassenschaft, genugsam, anforderungen, rechtens",12,1762-04-14 04:00:00
18,"feuer, seini, küm, schwachheim, continuirliches",7,1762-04-14 04:00:00
19,"dänischen, dänische, trupen, werbe, pöbels",8,1762-04-14 04:00:00
22,"majest, ma, , , ",3,1762-04-14 04:00:00
24,"tacrætacrae, resolutionum, congregationis, thesaurus, concilii",1,1762-04-14 04:00:00
26,"theolo, schulen, eingemenget, urquellen, pflanzschule",6,1762-04-14 04:00:00
27,"terminro, arenbergischen, fürmerkung, erbforderungen, undsiemitihren",3,1762-04-14 04:00:00
28,"vindel, augustae, gläubiger, csamesiascher, deimlinscher",1,1762-04-14 04:00:00
29,"tochters, schreyers, mariä, senioris, lenzin",4,1762-04-14 04:00:00
30,"helmstorf, grueber, obbemeldt, denenjenigen, gebliebenen",1,1762-04-14 04:00:00
31,"geforderte, geisseln, thlr, contribution, 5000",2,1762-04-14 04:00:00
35,"arveit, verlohr, halben, anberaumet, diesfälligen",2,1762-04-14 04:00:00
36,"zwibel, kiel, bäumen, kleiecker, catalogum",2,1762-04-14 04:00:00
37,"earl, tobias, sinzendorf, seel, michael",1,1762-04-14 04:00:00
42,"hohnstein, abzuschlagen, neswegs, lübeck, schützen",1,1762-04-14 04:00:00
43,"summa, buchsbaum, darunter, kind, sperl",1,1762-04-14 04:00:00
44,"allerchristl, brit, gross, londen, britannien",1,1762-04-14 04:00:00
46,"durfts, behobene, collationirungs, wagnerische, legitimations",1,1762-04-14 04:00:00
47,"beschlossene, aufrichtigst, beede, vormitags, vatterlande",5,1762-04-14 04:00:00
53,"burgerl, gewest, jagschy, dusell, bochini",7,1762-04-14 04:00:00
54,"stiftete, acab, meitens, rectorn, ietzigen",1,1762-04-14 04:00:00
59,"gespräche, schreibe, leidenschaften, gegenwär, französisch",2,1762-04-14 04:00:00
60,"particuliers, quittungen, abgetragen, schulden, überliefern",1,1762-04-14 04:00:00
63,"gnal, wurwurde, aufbruch, paucken, trompeten",1,1762-04-14 04:00:00
64,"feen, gesammlete, mährchen, kupf, cabinet",1,1762-04-14 04:00:00
65,"türken, löschen, janitscharen, brunst, toppana",1,1762-04-14 04:00:00
66,"actum, jnnii, 1737, 1761, 1762",3,1762-04-14 04:00:00
68,"novemb, nals, juraments, origi, monats",14,1762-04-14 04:00:00
69,"gräfl, sülbeck, füttern, eimbeck, luckner",2,1762-04-14 04:00:00
70,"fleche, 80, besetzt, war, mann",1,1762-04-14 04:00:00
72,"kais, rönz, kaiferl, serl, kai",4,1762-04-14 04:00:00
74,"trevanvische, alve, fröhlia, laug, trevanvischen",2,1762-04-14 04:00:00
78,"marle, nonnen, albe, versi, chern",1,1762-04-14 04:00:00
79,"künstler, ätzete, malerisch, köpse, bildhauerkunst",2,1762-04-14 04:00:00
82,"daubhine, schwe, christina, nahm, sachsen",1,1762-04-14 04:00:00
83,"tandlers, ediet, pölten, offene, viertel",2,1762-04-14 04:00:00
86,"lehrart, theologischen, gründlichern, scholastischen, kirchenhistorie",2,1762-04-14 04:00:00
87,"novemb, anhang, mittwochs, mittwoch, oktob",2,1762-04-14 04:00:00
88,"enterstorf, anwe, senden, commission, deswegen",1,1762-04-14 04:00:00
89,"extrablat, novembris, mittwoch, magistrat, anzumelden",1,1762-04-14 04:00:00
94,"original, kaiserl, ha, jhrer, ben",3,1762-04-14 04:00:00
96,"bratel, holdens, braters, alldaselbst, leibl",1,1762-04-14 04:00:00
98,"einsassen, fernerweit, abgabe, bestiegen, landes",1,1762-04-14 04:00:00
104,"forderende, begewalte, demumcapite, ado, exquocunque",1,1762-04-14 04:00:00
105,"convey, boys, leutenanten, waldeck, unterschrieben",2,1762-04-14 04:00:00
106,"entre, pout, rupture, authentiques, rnegotiation",4,1762-04-14 04:00:00
109,"beehret, andreas, gilgenberg, miaskowski, zimmermann",1,1762-04-14 04:00:00
110,"capitulirte, rühmlich, hervorgethan, gelegenheiten, commandant",1,1762-04-14 04:00:00
111,"laucht, majestäten, langten, nachmittags, jungen",3,1762-04-14 04:00:00
114,"febr, wann, 10, ende, diesem",1,1762-04-14 04:00:00
120,"vormitte, effeeten, leutgeb, salzerischen, körben",1,1762-04-14 04:00:00
125,"oenip, leipz, ungeb, neapel, wälseggisch",1,1762-04-14 04:00:00
127,"prag, ambl, ziehung, estratti, trächtlichen",2,1762-04-14 04:00:00
129,"unterscheidet, dogmatischen, jäh, uebereinstimmung, jntestat",2,1762-04-14 04:00:00
132,"kaiserl, kaisersthée, kaiserspit, 69, 43",1,1762-04-14 04:00:00
139,"burgermeister, geben, verwalter, uus, cerey",3,1762-04-14 04:00:00
144,"mandat, jsac, nomine, alvera, marrin",1,1762-04-14 04:00:00
149,"octob, sonntags, wien, den, extrablat",2,1762-04-14 04:00:00
150,"decemb, den, dedöcker, kreisamt, neuburg",3,1762-04-14 04:00:00
153,"berchinische, clettenberg, forderten, keule, fette",1,1762-04-14 04:00:00
155,"glückwünsche, abzustatten, audienz, jh, rer",1,1762-04-14 04:00:00
156,"zuwartung, nere, landgerichts, amts, officio",1,1762-04-14 04:00:00
159,"regierung, offenem, ediet, abwesenden, daran",3,1762-04-14 04:00:00
164,"lisabon, octob, portugal, portugall, lissabon",1,1762-04-14 04:00:00
165,"volanten, avancirte, sappen, glacis, beyden",1,1762-04-14 04:00:00
173,"opferungs, mariä, fest, vormittags, majest",1,1762-04-14 04:00:00
174,"pulken, uhlaner, amelsdorf, movemb, kowski",1,1762-04-14 04:00:00
175,"ferdinand, brück, granby, amöneburg, begehrten",1,1762-04-14 04:00:00
178,"monsig, böhmen, kutsch, gebs, krankend",1,1762-04-14 04:00:00
179,"beyspiele, ehrbegierde, mastrichts, fegenwär, mittelmässigen",3,1762-04-14 04:00:00
181,"krumbach, schreibens, auszug, julii, lager",1,1762-04-14 04:00:00
183,"abseurung, monurchin, hulgreicheste, zurufungen, bewillkommte",1,1762-04-14 04:00:00
188,"satz, brief, ig, kuns, jeuige",1,1762-04-14 04:00:00
190,"catharina, verw, tochter, cath, catholis",2,1762-04-14 04:00:00
193,"eugenia, bonacost, bozza, 176, marchesin",1,1762-04-14 04:00:00
196,"königl, die, königi, thrones, seine",1,1762-04-14 04:00:00
198,"stät, maje, vormittags, kaiser, gestern",1,1762-04-14 04:00:00
201,"löbl, dem, von, lobl, ludw",1,1762-04-14 04:00:00
202,"göttles, lieitiren, prolongiret, rauchlahnerischen, zuverlässlich",3,1762-04-14 04:00:00
207,"antivollena, noces, sysleme, prussien, politique",1,1762-04-14 04:00:00
209,"älteren, hoheiten, durchl, denen, jahnisches",1,1762-04-14 04:00:00
210,"färber, meisters, seel, deutsche, wien",1,1762-04-14 04:00:00
211,"augsp, augsb, 4to, augsbug, conv",1,1762-04-14 04:00:00
214,"deutschen, abzusprechen, drus, rectors, betrachtun",1,1762-04-14 04:00:00
221,"warschau, oetob, polen, julii, juny",2,1762-04-14 04:00:00
224,"kaiserl, sobald, jh, ro, jhro",2,1762-04-14 04:00:00
226,"catholisches, erdacht, mercurius, beautwortet, keinerz",1,1762-04-14 04:00:00
229,"serstof, falkmeyrische, 1762sten, hörungen, lehenhaus",1,1762-04-14 04:00:00
230,"wolthat, abschröcken, jnstanz, abschlägige, aussöhnung",3,1762-04-14 04:00:00
231,"senat, gedruckt, petersburg, junii, beym",1,1762-04-14 04:00:00
232,"kaiserl, von, der, unterzeichtet, sechszehen",2,1762-04-14 04:00:00
248,"schinnagel, jannek, overfurt, unterberger, raume",1,1762-04-14 04:00:00
250,"pracmonst, wiltin, rembter, adriano, eccl",2,1762-04-14 04:00:00
251,"senat, freudigem, zuruffen, unzähligen, ablegte",2,1762-04-14 04:00:00
255,"1762, 1762sten, abgereichet, procuratoris, 29ten",24,1762-04-14 04:00:00
258,"behzu, ruckaelassene, plusofferentilicitando, verkauft, sung",1,1762-04-14 04:00:00
268,"eröfnung, bleibt, parlaments, festgesetzt, donnerstag",1,1762-04-14 04:00:00
271,"erz, succedirende, hohheiten, rachdeme, aerarii",2,1762-04-14 04:00:00
273,"jhreu, majestäten, königl, jhro, mit",1,1762-04-14 04:00:00
277,"äl, teren, durchl, hoheiten, hoheit",2,1762-04-14 04:00:00
286,"freyhertl, marschallischen, gericht, allhier, land",1,1762-04-14 04:00:00
289,"versunken, abbruzzo, kleines, sagt, schloss",1,1762-04-14 04:00:00
294,"canzley, amts, kais, amtskanzley, erscheinen",2,1762-04-14 04:00:00
302,"erniedrigen, bitterkeit, eifri, hingegegen, hergenommen",3,1762-04-14 04:00:00
318,"landmarschal, lischen, weyl, gerichts, gerichtsordnung",1,1762-04-14 04:00:00
329,"21ten, einzuberuf, künfti, fürzuladen, 22",2,1762-04-14 04:00:00
332,"auszahlen, stie, cent, einmal, liess",2,1762-04-14 04:00:00
339,"20ten, 40, 20, gebund, steif",1,1762-04-14 04:00:00
342,"hauzinger, raita, zeiler, tro, gerischen",2,1762-04-14 04:00:00
356,"deleg, fruhe, jahrs, dieses, uhr",1,1762-04-14 04:00:00
357,"rationen, einbegrif, trans, zügen, aufgehobenen",1,1762-04-14 04:00:00
359,"marodeurs, sächstschen, werber, waldeck, jägern",1,1762-04-14 04:00:00
364,"verlassenschafe, fürzukehren, verhalt, subterminopræclusipraeclusi, 20ten",1,1762-04-14 04:00:00
369,"invigiliren, wornach, richten, bestens, jnteressirter",3,1762-04-14 04:00:00
372,"kraus, comödienhaus, paul, frere, sindnachfolgendebücherzuhab",3,1762-04-14 04:00:00
377,"jedekmänniglich, wissen, kund, demnach, löbl",1,1762-04-14 04:00:00
379,"1759, anticipationen, exelus, erleg, 1758",2,1762-04-14 04:00:00
381,"trinitarier, thedral, gespalten, sturz, ermelter",2,1762-04-14 04:00:00
385,"nigl, kö, nigricant, wje, spricht",1,1762-04-14 04:00:00
387,"gedruckt, kaiserl, dem, in, imperial",1,1762-04-14 04:00:00
388,"entsagung, unterschrie, 29ten, 1761, eigener",1,1762-04-14 04:00:00
390,"landbibliothek, gehorsamlich, zeitvertreibe, 1762, königsberg",2,1762-04-14 04:00:00
394,"zickzack, angefertiget, paralleles, boyau, 27",1,1762-04-14 04:00:00
407,"angesetzter, 1619, arnstein, gemerkter, gühter",2,1762-04-14 04:00:00
415,"terni, ambi, bedingnüsse, colleetor, josephaugusti",1,1762-04-14 04:00:00
427,"offene, edict, männiglich, wollen, kund",2,1762-04-14 04:00:00
432,"scholastisch, canonisten, nigstens, ältern, desfalls",1,1762-04-14 04:00:00
437,"kaiserin, majest, beutel, jhre, majestät",1,1762-04-14 04:00:00
438,"zählet, 50000, bereits, 50, man",1,1762-04-14 04:00:00
442,"ableiben, männiglich, neustadt, enns, oesterreich",1,1762-04-14 04:00:00
443,"brittannischen, anheim, fallen, gross, majestät",1,1762-04-14 04:00:00
448,"schriften, vers, word, lingier, englisch",1,1762-04-14 04:00:00
450,"beschäbeschävigt, vigt, digt, vonnöhten, ausbesserung",1,1762-04-14 04:00:00
453,"paris, 1761, tomes, funebre, roncke",4,1762-04-14 04:00:00
467,"pourrai, serai, dire, seul, rien",1,1762-04-14 04:00:00
475,"rieg, curante, riegele, ritschel, mütz",1,1762-04-14 04:00:00
476,"sign, nachricht, löschenkohl, signat, meldbrief",1,1762-04-14 04:00:00
481,"julii, soissons, moniardin, joanneadamoott, preyserin",1,1762-04-14 04:00:00
482,"praecipue, ductums, theologiam, professorn, jnsbruck",1,1762-04-14 04:00:00
486,"nürnberg, 1762, pastell, böhmen, angefüh",3,1762-04-14 04:00:00
493,"leipzig, verleget, quartier, hie, julii",1,1762-04-14 04:00:00
506,"fisciadjunctus, vertretter, kaiserl, allerhöchsten, carolov",1,1762-04-14 04:00:00
522,"rthlr, rthl, rthkr, , ",1,1762-04-14 04:00:00
523,"rationen, liefern, heu, verordnung, hochlöbl",1,1762-04-14 04:00:00
534,"souteniret, taillono, reserve, frische, ba",1,1762-04-14 04:00:00
538,"bottschafter, gesandte, gala, erschienen, adel",1,1762-04-14 04:00:00
547,"nunc, toison, wartet, nuntii, feyerlichen",1,1762-04-14 04:00:00
548,"holz, ersparnuss, ökonomischer, holzes, gesteuret",1,1762-04-14 04:00:00
555,"exofliciorelationiret, schmidlinischen, guf, imo, eisenplatz",1,1762-04-14 04:00:00
580,"1763, bieses, 1763sten, künf, deleg",4,1762-04-14 04:00:00
582,"jahrgangs, continuiret, band, erster, ersten",1,1762-04-14 04:00:00
583,"vorrede, pariser, ausgabe, gegenwärtige, folgendes",1,1762-04-14 04:00:00
-1,"deutschen, deutsche, hungarn, ungarn, böhmen",1023,1763-11-14 08:00:00
0,"trupe, einzuführende, agbeleget, wolgeübter, circassier",12,1763-11-14 08:00:00
1,"körner, metzen, beylaufern, pluvials, krebsis",34,1763-11-14 08:00:00
2,"schiffe, flotte, ärzten, seehävendesoceansund, derherstelung",11,1763-11-14 08:00:00
3,"kirche, acte, parlementarischen, anstimmeten, präfation",8,1763-11-14 08:00:00
4,"sessel, tisch, silber, kleider, effecten",29,1763-11-14 08:00:00
5,"königl, krone, majestäten, furt, königs",24,1763-11-14 08:00:00
6,"putirte, riga, türken, russische, russischen",4,1763-11-14 08:00:00
7,"königl, kömgl, thom, elis, ",23,1763-11-14 08:00:00
8,"kuchen, wasch, eingemauerten, zimmer, darob",7,1763-11-14 08:00:00
9,"pferd, pferde, pferden, livree, gestickten",38,1763-11-14 08:00:00
11,"helmsdorf, walperhain, hofmarschal, nasenbein, messerstichen",1,1763-11-14 08:00:00
12,"monathischen, pfeifferischen, buchhand, conrad, tuchlauben",4,1763-11-14 08:00:00
13,"schmid, szinkelly, schussmann, schorlemmer, schlesinger",11,1763-11-14 08:00:00
14,"kapelle, adeliche, freundin, gaja, fortizischeerben",13,1763-11-14 08:00:00
15,"wiedereinsetzung, nachdrüklichen, ausnehmend, rouen, declaration",2,1763-11-14 08:00:00
16,"untugenden, lastern, abhandlungen, welt, kurze",6,1763-11-14 08:00:00
17,"intemporepræfixopraefixo, prætendentpraetendent, genugsam, anforderungen, ausgeschlossen",7,1763-11-14 08:00:00
18,"ergänzung, abgangs, gnien, feuer, compa",2,1763-11-14 08:00:00
20,"durchl, wilh, guardarobba, didak, se",7,1763-11-14 08:00:00
22,"majest, ma, , , ",9,1763-11-14 08:00:00
23,"sub, weigler, trobalth, thabonat, messnerin",6,1763-11-14 08:00:00
24,"virtutibus, rumphii, formas, plantas, cultura",9,1763-11-14 08:00:00
25,"meistbietend, auflegung, ausschlüssung, clausul, immit",1,1763-11-14 08:00:00
26,"weitberühmten, rector, consistorium, uralt, überreichen",2,1763-11-14 08:00:00
27,"erklärun, contracts, schliessung, schriftlichen, vormit",3,1763-11-14 08:00:00
28,"paucker, gläubiger, der, csamesiascher, bajanatischer",1,1763-11-14 08:00:00
29,"anna, maria, barbara, tiefenbachin, branderkin",25,1763-11-14 08:00:00
30,"inoriginali, gerahte, nieberle, obligation, summam",1,1763-11-14 08:00:00
35,"trunk, mittags, semmel, nachts, speisen",4,1763-11-14 08:00:00
36,"bäumen, blumen, gelän, quatier, äste",3,1763-11-14 08:00:00
37,"graf, reichsgraf, leederer, hallerstein, carl",37,1763-11-14 08:00:00
38,"churfürstl, chur, jhro, maynz, churfürsten",43,1763-11-14 08:00:00
39,"erzherzogs, leopold, vorgegangenen, erfreuliche, wichenen",4,1763-11-14 08:00:00
42,"bewohnbaren, beschwur, heissenstam, notifications, competenten",5,1763-11-14 08:00:00
43,"summa, darunter, kind, person, nep",3,1763-11-14 08:00:00
44,"londen, märz, britannien, brittannien, gross",4,1763-11-14 08:00:00
45,"gedruckt, heraldick, kais, stammtafeln, nealogie",6,1763-11-14 08:00:00
47,"28sten, samstags, serl, mittwoch, kai",2,1763-11-14 08:00:00
48,"wein, schröter, behalter, getrank, römmer",3,1763-11-14 08:00:00
52,"bass, violin, clavier, compositeurs, parthien",2,1763-11-14 08:00:00
53,"burgerl, nusdorffer, flecksied, babitsch, gewest",7,1763-11-14 08:00:00
54,"römischen, erwählten, königs, beglück, krönung",9,1763-11-14 08:00:00
55,"königl, und, möstl, kopp, kugler",6,1763-11-14 08:00:00
57,"dominicus, bretz, grames, rausch, gebeth",3,1763-11-14 08:00:00
59,"französis, französ, französischen, französische, übersetzt",1,1763-11-14 08:00:00
60,"hinterlassenes, erbschafts, denken, anforderungen, schulden",1,1763-11-14 08:00:00
63,"trompeten, paucken, trompeter, garde, pau",10,1763-11-14 08:00:00
64,"kupf, justi, thermometre, bianchy, barometre",3,1763-11-14 08:00:00
66,"1764, martii, wien, beschehen, actum",14,1763-11-14 08:00:00
69,"reis, jäger, gefolge, angekommen, gräfl",2,1763-11-14 08:00:00
72,"kais, serl, kai, rialisten, mate",16,1763-11-14 08:00:00
74,"ertract, erwein, producirten, füge, landmarschallischen",3,1763-11-14 08:00:00
78,"freygebige, balustrade, mannigfältigkeit, herrscheten, unvollkommener",2,1763-11-14 08:00:00
80,"freyhr, seigan, spzer, walterskirchen, wilh",6,1763-11-14 08:00:00
81,"anmutigsten, sonderbaresten, hartschier, kaiserl, sahe",3,1763-11-14 08:00:00
83,"hochwürdig, metropol, umihregegen, metropolitanis, zärtlichsten",4,1763-11-14 08:00:00
84,"nuntii, quartier, fürstl, herrn, nuntius",1,1763-11-14 08:00:00
88,"messung, commissarii, versammlet, finanz, jnseln",2,1763-11-14 08:00:00
89,"allhiesige, magistrat, wägen, landesfürstl, magistrate",1,1763-11-14 08:00:00
90,"buchdrucke, ghelischen, verlag, michaeler, rey",3,1763-11-14 08:00:00
93,"excell, maynzische, festin, sonnabend, drit",4,1763-11-14 08:00:00
94,"kaiserl, röserin, beschieht, unveränderlichen, jhrer",5,1763-11-14 08:00:00
95,"reut, knechte, vier, unzen, thle",1,1763-11-14 08:00:00
96,"gegestickten, stickten, stick, knech, reitenden",1,1763-11-14 08:00:00
98,"marschallischen, fügen, verordnete, weyl, commissarien",2,1763-11-14 08:00:00
100,"hochfürstl, pfalz, aichach, zweybrücken, friedrichs",5,1763-11-14 08:00:00
102,"breunerstr, alt, stadt, vor, juden",1,1763-11-14 08:00:00
103,"sattelknechte, trompetern, paucker, 39, 31",3,1763-11-14 08:00:00
105,"egmont, generallieutenant, gardes, brigadier, leib",2,1763-11-14 08:00:00
106,"thronen, europens, england, ungarn, frankreich",1,1763-11-14 08:00:00
109,"ducke, pettoni, lasgallner, telecki, gnicciardi",6,1763-11-14 08:00:00
110,"diplomata, trac, fertigter, trafe, tats",2,1763-11-14 08:00:00
111,"traten, morgens, rückzug, endigung, erfolgte",4,1763-11-14 08:00:00
112,"haim, gränitz, alltäglich, ziegel, verse",3,1763-11-14 08:00:00
114,"febr, adconcursum, gediehenes, ausmacht, ruckgelassene",4,1763-11-14 08:00:00
115,"19000, unterhaus, sterling, antrag, geschah",2,1763-11-14 08:00:00
116,"jn, stadt, der, fruh, neu",1,1763-11-14 08:00:00
117,"injudicialibus, april, nerischen, ouartier, neustadt",3,1763-11-14 08:00:00
121,"anemoni, turband, färbige, artige, moni",3,1763-11-14 08:00:00
122,"josepha, göblin, gecrönt, neuhold, welz",10,1763-11-14 08:00:00
126,"taglöhn, lack, erdberg, zisam, langheimis",4,1763-11-14 08:00:00
127,"magdal, 28sten, fernere, prag, ziehung",1,1763-11-14 08:00:00
130,"franz, moly, pittau, velsern, sonnau",8,1763-11-14 08:00:00
132,"kaiserl, 69, 43, 42, ankunft",6,1763-11-14 08:00:00
134,"hofes, hohh, hofer, bürgerl, päbstl",1,1763-11-14 08:00:00
139,"jgl, burgermeister, verwalter, caspar, amts",1,1763-11-14 08:00:00
140,"amalischen, lapp, grimm, riemer, conrad",2,1763-11-14 08:00:00
144,"handelsmann, franz, annä, edler, trevano",6,1763-11-14 08:00:00
146,"pappenh, krankenh, ubert, goekingk, pozzi",1,1763-11-14 08:00:00
151,"excell, nürnberg, cont, 31, statt",3,1763-11-14 08:00:00
152,"gold, petermayrin, sedelmayr, schoberin, wirt",4,1763-11-14 08:00:00
155,"beglückwünschen, amter, putationen, beglück, wünschungs",3,1763-11-14 08:00:00
156,"unverweilte, bestimmtes, pichenini, geheim, landgericht",3,1763-11-14 08:00:00
157,"anonyme, philosophiques, revué, loix, politiques",1,1763-11-14 08:00:00
159,"offenem, regierung, abwesenden, behörigeinfinden, stundundort",2,1763-11-14 08:00:00
160,"weyl, hauptmann, hauptm, hausfr, hauskn",1,1763-11-14 08:00:00
165,"wagen, leerer, cöllnischer, 6spännigen, wagens",6,1763-11-14 08:00:00
166,"verlegern, diarii, wienerischen, denen, hungarn",2,1763-11-14 08:00:00
169,"6spännige, wägen, desselben, 24, fortfah",1,1763-11-14 08:00:00
170,"origoni, ortzetin, florentia, hartel, norbert",4,1763-11-14 08:00:00
173,"bretterville, festtäge, heil, gehörter, fürnehmsten",3,1763-11-14 08:00:00
174,"obrist, ohlm, algesheim, keven, freyherrvonbreidenbach",3,1763-11-14 08:00:00
175,"traubenberg, jost, ferdinand, böhmen, braunschweig",2,1763-11-14 08:00:00
176,"elis, harder, daniel, elion, jacobi",1,1763-11-14 08:00:00
178,"böhmen, solcher, durchl, kutsch, es",1,1763-11-14 08:00:00
179,"gefälligster, meinung, ternähmen, ernstli, allergnädigsten",4,1763-11-14 08:00:00
181,"cassian, kratzer, just, krauss, augustin",2,1763-11-14 08:00:00
182,"lustren, gesimse, karnies, gefässen, blumen",1,1763-11-14 08:00:00
186,"breulesser, penheimische, zahlmeisteris, pap, bereiter",2,1763-11-14 08:00:00
189,"frankfurt, himmelreich, bewillkommen, heiten, ho",3,1763-11-14 08:00:00
190,"catharina, mordschlägerin, ferlis, escherichin, armingerin",4,1763-11-14 08:00:00
191,"1764sten, offerenti, juris, addicirung, 18te",2,1763-11-14 08:00:00
193,"falkenhayn, gräfin, traun, abensperg, exequien",1,1763-11-14 08:00:00
194,"herm, jn, ertz, hertzogin, böhmen",1,1763-11-14 08:00:00
196,"königl, seine, königi, thrones, throne",1,1763-11-14 08:00:00
197,"hüten, wornach, nachtheil, schaden, rich",1,1763-11-14 08:00:00
198,"aparte, rückkunft, jndem, verschoben, feste",1,1763-11-14 08:00:00
200,"juden, allerhuldreichst, baumei, jüdischen, vorstehern",1,1763-11-14 08:00:00
201,"allhiesig, löbl, seye, es, lobl",1,1763-11-14 08:00:00
203,"osterhammerische, kinder, kind, darunter, mutter",1,1763-11-14 08:00:00
204,"bender, christian, christ, jesu, kinde",1,1763-11-14 08:00:00
207,"1764, berlin, 4to, secretariats, kupfern",4,1763-11-14 08:00:00
209,"lehengartner, altebollone, cridämassam, moni, handlers",3,1763-11-14 08:00:00
211,"augsp, augsb, 8vo, augsbug, conv",1,1763-11-14 08:00:00
216,"stöhr, strobel, just, jacob, franz",2,1763-11-14 08:00:00
220,"bill, abgaben, colonien, einrichtun, wehnter",2,1763-11-14 08:00:00
223,"treu, sebastian, frankf, frank, torik",1,1763-11-14 08:00:00
225,"leopoldst, leop, leopold, tod, alt",2,1763-11-14 08:00:00
229,"vischa, passauerischen, exempten, obbemeld, unterthänige",1,1763-11-14 08:00:00
230,"vollkommendere, vorläufige, inneren, gebe, jhnen",2,1763-11-14 08:00:00
232,"sechszehen, kaiserl, verordnung, mann, unterzeichtet",4,1763-11-14 08:00:00
236,"deca, nus, collegii, königl, kais",2,1763-11-14 08:00:00
237,"sterl, viii, , , ",2,1763-11-14 08:00:00
239,"mittermillerische, erben, ǀǀ, asseln, millepedes",1,1763-11-14 08:00:00
243,"doctoris, seel, doct, dokt, chirurgus",1,1763-11-14 08:00:00
253,"pappenheim, eingang, reichs, raths, deputirten",2,1763-11-14 08:00:00
254,"florini, phil, frle, frider, fleischh",2,1763-11-14 08:00:00
255,"1762, künftigen, künfti, 1762sten, martii",1,1763-11-14 08:00:00
256,"hungarn, obristobristcämmerer, cäm, kevenhüller, cämmerer",1,1763-11-14 08:00:00
262,"postsamt, deutsche, bestallungs, liebhabere, auswärtige",1,1763-11-14 08:00:00
266,"portiers, laquayen, cammer, zwey, zimmergs",2,1763-11-14 08:00:00
268,"puncte, parlament, einstimmig, vorschub, project",2,1763-11-14 08:00:00
272,"rossmann, gregorius, rossau, castoreum, bibergeil",1,1763-11-14 08:00:00
276,"magdalena, dlutkoin, bischofin, strasserin, fischerin",4,1763-11-14 08:00:00
280,"adam, zehee, pelceder, dull, sinzheim",8,1763-11-14 08:00:00
284,"gesprengte, arunculen, farben, verschiedenen, gesprangte",1,1763-11-14 08:00:00
285,"54, durchl, jhro, joschay, sr",1,1763-11-14 08:00:00
287,"blieb, braut, nacht, morgen, ganzen",1,1763-11-14 08:00:00
292,"landesfürstl, landsfürstl, es, ist, camm",5,1763-11-14 08:00:00
296,"gahin, galien, uberkunft, lapwing, schalupe",1,1763-11-14 08:00:00
303,"gewerbern, coffee, häuser, melden, allda",2,1763-11-14 08:00:00
305,"wallis, venerabilisconsistorii, uralt, avertissement, obrister",2,1763-11-14 08:00:00
307,"1674, idem, 5ten, 1000, sub",1,1763-11-14 08:00:00
309,"umenil, griboval, kreuzes, castries, marquis",1,1763-11-14 08:00:00
310,"hörger, holzinger, hohenzollern, lieuten, andreas",3,1763-11-14 08:00:00
311,"claration, authentischen, gerüchten, vermit, erregen",1,1763-11-14 08:00:00
315,"gestrichene, anberau, inle, malig, 1te",4,1763-11-14 08:00:00
317,"zahlreichem, churpfälzische, ausnehmende, vortretung, mauern",2,1763-11-14 08:00:00
318,"judicii, deleg, gerichtsordnung, erblande, richteramtshand",1,1763-11-14 08:00:00
322,"eineallergnädigsteöffentliche, beyfuss, allerdemütigste, löser, audienz",2,1763-11-14 08:00:00
324,"ramiden, py, tausenden, lampen, äusseren",1,1763-11-14 08:00:00
329,"suite, bedienten, 32, grosse, hefte",1,1763-11-14 08:00:00
330,"unschätz, spange, unddaskreuzvondem, barem, kostbarem",1,1763-11-14 08:00:00
336,"jglischen, rähtliche, conleuten, offene, edict",1,1763-11-14 08:00:00
341,"1764, 1760, hässliche, weiber, hobelbank",10,1763-11-14 08:00:00
342,"österreich, wien, sonntagspredigten, vergleichung, residentz",1,1763-11-14 08:00:00
344,"michlbrunn, präscription, hirschische, stastorf, freudendorf",2,1763-11-14 08:00:00
347,"cölln, churfürstl, gnaden, jhro, sangin",1,1763-11-14 08:00:00
349,"bett, bedient, wagen, schlafrockschneiders, fitta",1,1763-11-14 08:00:00
351,"landesherr, gnädigster, clemens, bayern, sachsen",1,1763-11-14 08:00:00
352,"apost, nämlich, se, jhre, auch",1,1763-11-14 08:00:00
357,"zug, breternen, gebrei, freudi, erschallete",3,1763-11-14 08:00:00
359,"galonirten, maulthiere, churf, beladene, decken",1,1763-11-14 08:00:00
361,"anzuwünschen, hoheiten, glückwünschung, allerunterthänigste, abzulegen",3,1763-11-14 08:00:00
364,"etertio, beschehenden, einschlies, fallenden, entzwischen",1,1763-11-14 08:00:00
365,"banat, temeswarer, administration, angeordneten, landes",1,1763-11-14 08:00:00
368,"paris, berühmten, plan, märz, königl",2,1763-11-14 08:00:00
369,"wornach, richten, invigiliren, recht, jeder",4,1763-11-14 08:00:00
372,"comödienhaus, kraus, paul, bestrittene, einpfropfung",3,1763-11-14 08:00:00
379,"1759, denkwürdige, schlacht, kamen, zurück",1,1763-11-14 08:00:00
385,"nigl, kö, nigricant, wje, spricht",3,1763-11-14 08:00:00
388,"samstags, 1764, anhang, 1761, martii",2,1763-11-14 08:00:00
408,"heil, heinr, heiderisches, wassermautoffiziant, heider",1,1763-11-14 08:00:00
412,"aufbauung, lond, auszuwerfen, vollen, brücke",1,1763-11-14 08:00:00
415,"terni, sub, jenem, ducaten, quaterno",1,1763-11-14 08:00:00
418,"kichel, gögger, lowenegg, kollmann, 9000",2,1763-11-14 08:00:00
426,"semer, roman, intestato, verstorbenen, kais",1,1763-11-14 08:00:00
434,"abgezogener, thurms, veritabler, alldortigen, hausmeisterin",1,1763-11-14 08:00:00
436,"nunmehrigen, majest, hoheit, jhro, jhre",1,1763-11-14 08:00:00
439,"schw, , , , ",1,1763-11-14 08:00:00
442,"schild, neustadt, welchergestal, gebers, derländer",3,1763-11-14 08:00:00
443,"unpass, windsor, befande, cumberland, hergestellt",1,1763-11-14 08:00:00
444,"genannte, herz, bruder, leopold, burgerl",2,1763-11-14 08:00:00
447,"bereiter, 38, beutel, fürstl, 29zuerdb",1,1763-11-14 08:00:00
449,"burgermeister, richter, kais, rath, stadtrichter",2,1763-11-14 08:00:00
462,"erben, josephi, erdödi, burgesi, brentanoin",11,1763-11-14 08:00:00
463,"blumenzwie, brüdere, gedoppelte, montani, beln",1,1763-11-14 08:00:00
466,"milit, mixti, militvm, mixt, in",1,1763-11-14 08:00:00
473,"gestern, beyder, einzug, feyerlichen, königl",2,1763-11-14 08:00:00
474,"1710, 1705, 1711, 1303, rfls",1,1763-11-14 08:00:00
481,"preyserin, moniardin, claudia, julii, theresia",2,1763-11-14 08:00:00
482,"anmüthigen, zusammge, bewehrten, schriftstellern, jesu",2,1763-11-14 08:00:00
489,"nigl, kö, areiern, alleuja, walsh",1,1763-11-14 08:00:00
496,"oester, oesterr, wilh, altes, eisen",1,1763-11-14 08:00:00
497,"poppin, margaretha, margaret, margareth, lady",1,1763-11-14 08:00:00
504,"perthold, solderer, paul, lucas, geschwistrigte",2,1763-11-14 08:00:00
511,"saamen, broccoli, romani, kauli, flor",1,1763-11-14 08:00:00
514,"schäl, würkl, schuhm, schich, abök",1,1763-11-14 08:00:00
519,"dreyfaltigk, wolfin, led, wolfg, glaserergewölb",1,1763-11-14 08:00:00
520,"dibrusseles, labella, arunculen, casp, arnunculen",1,1763-11-14 08:00:00
523,"verordnung, hochlöbl, hohe, eines, hochwürd",2,1763-11-14 08:00:00
533,"gabr, gart, zehend, zession, bestand",2,1763-11-14 08:00:00
536,"andre, beerwanger, berlendi, carrati, schmalznop",4,1763-11-14 08:00:00
544,"xviii, xiii, xvii, xlii, xiil",1,1763-11-14 08:00:00
555,"exempten, vischa, pechtlische, hochstifts, reichsfürstl",1,1763-11-14 08:00:00
557,"spielet, anwesend, erzbischofs, clavier, salzburg",2,1763-11-14 08:00:00
558,"taxische, curiers, kaiserl, guarantirten, decretum",1,1763-11-14 08:00:00
559,"seitz, stift, sebast, severin, courette",1,1763-11-14 08:00:00
568,"ursin, rosenberg, botschaf, koch, rosenbergers",1,1763-11-14 08:00:00
574,"kohlanin, gertraud, erzherzogl, erben, bischöfl",1,1763-11-14 08:00:00
580,"1763, behodene, einantwortungserinnerung, oppignorirt, bieses",2,1763-11-14 08:00:00
-1,"deutsche, deutschen, hungarn, böhmen, die",922,1765-06-15 12:00:00
0,"uniform, anführung, kriegsarmaturen, obristwachtmeisters, gestillten",12,1765-06-15 12:00:00
1,"höchstseel, sculpt, tyre, nams, tägenvonzeitdiesesaffigirtenedictsbey",42,1765-06-15 12:00:00
2,"schiffe, marseille, tyrol, schiff, bootsleuten",14,1765-06-15 12:00:00
3,"kapelle, creutzen, kirche, vigil, signien",20,1765-06-15 12:00:00
4,"fahne, fähne, silber, hauptwa, penfahne",15,1765-06-15 12:00:00
5,"königl, majestäten, majest, secretairsstelle, metham",36,1765-06-15 12:00:00
6,"roussel, anzustellende, herumliegende, prächtiger, 8000",2,1765-06-15 12:00:00
7,"königl, kömgl, thom, elis, ",12,1765-06-15 12:00:00
8,"spännier, langsamen, vorschritt, laugen, eingeweides",2,1765-06-15 12:00:00
9,"pferde, provincialpferd, geführt, rangspersonen, moltke",14,1765-06-15 12:00:00
10,"pol, sinigaglia, erlebet, kälte, thermometer",9,1765-06-15 12:00:00
11,"er, giftige, trauermusik, fand, ihn",32,1765-06-15 12:00:00
12,"deutschen, aufschrift, deutsche, drammatischen, nachrichter",4,1765-06-15 12:00:00
14,"solvunt, veneri, roxane, ruris, vobisque",10,1765-06-15 12:00:00
15,"franzosen, patriotismi, regierungsform, frankreich, geist",7,1765-06-15 12:00:00
16,"jch, weiskern, weisheit, gott, euch",8,1765-06-15 12:00:00
17,"genugsam, anforderungen, widrigen, bevollmächtigte, liquidiren",13,1765-06-15 12:00:00
18,"feuersbrunst, amortisationsedicten, larn, schleuni, taferl",4,1765-06-15 12:00:00
19,"stockholm, schweden, dänischen, hungrig, lehnend",8,1765-06-15 12:00:00
20,"durchl, wilh, guardarobba, didak, se",3,1765-06-15 12:00:00
21,"bezogen, hoheiten, burg, hof, haus",1,1765-06-15 12:00:00
22,"majest, ma, , , ",11,1765-06-15 12:00:00
23,"underblichaufseinenachkommenschaftbeyderley, thierung, lehrzeit, näml, diesewürdevonallenprovinzenerhielte",3,1765-06-15 12:00:00
24,"nemini, enim, qui, gemmis, serenior",8,1765-06-15 12:00:00
25,"drittmalige, plöcknerischen, käufl, grund, citationstagsatzang",2,1765-06-15 12:00:00
26,"universität, jeberwänniglich, mahlerschule, uraltund, vicepodesta",4,1765-06-15 12:00:00
29,"eheu, annis, regnavit, vix, anna",1,1765-06-15 12:00:00
30,"ratifieiret, gezeugniss, pettschaft, artickel, bekräftiget",1,1765-06-15 12:00:00
31,"7116175, 146500, hiehergebracht, 1565000, zahlungsobligationen",7,1765-06-15 12:00:00
35,"weinlös, einschluss, ferien, essen, pures",4,1765-06-15 12:00:00
36,"blumen, blätter, pflückt, basenziehende, grausamere",4,1765-06-15 12:00:00
37,"grasens, würki, sprinzenstein, lamberg, althann",2,1765-06-15 12:00:00
38,"liberey, fackeln, churfürstl, producirt, kammerpa",5,1765-06-15 12:00:00
39,"beautteville, menade, jlluminationen, linden, jhro",4,1765-06-15 12:00:00
42,"könige, besage, kahlen, capitularis, wohlstandes",3,1765-06-15 12:00:00
44,"londen, märz, antrift, drurry, verwandelten",7,1765-06-15 12:00:00
45,"papier, schliessel, lumpen, gedruckt, blauen",6,1765-06-15 12:00:00
47,"rathssessionen, sichs, vermählung, ausgang, 6ten",4,1765-06-15 12:00:00
48,"schärfe, lichtgelb, violensaft, sicca, annay",4,1765-06-15 12:00:00
51,"septemb, läindchen, gevaudan, avig, haltenen",2,1765-06-15 12:00:00
54,"francisci, vollzogen, stät, maje, kaisers",1,1765-06-15 12:00:00
56,"königl, xxxandem, kolonins, gxxxllxxx, jglau",8,1765-06-15 12:00:00
59,"französ, französisch, französischen, unbewandert, franzose",4,1765-06-15 12:00:00
61,"11505, amburgo, msi, 7ne, 140",1,1765-06-15 12:00:00
63,"liberey, paucker, trompeter, trauer, pferde",1,1765-06-15 12:00:00
66,"1765, 1756, wien, datschüss, aufgstelitge",6,1765-06-15 12:00:00
68,"monatstag, novemb, hierzu, nun, da",1,1765-06-15 12:00:00
69,"gräfl, hänselin, kirchhofin, junhalte, mercour",2,1765-06-15 12:00:00
72,"kais, serl, kai, jetztglorwürdigstregierenden, nahmensfest",12,1765-06-15 12:00:00
73,"rathen, darum, sie, an, ",1,1765-06-15 12:00:00
78,"pyramide, ellen, schuh, saulen, höchstseligen",23,1765-06-15 12:00:00
79,"arzeneykunst, kornbrandtwein, welschlands, englandes, aufgelöste",4,1765-06-15 12:00:00
80,"hungarischen, städte, frey, gegeben, tag",1,1765-06-15 12:00:00
81,"aufbruch, beyder, kaiserl, aber, der",1,1765-06-15 12:00:00
82,"christina, erzherzogin, eheverlobniss, pacten, mählung",3,1765-06-15 12:00:00
83,"achtens, hafter, stadtma, leb, gistrat",4,1765-06-15 12:00:00
84,"nuntius, monsignor, abgelegt, theils, fremde",1,1765-06-15 12:00:00
88,"commissaires, parlamentskammern, putations, ertheilte, untersuchen",1,1765-06-15 12:00:00
89,"hochfürstl, magistrat, landesfürstl, dem, magistrate",1,1765-06-15 12:00:00
90,"ghelischen, verlag, druckerey, michaeler, zeitungs",1,1765-06-15 12:00:00
92,"ah, ehew, , , ",1,1765-06-15 12:00:00
93,"excell, oberstallmeister, oberkammerherr, excel, lenz",1,1765-06-15 12:00:00
94,"beyde, sowohl, kaiserl, regierende, beede",1,1765-06-15 12:00:00
95,"spitäler, drittens, kreutzen, vier, ihren",1,1765-06-15 12:00:00
96,"gran, wirken, salz, caray, dannenzapfen",8,1765-06-15 12:00:00
98,"landrecht, jeden, weil, allen, hiemit",1,1765-06-15 12:00:00
103,"höchstseel, 42, 23, kais, nach",2,1765-06-15 12:00:00
105,"secondleutenant, fahne, delmenhorst, etat, second",9,1765-06-15 12:00:00
109,"samhaber, samhofer, waitzenberger, puntner, weil",3,1765-06-15 12:00:00
110,"richmond, wochenpräsidenten, wilkes, inoculirt, hunting",3,1765-06-15 12:00:00
111,"demenächst, leuchten, hellen, tratten, knaben",2,1765-06-15 12:00:00
113,"verf, theater, jst, freyherrl, nachdem",2,1765-06-15 12:00:00
114,"febr, leiche, prächti, trauergerüste, 26sten",2,1765-06-15 12:00:00
115,"18000, zertheilet, actien, fonds, zettel",1,1765-06-15 12:00:00
117,"aprilmonats, aufwurf, april, husten, nachgelassen",3,1765-06-15 12:00:00
119,"201147, 3194, 226261, 4262, 4577670",7,1765-06-15 12:00:00
121,"anemoni, turband, färbige, allerhand, rothartige",5,1765-06-15 12:00:00
125,"leipz, wälseggisch, botan, ungeb, neapel",2,1765-06-15 12:00:00
129,"seinē, herstammet, exemptionen, bedingun, stud",2,1765-06-15 12:00:00
130,"franzens, kaiser, seel, franz, alt",1,1765-06-15 12:00:00
131,"prinzessin, kronprinzessin, loui, duce, derprinzessin",4,1765-06-15 12:00:00
133,"ganzergebenster, 1765, diener, weisse, deto",1,1765-06-15 12:00:00
134,"hoheit, hohh, hofer, bürgerl, päbstl",1,1765-06-15 12:00:00
139,"anverwandten, burgermeister, nächsten, rath, geben",1,1765-06-15 12:00:00
140,"geburtsfeyer, gefallene, kaiserl, oster, höchste",3,1765-06-15 12:00:00
144,"rin, jmsel, prantnerin, okerkolmsteiner, schneidermeistern",2,1765-06-15 12:00:00
150,"decemb, gleichwohl, unterm, sey, dedöcker",1,1765-06-15 12:00:00
153,"abwich, hundsmaul, maules, kalbs, gärtners",2,1765-06-15 12:00:00
155,"abzustatten, beyleidscompliment, genädige, militairstaat, glückwünsche",4,1765-06-15 12:00:00
157,"lesern, leser, bereichern, hahnenfuss, mitzutheilen",14,1765-06-15 12:00:00
163,"ungarn, ungarischer, beschluss, abt, exequien",1,1765-06-15 12:00:00
169,"rathscanzley, neuntens, siebendens, erzherzoge, leiche",3,1765-06-15 12:00:00
170,"oranien, generalcapitains, ralswürden, admiadmiralswürden, laucht",3,1765-06-15 12:00:00
173,"chrisiglaubige, katzmayrin, mariahülf, hochamt, justina",1,1765-06-15 12:00:00
174,"edelkna, obristkämmerer, hofofficiers, ullefeld, antecamera",1,1765-06-15 12:00:00
175,"ferdinand, erzherzoginnen, durchlauchtigsten, maximilian, hochamte",2,1765-06-15 12:00:00
177,"aufsteht, regiert, mache, familie, schluss",1,1765-06-15 12:00:00
179,"stutzer, kennet, schauspieler, vernunft, sitten",10,1765-06-15 12:00:00
181,"kraus, kleebinder, kohlischer, spiegelritter, krayslisches",1,1765-06-15 12:00:00
182,"eingerichteter, flammenden, altäre, flam, stünde",1,1765-06-15 12:00:00
183,"80000, stall, denn, geruhet, allergnädigst",1,1765-06-15 12:00:00
186,"hauzenbergischen, wechselbrief, cession, stellte, jacob",1,1765-06-15 12:00:00
187,"reichsvicecanzlers, colloredo, fürsten, kais, titl",1,1765-06-15 12:00:00
188,"gerardo, lautendes, prencipecaraffacontedipolicastro, richnen, gemelten",1,1765-06-15 12:00:00
191,"kapronitz, vonien, beygebrach, scla, terminoperemptorio",1,1765-06-15 12:00:00
196,"königl, oben, königs, königi, thrones",4,1765-06-15 12:00:00
198,"kaiserin, königin, sonst, heute, jhro",1,1765-06-15 12:00:00
199,"bestandtheile, vieleicht, erschröcklichen, hätten, wir",1,1765-06-15 12:00:00
202,"schränken, wänden, gläser, bewegung, uhren",1,1765-06-15 12:00:00
203,"kinder, weil, kind, darunter, mutter",1,1765-06-15 12:00:00
206,"clairault, genehmigung, ehedem, pension, akademie",1,1765-06-15 12:00:00
216,"stadrath, strodl, stoll, schodterer, stöhr",1,1765-06-15 12:00:00
220,"bill, aufhebung, bille, stempelacte, colonien",6,1765-06-15 12:00:00
224,"kaiserl, jhre, jhro, altere, geruheten",1,1765-06-15 12:00:00
226,"frauenzimmer, frauenstift, frauenstifts, frauen, damengarderob",1,1765-06-15 12:00:00
230,"vergleichung, anstellen, itzt, uns, lassen",1,1765-06-15 12:00:00
232,"kaiserl, von, der, unterzeichtet, sechszehen",1,1765-06-15 12:00:00
236,"beygewognet, aufseher, 43, herzogs, königl",4,1765-06-15 12:00:00
242,"pfarrere, priester, päpstl, kaiserl, priesters",2,1765-06-15 12:00:00
243,"ertrakt, doct, dieses, hat, dokt",1,1765-06-15 12:00:00
245,"kolbe, brautpaar, zerschlagen, jhr, jh",2,1765-06-15 12:00:00
249,"mart, warschau, märz, sontag, monats",2,1765-06-15 12:00:00
251,"oberpräsidenten, haltene, durchdrungen, ausdrücke, ubersetzung",1,1765-06-15 12:00:00
253,"reichsvi, cekanzer, reichshofrathscollegii, rathstube, hiernach",2,1765-06-15 12:00:00
254,"florent, frle, frider, fleischh, florini",1,1765-06-15 12:00:00
260,"provincialpferde, ol, tenants, denburg, leu",1,1765-06-15 12:00:00
262,"bestallungs, deutsche, liebhabere, auswärtige, stube",1,1765-06-15 12:00:00
264,"civium, viol, vitriol, vitriolumdecypro, blauer",1,1765-06-15 12:00:00
268,"parlament, ankomme, landeskindern, parlamentshändeln, grafschaft",4,1765-06-15 12:00:00
280,"spatz, weil, joseph, adam, stellter",1,1765-06-15 12:00:00
284,"gesprengte, arunculen, farben, verschiedenen, gesprangte",1,1765-06-15 12:00:00
295,"stimmen, gezehlt, einlauffende, pechen, bündnisses",2,1765-06-15 12:00:00
296,"uber, rorigen, herzes, stägigen, entselten",2,1765-06-15 12:00:00
302,"sentlicheres, ausdrückungen, ehrerbietung, gleitet, verdienst",1,1765-06-15 12:00:00
305,"wallis, prinzen, blattern, überklugen, pressbyterianischer",6,1765-06-15 12:00:00
306,"convoc, widerspruch, welcher, , ",1,1765-06-15 12:00:00
309,"schleswigholsteinaugustenburg, haupte, herzoge, durchlaucht, leiche",1,1765-06-15 12:00:00
310,"reichsreferendario, lynden, aspremont, excel, beck",2,1765-06-15 12:00:00
317,"zeitalters, anmerkun, generis, beyzufügen, zuweilen",2,1765-06-15 12:00:00
320,"lesens, oberyssel, freystaats, erbstaathalter, artikels",2,1765-06-15 12:00:00
322,"meynung, mittheilen, auszug, kurzen, publikum",1,1765-06-15 12:00:00
324,"erleuch, mauerwerks, numents, oberseite, pyrapyramide",2,1765-06-15 12:00:00
326,"saft, reinige, schleimige, harnstrenge, harnfluss",3,1765-06-15 12:00:00
330,"angesichtern, cammerdieneren, gewählte, huth, schlingen",1,1765-06-15 12:00:00
333,"1767, 1765, preisschriften, merz, auszutheilen",3,1765-06-15 12:00:00
351,"preussischer, resident, hiesigen, kaiserl, hungarn",1,1765-06-15 12:00:00
352,"apost, nämlich, se, jhre, auch",3,1765-06-15 12:00:00
359,"jdiosincrasie, rasten, hirschel, stützen, schierling",2,1765-06-15 12:00:00
361,"eingestelten, unterthänig, abgaben, abzustatten, dank",1,1765-06-15 12:00:00
363,"künftig, übrige, fortsetzung, folgt, continuation",1,1765-06-15 12:00:00
364,"publicirung, welchermassen, gemel, geordnet, fürgegangen",3,1765-06-15 12:00:00
369,"wornach, invigiliren, richten, bestens, recht",2,1765-06-15 12:00:00
372,"kraus, buchhändlern, findet, paul, burg",1,1765-06-15 12:00:00
376,"venus, gottt, adonis, liebte, pallas",3,1765-06-15 12:00:00
378,"80jährigen, erschöpfte, thätig, männliche, mann",1,1765-06-15 12:00:00
381,"orgelpfeiffen, zertheilen, zersplittert, schmelzte, beschädigte",2,1765-06-15 12:00:00
384,"sienesischen, fruchttra, meergegenden, fluren, verwandeln",1,1765-06-15 12:00:00
387,"gedruckt, matinées, geschmackte, ungegründete, verwegen",1,1765-06-15 12:00:00
388,"1761, tagne, anhang, bre, bestund",2,1765-06-15 12:00:00
390,"1766, kriebel, abschnitte, findlich, eingetheilet",2,1765-06-15 12:00:00
397,"kerzen, musik, weissen, 14, oper",1,1765-06-15 12:00:00
406,"richter, rath, kaiserl, landesfürstl, des",2,1765-06-15 12:00:00
408,"heiss, anton, weil, heinr, heil",1,1765-06-15 12:00:00
412,"brücke, seil, windstösse, ausgeworffenen, uhrabendswiederhergestellet",2,1765-06-15 12:00:00
415,"sub, terni, ducaten, terno, jenem",2,1765-06-15 12:00:00
418,"ninger, kirkirninger, feel, müllner, unterthänigen",1,1765-06-15 12:00:00
420,"wissenschaften, ausbreiten, wissenschaft, unternehmens, einigermassen",1,1765-06-15 12:00:00
426,"119ten, kriegsun, holcy, wüteten, 1647",1,1765-06-15 12:00:00
427,"ofene, edict, offene, wollen, kund",2,1765-06-15 12:00:00
432,"vorfalle, mindeste, 1765, unglück, dank",1,1765-06-15 12:00:00
437,"landesfrau, spiegelzimmer, kaiserin, distinguirten, stenmal",3,1765-06-15 12:00:00
440,"reichshofrathscollegio, obersthofmeister, decrets, hinunter, vollbrachten",1,1765-06-15 12:00:00
450,"quemste, striche, neuve, ausrichten, terre",2,1765-06-15 12:00:00
452,"glaube, jch, nichts, tluckische, nepom",1,1765-06-15 12:00:00
458,"moral, uns, natur, pflichten, muss",18,1765-06-15 12:00:00
463,"kupferstechern, kleeblat, portraits, stei, jacob",3,1765-06-15 12:00:00
467,"seichten, verfasser, sagen, will, ich",1,1765-06-15 12:00:00
469,"trojaner, griechin, entführt, schönste, helena",1,1765-06-15 12:00:00
473,"gestern, jhre, wurde, königl, printzes",1,1765-06-15 12:00:00
477,"verlautet, königl, jhre, es, dass",1,1765-06-15 12:00:00
484,"æternum, fidi, ueberschrift, tibi, titl",1,1765-06-15 12:00:00
488,"adel, integrum, activum, accordiret, adnum",1,1765-06-15 12:00:00
489,"areiern, nigl, kö, links, hingegen",1,1765-06-15 12:00:00
506,"kaiserl, des, von, carolov, fisciadjunctus",1,1765-06-15 12:00:00
507,"prudentia, privileg, grundherrlichkeit, grundherrlichkeiten, privilegio",2,1765-06-15 12:00:00
511,"saamen, broccoli, romani, kauli, flor",1,1765-06-15 12:00:00
520,"belladibrusseles, arunculen, labella, dibrusseles, casp",1,1765-06-15 12:00:00
529,"obristhofmeisters, mitersten, collana, ersterwehnten, obristhofmeister",2,1765-06-15 12:00:00
530,"besorgender, friedensbruch, vorzügliches, algier, augenmerk",1,1765-06-15 12:00:00
535,"marxer, marx, gnaden, halten, herr",1,1765-06-15 12:00:00
544,"xlii, xviii, xiii, xvii, xiil",1,1765-06-15 12:00:00
546,"glaube, mein, jch, mylords, herr",1,1765-06-15 12:00:00
550,"zeitungsleser, zeitungsblätter, fleissigen, ohnehin, anfange",2,1765-06-15 12:00:00
580,"1763, oppignorirt, behodene, einantwortungserinnerung, bemelt",3,1765-06-15 12:00:00
-1,"deutschen, hungarn, 1768, böhmen, dalmatien",573,1767-01-15 16:00:00
0,"venado, don, dondergestaltenallerhuldreichestangedeyhen, millitz, savage",9,1767-01-15 16:00:00
1,"strl, gebund, legeten, metrop, privet",19,1767-01-15 16:00:00
2,"ssen, admiral, admirals, admiralsstelle, rowley",2,1767-01-15 16:00:00
3,"wahlcommissarius, erdbe, landesfürstin, montesiascone, domcapitul",8,1767-01-15 16:00:00
4,"zinn, kästen, silber, licitando, messing",16,1767-01-15 16:00:00
5,"erzherzogens, königl, condisto, klösterliche, gevattern",12,1767-01-15 16:00:00
6,"russen, limitirten, kroyzy, californiens, psarski",7,1767-01-15 16:00:00
7,"königl, kömgl, thom, elis, ",6,1767-01-15 16:00:00
8,"stallung, zimmer, zimmern, keller, wohnzimmern",7,1767-01-15 16:00:00
9,"blusch, pferd, ausgemacht, mobile, mohrenköpf",3,1767-01-15 16:00:00
10,"kälte, therm, schnee, wärme, wasser",49,1767-01-15 16:00:00
11,"deleyen, beraubte, reissaus, bewandten, chronographischer",5,1767-01-15 16:00:00
12,"grosserischen, altstädter, hofbuch, kohlmarkte, druckern",3,1767-01-15 16:00:00
14,"befolgen, teschen, sach, hoheiten, titl",2,1767-01-15 16:00:00
15,"400000, nahrung, kälte, leiden, erfolgten",1,1767-01-15 16:00:00
16,"pol, gott, sünden, deinen, erdbeben",36,1767-01-15 16:00:00
17,"anforderungen, sprüche, rechtens, exofficio, sprüch",13,1767-01-15 16:00:00
18,"wärmete, kunstfeuern, feuerball, ferialtage, losbrennung",3,1767-01-15 16:00:00
19,"dännemark, nachlasse, 403000, 53sten, auszehrenden",4,1767-01-15 16:00:00
20,"durchl, wilh, guardarobba, didak, se",4,1767-01-15 16:00:00
22,"majest, ma, , , ",7,1767-01-15 16:00:00
23,"kellischen, depostis, göz, zurchen, löf",1,1767-01-15 16:00:00
24,"lamentationum, tenebrarum, emendatius, evangelistas, tribus",3,1767-01-15 16:00:00
26,"examen, directors, scotti, professoren, schule",7,1767-01-15 16:00:00
28,"linquatoli, detto, gläubiger, deimlinscher, csamesiascher",2,1767-01-15 16:00:00
29,"obristwachtmeisterinn, reibnitz, geyerin, 21ten, anna",2,1767-01-15 16:00:00
31,"7500, erstrecken, selbigem, verspricht, einkünfte",2,1767-01-15 16:00:00
34,"gartnerische, gartnerischen, mossbach, gerichtsadvocaten, curatorisadactum",1,1767-01-15 16:00:00
35,"fanden, mahl, heute, damen, grosses",4,1767-01-15 16:00:00
36,"gottseligkeitstriebe, trücht, küblen, wasserwerken, angestamm",3,1767-01-15 16:00:00
38,"churfürstl, paradirenden, trait, neuerwählten, chur",4,1767-01-15 16:00:00
42,"ausdrücklicher, laubniss, jnfanten, keiner, unterthanen",1,1767-01-15 16:00:00
44,"hornung, bassadeur, beehr, londen, erbstatthalter",3,1767-01-15 16:00:00
47,"reichstages, montags, mäi, wiedereröffnung, jedesmalige",2,1767-01-15 16:00:00
48,"fudern, altans, sprangen, letztern, wein",1,1767-01-15 16:00:00
56,"königl, xxxandem, kolonins, gxxxllxxx, jglau",7,1767-01-15 16:00:00
57,"verordneten, gräfl, gebeth, carolivi, päpstl",1,1767-01-15 16:00:00
58,"rathstag, abzuwarten, sässen, kaufen, behandlung",7,1767-01-15 16:00:00
59,"französ, lateinisch, französischer, francos, sprach",5,1767-01-15 16:00:00
60,"prodigalitätsedicta, verlustigenden, proprodigo, dargeliehen, gerechtest",2,1767-01-15 16:00:00
63,"schärfster, stadtplätzen, betteln, trompeten, ausflucht",1,1767-01-15 16:00:00
64,"brochirten, ordin, einbund, türcken, ungebundener",1,1767-01-15 16:00:00
78,"mittelschilde, ebrechsdorf, hauene, ausgeschmücket, zierlichste",2,1767-01-15 16:00:00
79,"kunst, künstlers, gegenstände, künstler, gemähldes",4,1767-01-15 16:00:00
80,"freyherrl, freyhrn, frey, freyhr, freyherr",2,1767-01-15 16:00:00
83,"standesperso, einfanden, stadtmagistrat, zugegen, aufgehalten",3,1767-01-15 16:00:00
86,"leder, andächtigen, fasten, epi, gedanken",5,1767-01-15 16:00:00
88,"ruffenen, commission, aussöhnungsproject, wallerstrassen, vorbelobte",3,1767-01-15 16:00:00
90,"beyträge, gelehrte, diarium, wienerischen, deutschen",1,1767-01-15 16:00:00
93,"missari, excell, com, excel, excellenz",1,1767-01-15 16:00:00
95,"àvescovi, vogls, 4to, advents, leder",3,1767-01-15 16:00:00
96,"saamens, fexung, aussaat, drittel, erwirtschaftung",4,1767-01-15 16:00:00
98,"landrecht, anzufügen, jedermänniglich, gräfl, weyl",3,1767-01-15 16:00:00
101,"amsterdam, hornung, holland, haag, 7ne",1,1767-01-15 16:00:00
104,"letztemal, verhindernissen, hören, rathstag, entschlossen",6,1767-01-15 16:00:00
106,"hilsbo, staatssecretair, londoner, rough, unangenehm",1,1767-01-15 16:00:00
108,"erblicket, 1751, pflanz, 1750, vermischte",3,1767-01-15 16:00:00
110,"französischer, hiesigem, 5ten, botschafter, nigl",1,1767-01-15 16:00:00
114,"febr, hainburg, wien, februarii, den",7,1767-01-15 16:00:00
115,"ausbat, moine, geldbeutel, amazone, albans",2,1767-01-15 16:00:00
117,"april, absolute, zung, wertheim, licitationstagsa",3,1767-01-15 16:00:00
122,"galten, galbes, hegen, ziemliche, scharfen",1,1767-01-15 16:00:00
123,"ehedessen, verwilliget, burgermeister, ssen, tagsatzungen",3,1767-01-15 16:00:00
130,"franz, im, alt, weissmann, weiss",1,1767-01-15 16:00:00
131,"oberhofmeisterin, liana, kronprinz, taufe, jhn",1,1767-01-15 16:00:00
137,"toscanella, kirchenstaats, herzogthume, genuesisches, stephano",2,1767-01-15 16:00:00
139,"burgermeister, rath, geben, eingerichteer, vernehmen",3,1767-01-15 16:00:00
140,"kaiserl, hielten, vorgestern, nachdeme, böhmen",3,1767-01-15 16:00:00
145,"behörig, unbedenklich, vertheilung, prätendenten, versehenen",5,1767-01-15 16:00:00
149,"pichlerin, octob, margareth, extrablat, eine",1,1767-01-15 16:00:00
151,"excell, nürnberg, cont, 31, statt",1,1767-01-15 16:00:00
153,"dusberga, südermannland, anbaue, ochsenkälber, naturbegebenheit",1,1767-01-15 16:00:00
155,"grossväterliche, stadtglocken, derich, getaufet, harboe",1,1767-01-15 16:00:00
159,"ederin, letztwilli, hinnach, dienstmagd, ruckgebliebene",1,1767-01-15 16:00:00
167,"agenten, verordnung, partheyen, nachricht, ihrer",1,1767-01-15 16:00:00
173,"anzustellenden, freudenfeste, heil, geendigtem, mehreres",3,1767-01-15 16:00:00
174,"kammerherr, christian, stiftsbefehlhaber, seestatt, kammerherrundamtmann",3,1767-01-15 16:00:00
180,"professhaus, vogels, heilen, pittoni, superintendenten",1,1767-01-15 16:00:00
182,"vermengte, entzückten, grossprinzens, rasende, angezunden",2,1767-01-15 16:00:00
188,"verstoss, stadtbancoobligation, gerathen, oppenheimerischen, nachsuchen",6,1767-01-15 16:00:00
191,"cindiren, fürgefoderet, zuruckgegeben, wittwe, fritschischen",1,1767-01-15 16:00:00
193,"sanfree, gräfin, zierden, bedan, grösten",2,1767-01-15 16:00:00
197,"hütten, schuldigste, schaden, negotia, wornach",1,1767-01-15 16:00:00
199,"gewisheit, anzeigen, vorhanden, doch, davon",1,1767-01-15 16:00:00
200,"juden, bahn, grieche, anschauenden, pindar",1,1767-01-15 16:00:00
203,"sondernauchansichselbstdieseoperation, glische, aufhaltende, wundärzte, itzt",1,1767-01-15 16:00:00
207,"amazonen, 1763, berlin, geschichte, leipzig",1,1767-01-15 16:00:00
210,"wien, deutsche, vienne, beygesetzten, ordenscommenda",2,1767-01-15 16:00:00
215,"korat, compens, bestraf, gehäuss, tandler",1,1767-01-15 16:00:00
222,"meteometeorologische, termometer, rologische, sternwarte, zeitungsblatte",1,1767-01-15 16:00:00
230,"untersuch, entscheidung, weil, weiterem, burgischen",1,1767-01-15 16:00:00
237,"viii, sterl, , , ",1,1767-01-15 16:00:00
248,"anzuhören, abgegan, möchten, vorgehen, nothwendig",2,1767-01-15 16:00:00
249,"herrschaftl, märz, täge, künftigen, mart",1,1767-01-15 16:00:00
251,"wahl, generalconseil, generalschatzmeisters, procureurs, radzivillischen",2,1767-01-15 16:00:00
261,"gefängnissen, blösst, pozes, geknüpft, verbrechern",3,1767-01-15 16:00:00
268,"jrländischen, dauer, parlaments, bestimmet, jahre",1,1767-01-15 16:00:00
284,"wau, färbt, gadd, gewächse, gelbe",2,1767-01-15 16:00:00
287,"schlaf, nährende, fragt, gelebt, blossen",1,1767-01-15 16:00:00
289,"wildbahn, eigenthumliche, niedere, herrschaftl, schloss",1,1767-01-15 16:00:00
295,"parlementswahl, gelichfallsgleichfalls, bestechun, mentsglied, oxfort",1,1767-01-15 16:00:00
302,"anwartungen, migung, geneh, fanten, geistliche",1,1767-01-15 16:00:00
309,"gnadengeschenk, 300000, einwoh, nern, schlesien",1,1767-01-15 16:00:00
324,"gewunden, hast, licht, dich, gewand",1,1767-01-15 16:00:00
332,"nouveile, paysanno, parvenue, seconde, canette",1,1767-01-15 16:00:00
333,"1765, 1767, wichenen, zinckin, neuerrichten",10,1767-01-15 16:00:00
335,"erzbischöfl, marq, botschafter, , ",4,1767-01-15 16:00:00
342,"schottenhof, actum, febr, wien, im",1,1767-01-15 16:00:00
346,"hasenöhrl, papiermühle, lestorf, pfafstätten, tungsverlag",3,1767-01-15 16:00:00
356,"gerichtl, jahrs, dies, jahren, jahr",1,1767-01-15 16:00:00
357,"gustalla, regio, suiten, stiessen, zug",1,1767-01-15 16:00:00
360,"kays, jhro, jn, kayserl, mit",1,1767-01-15 16:00:00
361,"wahrhaftig, wundärzte, cur, dank, glücklichen",2,1767-01-15 16:00:00
363,"folgender, jnhalt, fortsetzung, folgt, continuation",1,1767-01-15 16:00:00
369,"wornach, besorgen, richten, recht, jeder",1,1767-01-15 16:00:00
371,"bremmerprücken, aaaalen, detto, aa, deleg",2,1767-01-15 16:00:00
376,"jupiter, sammensetzungen, schafsinschafsinnigkeit, erfindungsreich, bildsäulen",1,1767-01-15 16:00:00
379,"1759, 1758, anticipationen, exelus, erleg",1,1767-01-15 16:00:00
384,"klippenfisch, surden, cavalliau, gesaltzenen, laperdon",3,1767-01-15 16:00:00
403,"1755, 1756, 17775, stuttgard, augspurg",1,1767-01-15 16:00:00
407,"guts, obern, 1763, 1757, häusslin",1,1767-01-15 16:00:00
409,"würdigen, schotten, grundgerichts, lieben, stifts",2,1767-01-15 16:00:00
420,"ablehnen, offenherzige, geständniss, verdacht, künsten",1,1767-01-15 16:00:00
423,"phil, carl, philos, doct, vols",1,1767-01-15 16:00:00
427,"edict, pissinger, genwärtiges, aufent, wollen",3,1767-01-15 16:00:00
435,"simoneli, burgl, delsmann, rosen, han",1,1767-01-15 16:00:00
436,"majest, jhro, jhre, jh, nunmehrigen",1,1767-01-15 16:00:00
437,"höchstbesagter, solchergestalt, königin, majest, kaiserin",1,1767-01-15 16:00:00
443,"high, lord, roberth, lordkanzler, hilsborough",1,1767-01-15 16:00:00
467,"sinne, euch, niemals, habt, antwort",1,1767-01-15 16:00:00
474,"1712, 1705, 1710, 1711, rfls",1,1767-01-15 16:00:00
480,"frist, andert, allendliche, anberaumet, convocations",4,1767-01-15 16:00:00
482,"casparn, entlehne, welchesdentitelführet, schröcklichen, glaubwürdigkeit",1,1767-01-15 16:00:00
515,"incommodirt, schwitzen, strahlen, spaziergang, heiss",1,1767-01-15 16:00:00
529,"montazet, agenois, malvin, guissac, ludwigsordens",1,1767-01-15 16:00:00
531,"meinung, hierann, denn, geschiehet, wornach",2,1767-01-15 16:00:00
538,"converts, schlafgemacht, ritersaal, rosenburger, kanne",2,1767-01-15 16:00:00
546,"seres, hilf, heils, mein, gott",1,1767-01-15 16:00:00
550,"jnfantens, öffentlichem, angeschlagen, druck, schriften",1,1767-01-15 16:00:00
551,"geiste, geister, geistergeschichte, assemblee, elisäischen",1,1767-01-15 16:00:00
556,"büdingen, ysenburg, hochgebohrnen, gefiele, gustav",1,1767-01-15 16:00:00
568,"vertratten, orsi, rosenberg, koch, ni",1,1767-01-15 16:00:00
572,"einzuberufen, vorzuladen, einzuberuffen, fürzuladen, beschluss",1,1767-01-15 16:00:00
573,"leopold, grund, burgerl, franz, gruber",1,1767-01-15 16:00:00
574,"erzherzogin, königl, erzherzogl, bischöfl, kohlanin",2,1767-01-15 16:00:00
-1,"deutsche, deutschen, hungarn, 1771, hornung",1067,1770-03-19 00:00:00
0,"türken, olitz, moldau, wallachey, befehliget",19,1770-03-19 00:00:00
1,"marklin, bapt, ebend, cäcilia, gelbe",49,1770-03-19 00:00:00
2,"schiffe, buckingham, kanonen, marine, flotte",27,1770-03-19 00:00:00
3,"kammerkapelle, gottesdienst, hochadelichen, anzuschla, hofstaats",16,1770-03-19 00:00:00
4,"kästen, silber, gold, bilder, zinn",35,1770-03-19 00:00:00
5,"hungarn, königl, erwer, sosnowski, dienungen",14,1770-03-19 00:00:00
6,"türken, russischen, russen, russische, russland",41,1770-03-19 00:00:00
7,"königl, kömgl, thom, elis, ",1,1770-03-19 00:00:00
8,"zimmern, kuchel, keller, stallung, grossen",10,1770-03-19 00:00:00
9,"grosskäuffern, einflechtschnüren, kamelhaaren, gewasten, stückweiss",1,1770-03-19 00:00:00
10,"kälte, eisbänke, bemerklich, gefrohrnen, reinhardtin",4,1770-03-19 00:00:00
11,"gänzlich, seuche, sterben, obgleich, ihm",15,1770-03-19 00:00:00
12,"freyherrliche, adelslexicon, artickeln, entsprossen, alterthum",2,1770-03-19 00:00:00
13,"meisch, schalaburg, tintischen, mölk, dermann",2,1770-03-19 00:00:00
14,"phaniordens, bellarini, hofdeputationen, illy, sann",6,1770-03-19 00:00:00
15,"arrets, manne, hornung, verbannung, pariserparlemets",6,1770-03-19 00:00:00
16,"gott, einerley, fürstens, belehrung, himmelstrichs",12,1770-03-19 00:00:00
17,"anforderungen, genugsam, forderungen, persönlich, liquidiren",13,1770-03-19 00:00:00
18,"feuer, asche, segenannte, eingeschlossensten, gaaseweide",4,1770-03-19 00:00:00
19,"schweden, stockholm, schwedische, kammerherr, schwedischen",12,1770-03-19 00:00:00
21,"thraunisch, diessertwegen, mannagettischen, hofstätter, rennwege",2,1770-03-19 00:00:00
22,"majest, ma, , , ",6,1770-03-19 00:00:00
23,"chronologiques, fresnoy, àlahave1745, englman, hagæhagae",5,1770-03-19 00:00:00
24,"deutsche, antiquitatum, thesaurus, romanorum, hebdomadæhebdomadae",15,1770-03-19 00:00:00
25,"grantham, kleidet, verfügen, solchemnach, erst",1,1770-03-19 00:00:00
26,"schulen, ssen, ungarn, eckel, stipendium",13,1770-03-19 00:00:00
27,"peremptorischen, verlauf, entweder, persönlich, widrigenfalles",4,1770-03-19 00:00:00
29,"schlickin, tugall, jnfantinn, donna, angezogen",3,1770-03-19 00:00:00
30,"wochen, binnen, ssung, legitimiren, obgedacht",10,1770-03-19 00:00:00
31,"gestriger, thlr, antwortet, vernihmt, minorca",3,1770-03-19 00:00:00
35,"milientafel, communiongebethern, beschloss, durchl, fa",5,1770-03-19 00:00:00
36,"lustgärten, mandie, nor, blumen, wirthschaftsbeamte",5,1770-03-19 00:00:00
37,"cumtestamento, praxmayr, mercier, gewest, michael",3,1770-03-19 00:00:00
42,"geseufzet, steurkammergerichtes, wandt, diesessoerwünschte, sehnsuchtsvolles",6,1770-03-19 00:00:00
44,"repentir, londini, fanni, heureux, angloise",4,1770-03-19 00:00:00
45,"druckpapier, papier, fein, eb, schreibpapier",5,1770-03-19 00:00:00
46,"veranlassen, procuratoren, verwunderung, erlau, kanzler",1,1770-03-19 00:00:00
47,"wegmarschiret, föderirten, montage, aufzusuchen, unterneh",4,1770-03-19 00:00:00
48,"angehenden, bosimene, handler, landgericht, anzufügen",1,1770-03-19 00:00:00
50,"jeu, echecs, essai, sur, 15",1,1770-03-19 00:00:00
52,"quardetten, bass, vauhall, sechs, lins",3,1770-03-19 00:00:00
53,"reissner, burgerssohn, lediger, burgerl, hochfürstl",1,1770-03-19 00:00:00
56,"königl, xxxandem, kolonins, gxxxllxxx, jglau",17,1770-03-19 00:00:00
57,"pii, pont, 42, gebeth, carolivi",2,1770-03-19 00:00:00
58,"rathstag, sässen, behandlung, abzuwarten, willens",21,1770-03-19 00:00:00
59,"trauerspiel, französischen, französ, seefahrers, desertuer",6,1770-03-19 00:00:00
60,"baader, creditspartheyen, cessionembonorum, erforderet, schuldenlast",6,1770-03-19 00:00:00
64,"kupfern, frachtbriefe, scheidekunst, zusammenhange, kriegsbaukunst",7,1770-03-19 00:00:00
65,"türken, türkischen, vergleichseröfnun, hospedar, menolatti",5,1770-03-19 00:00:00
66,"venetiis, 1764, griechen, 1756, actum",1,1770-03-19 00:00:00
69,"gräfl, sind, es, dem, in",1,1770-03-19 00:00:00
74,"satzka, wamperstorf, pelleschel, lehensbehau, sia",4,1770-03-19 00:00:00
76,"feldmessen, astrolabio, boussole, mensul, praxisgeometricægeometricae",1,1770-03-19 00:00:00
79,"künstler, werkschule, models, bewehrter, militarbaukunst",3,1770-03-19 00:00:00
80,"peredictumad, valvas, freyherrl, benannte, veranlasst",5,1770-03-19 00:00:00
84,"nuntii, excell, herrn, nuntius, monsig",1,1770-03-19 00:00:00
86,"piété, valedicten, anné, tiosen, jours",8,1770-03-19 00:00:00
88,"commissarien, gensduroi, gerichtshofe, suchung, auszusetzen",2,1770-03-19 00:00:00
89,"magistrat, 15, kais, landesfürstl, magistrate",1,1770-03-19 00:00:00
93,"excell, landesherr, traffen, 26sten, freytags",2,1770-03-19 00:00:00
95,"theile, ebend, unzen, thle, dritter",4,1770-03-19 00:00:00
96,"kork, sohle, ueberzug, trocken, ssen",5,1770-03-19 00:00:00
98,"landrecht, nachstehenden, nothdurften, incontumaciam, erkennet",9,1770-03-19 00:00:00
101,"amsterdam, holland, haag, 7ne, auss",1,1770-03-19 00:00:00
103,"suckow, nigrum, rubro, idem, laur",2,1770-03-19 00:00:00
104,"letztemal, eigens, verhindernissen, sässen, hören",8,1770-03-19 00:00:00
105,"szeling, commandirt, oberste, solche, adjutant",1,1770-03-19 00:00:00
106,"gekränkte, verwaltendem, ordnun, verban, vonmaupeausollseinwerknichteinzig",3,1770-03-19 00:00:00
108,"1751, 1753, 1752, 1750, 1754",1,1770-03-19 00:00:00
110,"eingeschickt, marschalle, walpole, eilfertigkeit, gerichteten",3,1770-03-19 00:00:00
112,"eisentändler, temes, zugefallene, erblich, verkaufen",3,1770-03-19 00:00:00
114,"febr, expeditovero, regierungsverlass, genehmigten, jänner",7,1770-03-19 00:00:00
115,"krigsrüstungen, 350000, 1200000, summe, läugnen",3,1770-03-19 00:00:00
117,"april, gesäet, arcier, herbstm, meelthan",5,1770-03-19 00:00:00
121,"anemoni, turband, färbige, rothartige, altebollone",8,1770-03-19 00:00:00
122,"namenstag, glorreichster, serl, kai, allerhöchst",1,1770-03-19 00:00:00
123,"ehedessen, auszufeilen, abermal, verwilliget, burgermeister",8,1770-03-19 00:00:00
125,"leipz, nigl, kö, ungeb, neapel",3,1770-03-19 00:00:00
126,"naglin, gerhard, elisab, kellin, landrecht",4,1770-03-19 00:00:00
127,"prag, geschlichen, erkauften, thäter, weichsel",2,1770-03-19 00:00:00
129,"verstande, gezeiget, väter, unbekannten, wahren",1,1770-03-19 00:00:00
131,"prinzessinn, prinzessin, strehlitz, charlotte, mecklenburg",3,1770-03-19 00:00:00
132,"kaiserl, kaisersthée, kaiserspit, 69, 43",1,1770-03-19 00:00:00
133,"haannemanns, engli, verwunderlich, wahrsager, william",1,1770-03-19 00:00:00
134,"gastl, privil, michael, hohh, hofer",1,1770-03-19 00:00:00
135,"mathem, math, alt, 430, 423",1,1770-03-19 00:00:00
137,"adrianopel, weiter, entfernen, überzeugt, hauptstadt",1,1770-03-19 00:00:00
138,"steyr, actum, 1771, februarii, 1773",1,1770-03-19 00:00:00
139,"burgermeister, rath, geben, vernehmen, amtsverwalter",6,1770-03-19 00:00:00
140,"kaiserl, böhmen, des, von, bernstein",3,1770-03-19 00:00:00
141,"wallach, faust, wohlabgerichtes, pohlack, erzbischöflichen",3,1770-03-19 00:00:00
144,"sibil, schwistrigte, wolfpässing, verehelichte, lechnerin",1,1770-03-19 00:00:00
145,"behörig, unbedenklich, vertheilung, prätendenten, verlassenschaftsguts",7,1770-03-19 00:00:00
147,"theile, græviigraevii, teile, minori, forma",9,1770-03-19 00:00:00
149,"octob, nigstetten, königstetten, untern, kö",3,1770-03-19 00:00:00
150,"passau, decemb, dedöcker, kreisamt, neuburg",1,1770-03-19 00:00:00
151,"excell, nürnberg, cont, 31, statt",7,1770-03-19 00:00:00
153,"vieh, ungarn, vorgebauet, gedeyhlicher, vollkommneren",2,1770-03-19 00:00:00
154,"verscholle, fünfstück, etwannige, perempt, magistratus",1,1770-03-19 00:00:00
158,"venedig, unterwiesen, ausgearbeitet, venezia, wichtiges",3,1770-03-19 00:00:00
159,"executionsstillstand, hofresolu, protocollisten, cantens, angesuchten",2,1770-03-19 00:00:00
160,"halle, hauptm, hausfr, hauskn, haushofmeist",1,1770-03-19 00:00:00
161,"löbl, des, von, zarus, frepherrl",4,1770-03-19 00:00:00
162,"musikalien, haschke, notisten, hüthen, sinfonien",2,1770-03-19 00:00:00
165,"giers, passa, mitnehmen, wagen, sachen",1,1770-03-19 00:00:00
169,"bulle, päbstl, 10, seiner, ssigiährige",1,1770-03-19 00:00:00
170,"oranien, arunculen, prinz, von, arnunculen",2,1770-03-19 00:00:00
173,"carnevalsnacht, calderani, ballfest, erfrischun, prächtiges",1,1770-03-19 00:00:00
177,"sichtigen, hausherrn, obbemeldtem, bestehen, anmelden",1,1770-03-19 00:00:00
179,"getadelte, anitzt, geschichtskunde, vorzügliches, angewandten",2,1770-03-19 00:00:00
180,"superintendenten, hebamme, meldschuhinn, spitlmei, jnwohnerin",3,1770-03-19 00:00:00
183,"onclen, czatoriski, gemeinschaftlich, arbeiten, daran",1,1770-03-19 00:00:00
188,"obliga, verstoss, null, amortisationsedicts, ausfertigung",5,1770-03-19 00:00:00
189,"hamburg, frankfurt, abzeichnungen, geldmangel, abgedrucket",4,1770-03-19 00:00:00
191,"ctaliter, pellendorferischen, pallauf, elapsohoctermino, höbersbrunn",1,1770-03-19 00:00:00
193,"gräfinn, gotsch, sternkreuzordensdame, storbene, maximiliana",1,1770-03-19 00:00:00
197,"wornach, hütten, schaden, achten, jeder",10,1770-03-19 00:00:00
199,"äusserte, theurung, keine, noch, sich",1,1770-03-19 00:00:00
200,"juden, jüdische, bücherlicitation, üblen, eingestellet",2,1770-03-19 00:00:00
202,"noest, fruh, martii, uhr, für",1,1770-03-19 00:00:00
203,"kind, anzeige, darunter, kinder, sehen",2,1770-03-19 00:00:00
204,"christ, tréss, entretiens, gebildet, nachfolge",2,1770-03-19 00:00:00
207,"1770, leipzig, 1761, kupfern, dresden",5,1770-03-19 00:00:00
209,"pulvermacherin, steuer, kaiserl, perückenmachergewerb, jahnisches",3,1770-03-19 00:00:00
210,"beygesetzten, wien, preis, deutsche, burg",6,1770-03-19 00:00:00
211,"augsb, augsp, augsbug, conv, theile",21,1770-03-19 00:00:00
212,"40000, 20000, bosnier, berdeczow, derderjenigen",4,1770-03-19 00:00:00
214,"deutschen, griechen, damenten, absolviret, fun",2,1770-03-19 00:00:00
215,"patenten, patent, böhmen, ermächtiget, nuntianten",2,1770-03-19 00:00:00
216,"lintz, 1753, strodl, stoll, schodterer",1,1770-03-19 00:00:00
220,"begnädigungen, bill, dauer, durchgegangenen, schnurstracks",1,1770-03-19 00:00:00
223,"frankf, frank, sebastian, gehollten, torik",1,1770-03-19 00:00:00
226,"peruquer, erfand, coeffüre, zierrath, haarhändler",1,1770-03-19 00:00:00
228,"fürstl, von, entschlieffe, cell, der",2,1770-03-19 00:00:00
230,"erwartung, furcht, unternehmung, erfolg, steht",1,1770-03-19 00:00:00
236,"weltberühmten, thaten, leben, königl, ine",1,1770-03-19 00:00:00
237,"viii, sterl, , , ",2,1770-03-19 00:00:00
240,"durchlassen, schuhsohlen, bouteille, erfunden, schuh",1,1770-03-19 00:00:00
242,"offentl, priestern, päpstl, diesem, priesters",2,1770-03-19 00:00:00
248,"möchten, anzuhören, sicher, vorgehen, vorzuladen",8,1770-03-19 00:00:00
249,"märz, mart, nachmit, nachfolgende, 8tägige",6,1770-03-19 00:00:00
250,"regensb, retzer, retractus, reubell, reconvent",1,1770-03-19 00:00:00
252,"genannte, paulischnungasteigerischezumkleinenjordan, separirte, mauermeister, zierliches",1,1770-03-19 00:00:00
255,"1762, künftigen, künfti, 1762sten, martii",1,1770-03-19 00:00:00
256,"2tes, hungarn, kupf, werk, böheim",1,1770-03-19 00:00:00
258,"bisterschneiderhandel, verkauft, dukaten, keruz, bürgerlicher",4,1770-03-19 00:00:00
259,"ibid, jenner, mjttwoch, maesstrom, stark",4,1770-03-19 00:00:00
260,"ediktes, eingeschrieben, arras, obere, errichtete",1,1770-03-19 00:00:00
265,"nachtrag, diarium, 1771, wienerischen, nro",4,1770-03-19 00:00:00
267,"meidling, ledige, weibs, 1770, 21",1,1770-03-19 00:00:00
268,"parlamentsachen, sieht, vorhin, noch, parlament",1,1770-03-19 00:00:00
269,"wirschau, wirceb, grazien, wieland, alsterb",3,1770-03-19 00:00:00
270,"neugebautes, hausmeister, alltäglich, verkaufen, gasse",2,1770-03-19 00:00:00
271,"diejnfäntinvon, ansage, dorothea, beschehener, francisca",1,1770-03-19 00:00:00
272,"rossbacher, caspar, fürstl, rossau, nachdeme",3,1770-03-19 00:00:00
274,"kais, gräflich, nied, von, des",14,1770-03-19 00:00:00
275,"fables, boysen, parts, edinburg, two",3,1770-03-19 00:00:00
277,"cadix, hornung, hoheit, durchl, vocent",1,1770-03-19 00:00:00
279,"ruhmens, avantcoureur, gazettedecommerce, mannheimer, zeitung",1,1770-03-19 00:00:00
284,"gesprengte, arunculen, farben, verschiedenen, gesprangte",2,1770-03-19 00:00:00
287,"getümmel, unruhige, dauerte, hindurch, nacht",1,1770-03-19 00:00:00
292,"landesfürstl, landsfürstl, des, camm, palatinal",1,1770-03-19 00:00:00
295,"anlasse, oberhaus, mehrheit, einwilligung, gleichem",1,1770-03-19 00:00:00
304,"mahomed, caravanne, mahumed, sherif, assan",3,1770-03-19 00:00:00
314,"österr, öster, östl, nied, von",14,1770-03-19 00:00:00
315,"einkommender, innhaltlichen, pfänder, blatte, gebrachte",1,1770-03-19 00:00:00
317,"findliche, angeehligte, erbfolgern, ehegattinn, ausweiss",3,1770-03-19 00:00:00
318,"gerichtlichen, teuchmeyers, arzneygelahrtheit, vorfallen, materien",1,1770-03-19 00:00:00
323,"friede, mühet, drohende, friedlichen, geschicklich",3,1770-03-19 00:00:00
324,"licht, lampen, lampe, zusammenhaltung, lichtschirme",11,1770-03-19 00:00:00
326,"horizontale, brunnenkünsten, wasserrädern, defer, schneidmühlen",2,1770-03-19 00:00:00
329,"dess, 25, 36, stück, hefte",2,1770-03-19 00:00:00
333,"1765, 1767, lausanne, 1766, wichenen",7,1770-03-19 00:00:00
339,"papilloten, billardsregeln, frankf, 40, 20",2,1770-03-19 00:00:00
341,"1764, 1760, gr, hässliche, weiber",4,1770-03-19 00:00:00
344,"angebo, unzuläng, derweitige, ergebiger, behandlet",2,1770-03-19 00:00:00
346,"deutschen, hospitalen, kathonichtin, hievonges, conventern",1,1770-03-19 00:00:00
351,"preuss, hungarn, preussischen, preussische, der",1,1770-03-19 00:00:00
352,"apost, nämlich, se, jhre, auch",3,1770-03-19 00:00:00
354,"1771, terische, hofstadtbehausung, haftend, schuldenlast",13,1770-03-19 00:00:00
355,"reichsfreyherrl, taffeter, zeitungscomtoir, michaelerhaus, schottenthor",1,1770-03-19 00:00:00
364,"tertioperemptorio, schwemmer, osterferien, fallenden, einschliessung",1,1770-03-19 00:00:00
367,"thlr, thol, preuss, preussis, ca",1,1770-03-19 00:00:00
368,"paris, doten, morliere, anec, schickals",8,1770-03-19 00:00:00
369,"invigiliren, wornach, richten, recht, jnteressirter",4,1770-03-19 00:00:00
370,"ueberlast, stren, nothwendigen, missbräuche, mittel",1,1770-03-19 00:00:00
375,"amtseides, amerika, falkland, spanischen, befehle",4,1770-03-19 00:00:00
377,"begierig, heimen, unterhandlungen, bewirken, männiglich",2,1770-03-19 00:00:00
379,"1758, 1759, anticipationen, exelus, erleg",1,1770-03-19 00:00:00
380,"nied, henn, nistrationsregistrat, admi, ",13,1770-03-19 00:00:00
386,"juden, salzwerke, weggenommen, bediente, bürger",1,1770-03-19 00:00:00
388,"1761, anhang, samstags, mittwochs, november",1,1770-03-19 00:00:00
389,"baisigny, beschrie, irre, mademoiselle, frauenzimmer",1,1770-03-19 00:00:00
400,"kais, kumin, ludov, serl, kuhr",4,1770-03-19 00:00:00
409,"gotteshau, grundgerichts, würdigen, offentlicher, schotten",2,1770-03-19 00:00:00
415,"terni, ducat, singerstrass, terno, estratten",1,1770-03-19 00:00:00
418,"klostermayer, bayr, genaues, vulgo, portrait",1,1770-03-19 00:00:00
420,"chemie, wissenschaft, demonstrationibus, experimentis, practischen",1,1770-03-19 00:00:00
421,"1772, 1771273, 177273, 40451, erlangen",1,1770-03-19 00:00:00
426,"kirchenzeug, wilna, schwedt, gewusst, ohnweit",1,1770-03-19 00:00:00
427,"edict, offene, wollen, männiglich, erinneren",6,1770-03-19 00:00:00
428,"1771, jänner, osterzell, märz, wien",18,1770-03-19 00:00:00
434,"plusch, item, deutschen, gefüttert, traget",2,1770-03-19 00:00:00
436,"majest, jhre, jhro, jh, nunmehrigen",4,1770-03-19 00:00:00
438,"uhlanenregimentern, starosteyen, 50000, schöne, 50",1,1770-03-19 00:00:00
440,"sasnowski, feldnotarius, platter, woywo, smolenski",1,1770-03-19 00:00:00
442,"thuen, landgerichts, offenen, sitzere, landrichter",3,1770-03-19 00:00:00
443,"belobten, staatssekretär, auszuwechseln, engellän, masserano",1,1770-03-19 00:00:00
449,"stadtrichter, burgermeister, rath, kais, landesfürstl",1,1770-03-19 00:00:00
453,"paris, pline, parties, jeune, edition",4,1770-03-19 00:00:00
459,"kupf, cassale, krems, vendôme, wäre",3,1770-03-19 00:00:00
460,"donnerstags, donnerstag, seiten, kais, dies",1,1770-03-19 00:00:00
463,"blumenkielen, brüdere, gedoppelte, montani, arunculen",1,1770-03-19 00:00:00
464,"axen, feinen, schwimmer, mitgelbensaffianausgemachtmiteisernen, danneinneuespierutsch",1,1770-03-19 00:00:00
467,"betreten, gebiet, nicht, unsere, euch",1,1770-03-19 00:00:00
468,"getraidehandlung, erwägen, schliessungen, ausschusse, genommenen",1,1770-03-19 00:00:00
473,"chatcart, gestern, courier, unserm, lord",1,1770-03-19 00:00:00
476,"nachricht, löschenkohl, signat, meldbrief, sign",1,1770-03-19 00:00:00
480,"frist, anmeldungs, andert, allendliche, allendlicher",2,1770-03-19 00:00:00
486,"nürnberg, 1770, 1698, franzband, mannheim",8,1770-03-19 00:00:00
487,"isch, oest, engl, , ",1,1770-03-19 00:00:00
488,"aeneid, ad, integrum, activum, adel",1,1770-03-19 00:00:00
489,"walsh, nigl, kö, alleuja, areiern",1,1770-03-19 00:00:00
490,"tember, sep, 1770, beschehen, 1780",1,1770-03-19 00:00:00
493,"leipzig, babadagh, häufig, courier, angekommen",5,1770-03-19 00:00:00
494,"lessing, schwachs, mitlm, klein, 21",3,1770-03-19 00:00:00
496,"wilh, oetter, oesterr, oester, altes",2,1770-03-19 00:00:00
504,"plenitz, pauli, paul, zeuge, hiesig",4,1770-03-19 00:00:00
511,"saamen, broccoli, romani, kauli, flor",2,1770-03-19 00:00:00
517,"nürnb, dean, nordmark, wirtens, gr",3,1770-03-19 00:00:00
520,"labella, dibrusseles, arunculen, casp, mändl",3,1770-03-19 00:00:00
522,"rthlr, rthl, rthkr, , ",1,1770-03-19 00:00:00
524,"alexandre, nouv, prose, pope, essai",1,1770-03-19 00:00:00
528,"1770, wande, haye, verwilligt, ausserordentlich",10,1770-03-19 00:00:00
531,"dannhieranbeschiehetunser, ernstlicher, warnen, meynung, gnädigst",1,1770-03-19 00:00:00
532,"berlin, wintermonat, gemel, verlautet, eintreffen",3,1770-03-19 00:00:00
535,"marx, zebrouck, pilger, st, summa",1,1770-03-19 00:00:00
537,"hohenbrücke, aichischen, ankauf, gelagert, lämmelwirtshauses",2,1770-03-19 00:00:00
544,"xviii, xiii, xxxix, usque, tomus",3,1770-03-19 00:00:00
549,"jmmendorf, binder, waysencassa, riemergesell, locatellischen",2,1770-03-19 00:00:00
553,"lossdorf, krautgär, terthänigen, fortzuführen, grundstü",1,1770-03-19 00:00:00
562,"wiedemanisch, administratoris, auszufeilen, verwilliget, stellten",2,1770-03-19 00:00:00
567,"erbsenhandel, auszufeilen, offentlich, meistbietenden, verkaufen",2,1770-03-19 00:00:00
570,"keogh, dio, egger, braittensee, pferdgeschier",2,1770-03-19 00:00:00
572,"einzuberuffen, fürzuladen, vorzuladen, einzuberufen, beschluss",2,1770-03-19 00:00:00
579,"manner, vermisset, manche, stel, grössten",1,1770-03-19 00:00:00
580,"1763, behodene, einantwortungserinnerung, oppignorirt, bieses",2,1770-03-19 00:00:00
582,"11ter, band, 1ter, 15, deto",1,1770-03-19 00:00:00
-1,"hungarn, deutschen, cont, bosnien, dalmatien",1318,1771-10-19 04:00:00
0,"regiment, münchausischen, remias, jllirische, tanjoure",37,1771-10-19 04:00:00
1,"lett, hochfürstl, fürstl, betreffend, seeger",89,1771-10-19 04:00:00
2,"schiffe, kompag, sind, ostindische, unsrer",13,1771-10-19 04:00:00
3,"böhmen, kardinal, kirche, migazi, probhauses",21,1771-10-19 04:00:00
4,"deutschen, verschiedene, silber, kästen, bilder",23,1771-10-19 04:00:00
5,"königl, ritterschaft, succorum, tutum, brodirter",12,1771-10-19 04:00:00
6,"russen, russische, türken, findenden, ryzekiws",7,1771-10-19 04:00:00
7,"königl, kömgl, thom, elis, ",1,1771-10-19 04:00:00
8,"hofrechenkammer, zimmer, keller, stallung, überreichet",7,1771-10-19 04:00:00
9,"postchaise, pferden, vorhielt, drappirten, schotland",3,1771-10-19 04:00:00
10,"gewässer, witterung, nani, nachtfröste, polesinesische",9,1771-10-19 04:00:00
11,"brandt, geschienen, herunter, er, zog",15,1771-10-19 04:00:00
12,"deutschen, 1164, sulzerischen, bret, kavrianischen",10,1771-10-19 04:00:00
13,"kastell, schenck, cons, schwanenfeld, schönstadt",16,1771-10-19 04:00:00
14,"taun, puncto, rescripti, steurarum, bornischen",13,1771-10-19 04:00:00
15,"palais, entstand, gefängnisse, aufruhr, neulich",1,1771-10-19 04:00:00
16,"gott, dir, dokter, brandt, münter",14,1771-10-19 04:00:00
17,"anforderungen, anzuhören, möchten, nothwendig, forderungen",23,1771-10-19 04:00:00
18,"flammen, drakenberg, bauzen, jütländer, landschäftlich",2,1771-10-19 04:00:00
19,"dännemark, dänischen, stockholm, eignissen, kabinetsräthe",8,1771-10-19 04:00:00
21,"ciskanerplatze, sonnauischen, wichtigen, geweste, fran",2,1771-10-19 04:00:00
22,"majest, ma, , , ",15,1771-10-19 04:00:00
23,"doctorwürde, eheleiblicher, 1702, festa, zung",4,1771-10-19 04:00:00
24,"nunc, ac, expensarum, damnorum, dominus",17,1771-10-19 04:00:00
26,"akademie, universität, gruppe, weitberühmten, abgesönderten",11,1771-10-19 04:00:00
27,"katens, hierinnfall, schuldfor, hofbau, marktrichterswohnung",5,1771-10-19 04:00:00
28,"fleischmannische, dillherisch, bräukn, stöckler, max",3,1771-10-19 04:00:00
29,"anna, kleinin, maria, gerl, stauberin",12,1771-10-19 04:00:00
30,"wochen, binnen, dato, jahr, weiterer",4,1771-10-19 04:00:00
31,"1000, leihen, kreiss, persohn, ledige",3,1771-10-19 04:00:00
33,"grundspit, straublin, tenthal, imlich, math",1,1771-10-19 04:00:00
34,"weysische, sachserfor, clausla, acperpetuisilentii, schullerstrassen",1,1771-10-19 04:00:00
35,"diesseitig, herrschaftl, kais, vormittag, wann",2,1771-10-19 04:00:00
36,"fruchtprei, fruchtgehänge, gesetzlichen, hörigen, adler",2,1771-10-19 04:00:00
37,"invest, rackenitz, harpfenburg, privilegiorum, hörpfer",4,1771-10-19 04:00:00
39,"kotheck, wirkl, abend, jhro, diesen",1,1771-10-19 04:00:00
41,"fallirten, landgericht, anzufügen, sämmtlichen, fein",1,1771-10-19 04:00:00
42,"decla, riret, subcura, präcludiret, stehendes",5,1771-10-19 04:00:00
43,"summa, aicher, darunter, kind, jnderstadt",4,1771-10-19 04:00:00
44,"geräthe, londen, scheinbaren, middlesex, luttrell",3,1771-10-19 04:00:00
45,"nungsceremonie, papier, anfüllen, lettern, median",2,1771-10-19 04:00:00
46,"ergange, nützel, fiat, kläger, enthalt",1,1771-10-19 04:00:00
47,"montags, fronleichnamsumgang, stadtthöre, sperrgeld, weggeld",7,1771-10-19 04:00:00
48,"brandtweinbrennnen, telzell, kasper, wanhour, bierbrauer",4,1771-10-19 04:00:00
49,"ordent, meraviglischen, kaufe, gumpendorf, herrschaftskanzley",1,1771-10-19 04:00:00
51,"septemviral, 23sten, septemb, am, september",2,1771-10-19 04:00:00
53,"burgerl, glockengiesserinn, mayr, merkl, steck",4,1771-10-19 04:00:00
54,"concordat, roms, dorischer, sumpti, recursus",5,1771-10-19 04:00:00
55,"königl, kopp, consortes, appell, möstl",1,1771-10-19 04:00:00
56,"königl, kön, majest, könig, kolonins",14,1771-10-19 04:00:00
57,"französ, columbrano, caraffa, abge, geben",3,1771-10-19 04:00:00
58,"sässen, behandlung, abzuwarten, rathstag, verhindernissen",14,1771-10-19 04:00:00
59,"französ, eben, diesen, tag, hat",1,1771-10-19 04:00:00
60,"cessionembonorum, überhäuften, behörige, creditspartheyen, einberuffung",6,1771-10-19 04:00:00
61,"amburgo, msi, 7ne, 140, londra",6,1771-10-19 04:00:00
62,"basset, kayserl, zigeuner, ungarn, heute",2,1771-10-19 04:00:00
63,"paukenschalle, trompetenchors, jauchzenden, stadtmauer, getrun",3,1771-10-19 04:00:00
64,"kupf, impfung, camper, erläu, tert",3,1771-10-19 04:00:00
66,"griechen, 1ter, phocles, euripides, tragische",2,1771-10-19 04:00:00
68,"novemb, erblän, endiget, gebührend, anzeigen",3,1771-10-19 04:00:00
69,"gräfl, reisingerin, struenseesche, erheerhebung, reissgefald",5,1771-10-19 04:00:00
72,"kais, stephan, jhro, namen, serl",2,1771-10-19 04:00:00
74,"leuthner, stass, perrin, baptist, walter",4,1771-10-19 04:00:00
75,"sommerschlosse, brun, schön, majest, july",1,1771-10-19 04:00:00
78,"gebäudes, apollo, wandpfei, ionischer, seitenthüren",5,1771-10-19 04:00:00
79,"bildhauer, einschicket, wohlausgeführte, brands, schaftsmalerey",3,1771-10-19 04:00:00
80,"swieten, frey, gerhard, freyherrl, freyherr",10,1771-10-19 04:00:00
83,"todensän, landger, stadtpfarrer, allhiesig, ger",3,1771-10-19 04:00:00
86,"eliäs, joel, augsb, fussgestelle, avrillon",2,1771-10-19 04:00:00
87,"ringergasse, oktob, wirthin, wäh, ihrem",1,1771-10-19 04:00:00
88,"puncto, subdelegations, commissionsforderung, commissioucommission, assent",3,1771-10-19 04:00:00
89,"magistrat, appell, bopfingen, abzugs, perillust",4,1771-10-19 04:00:00
90,"deutschen, panem, portans, haussengenbach, longe",4,1771-10-19 04:00:00
91,"maji1772, holmiæholmiae, blessirt, unwissende, capitapapaverisalbi",1,1771-10-19 04:00:00
95,"boldin, quadinvest, weib, krankenh, cont",3,1771-10-19 04:00:00
96,"jnstru, menten, verlegern, musikalien, kost",2,1771-10-19 04:00:00
97,"gräfl, sephst, lilien, jo, von",4,1771-10-19 04:00:00
98,"landrecht, landrechte, daun, gräfinn, oberranna",4,1771-10-19 04:00:00
101,"7ne, amsterdam, detta, 139, holland",4,1771-10-19 04:00:00
102,"metauro, kirchenstaate, urbino, flusse, herzogthum",4,1771-10-19 04:00:00
103,"cont, spirlet, itempunctojurispuniendidelictaminora, blasien, abbass",11,1771-10-19 04:00:00
104,"letztemal, rathstag, hören, sässen, verhindernissen",10,1771-10-19 04:00:00
108,"1750, 1753, 1751, 1752, 1754",1,1771-10-19 04:00:00
110,"ererwählet, glänzenden, wählet, ablö, ältern",1,1771-10-19 04:00:00
111,"botschafter, gesandte, jh, nachmittags, rer",1,1771-10-19 04:00:00
112,"mayrhof, milchkammer, khüestallung, sturk, numeriret",2,1771-10-19 04:00:00
113,"freyherrl, gottfr, anger, elisab, aug",3,1771-10-19 04:00:00
114,"festa, febr, letzten, bereits, februarii",1,1771-10-19 04:00:00
115,"densumstände, zugäben, entsponnen, behauptete, punkt",1,1771-10-19 04:00:00
116,"jn, stadt, der, fruh, neu",2,1771-10-19 04:00:00
117,"urbania, wasgestalten, april, unterm, märz",2,1771-10-19 04:00:00
120,"brandweinschanksgerechtigkeit, engelbrecht, münzwardein, oesterei, cumclausulapræclusipraeclusi",2,1771-10-19 04:00:00
122,"haller, peter, graf, josepha, böhmen",1,1771-10-19 04:00:00
123,"reitterischen, aufbewahrte, ehedessen, vermachte, pillenraitkammer",2,1771-10-19 04:00:00
125,"leipz, ungeb, neapel, oenip, wälseggisch",1,1771-10-19 04:00:00
127,"corrti, praga, 99, augusta, 126",3,1771-10-19 04:00:00
128,"erbslegitimirung, vorfinden, führungen, verdeckte, abhelfung",2,1771-10-19 04:00:00
129,"geschwistertkinder, alldavor, mütterliches, eheleib, gesagte",2,1771-10-19 04:00:00
130,"soumaigne, senzeille, pertusati, weissbergische, franz",4,1771-10-19 04:00:00
133,"apil, 1772, mauttern, trebnitz, juny",2,1771-10-19 04:00:00
134,"holzens, oehringen, blechernen, cont, hausmei",3,1771-10-19 04:00:00
135,"math, chenfeld, stiefel, grün, ler",1,1771-10-19 04:00:00
136,"tagl, agner, arenberger, grill, wit",3,1771-10-19 04:00:00
138,"1773, 1772, künftig, steyr, jänner",21,1771-10-19 04:00:00
139,"burgermeister, rath, vernehmen, geben, jedermann",10,1771-10-19 04:00:00
140,"kaiserl, solms, böhmen, baadenischen, braunfelsischen",12,1771-10-19 04:00:00
144,"brunerberg, emmer, minichparz, ueberländweingar, hienerkogl",1,1771-10-19 04:00:00
145,"behörig, prätendenten, falle, gewalttrager, unbedenklich",8,1771-10-19 04:00:00
150,"decemb, natlicher, decretisten, denenselben, mo",3,1771-10-19 04:00:00
151,"excell, nürnberg, cont, 31, 30",2,1771-10-19 04:00:00
152,"hedwerger, goldhanin, goldschmidgs, goldschm, cont",3,1771-10-19 04:00:00
153,"entstehtauchhierausallmählichmanchesun, futterung, niederelbe, weiden, ueberschwemmung",1,1771-10-19 04:00:00
155,"ginn, wünsche, köni, abgestattet, kaiserinn",1,1771-10-19 04:00:00
157,"vergnügenden, nacheife, zulezt, nachschlagen, mühungen",2,1771-10-19 04:00:00
159,"regierung, abwesenden, gegenwärtig, edikt, offenen",3,1771-10-19 04:00:00
160,"meminghausen, nunc, appell, hauptm, hausfr",1,1771-10-19 04:00:00
161,"löbl, des, von, zarus, frepherrl",5,1771-10-19 04:00:00
165,"ausgeziert, wagen, galgenberge, bildhauerar, gelgläser",3,1771-10-19 04:00:00
166,"ewigt, hörsale, lebendige, höchstpreislichen, aerzte",1,1771-10-19 04:00:00
167,"verordnung, kaiserl, einer, auf, löbl",1,1771-10-19 04:00:00
169,"halb6, um, ssigiährige, fortfah, belehren",1,1771-10-19 04:00:00
171,"haupteinhalt, delinquenten, fürgeladen, advokaten, stadtgericht",2,1771-10-19 04:00:00
173,"festa, seel, fest, heil, sonntags",1,1771-10-19 04:00:00
174,"ministriret, jubilirten, gebohrner, auferbäulichst, arm",1,1771-10-19 04:00:00
177,"erkau, purkerstorf, ersagten, gedenket, nämlichen",1,1771-10-19 04:00:00
178,"gross, böhmen, kutsch, im, gebs",2,1771-10-19 04:00:00
180,"testatabsterben, superintendenden, hiemin, spitlmei, burgerspitals",1,1771-10-19 04:00:00
181,"appell, krüger, krebels, koppensteiners, kruss",4,1771-10-19 04:00:00
183,"prälaten, sogar, anderen, dero, diesen",1,1771-10-19 04:00:00
185,"ebergässing, schweitz, novemb, schloss, auss",1,1771-10-19 04:00:00
186,"cont, reichsgotteshaus, collectandi, pctojuris, sparneckische",6,1771-10-19 04:00:00
189,"höchstpreisl, rathsagenten, fabrice, reichshof, augsburg",2,1771-10-19 04:00:00
191,"ausschlüssenden, jänsch, zeitungsblätter, ehelichen, angegebenen",2,1771-10-19 04:00:00
196,"thrones, königl, königi, seine, throne",1,1771-10-19 04:00:00
197,"wornach, schaden, hüten, hütten, jeder",9,1771-10-19 04:00:00
198,"bune, reichräthe, hoffrauenzimmer, königinn, jhro",3,1771-10-19 04:00:00
201,"löbl, des, von, lobl, ludw",1,1771-10-19 04:00:00
203,"brachm, kind, darunter, mutter, den",1,1771-10-19 04:00:00
204,"gegenliebe, jesu, christ, 1767, herz",3,1771-10-19 04:00:00
207,"leipzig, 1772, frankfurt, 8vo, berlin",2,1771-10-19 04:00:00
209,"thadäus, grittner, gestalten, gewest, burgerl",1,1771-10-19 04:00:00
210,"ordenscommenda, pressb, theatern, deutsche, wien",3,1771-10-19 04:00:00
211,"augsp, augsb, augsbug, conv, augs",3,1771-10-19 04:00:00
214,"erler, deutschen, latein, gesin, eheleute",2,1771-10-19 04:00:00
216,"exoffcio, befreunden, bestieg, schaftsvermögen, supplicirenden",2,1771-10-19 04:00:00
220,"bill, unterhause, bills, verlesen, fernerer",6,1771-10-19 04:00:00
222,"verwendet, messen, würde, sollen, werden",2,1771-10-19 04:00:00
226,"frauenstift, heil, zum, frauenstifts, frauenzimmer",2,1771-10-19 04:00:00
227,"subsidiensachen, bäckh, darwider, beschäftigt, itzo",2,1771-10-19 04:00:00
228,"fürstl, von, entschlieffe, cell, der",1,1771-10-19 04:00:00
230,"freundschaftlichst, fürkehren, beschehe, höchstpreislichen, hörige",1,1771-10-19 04:00:00
231,"einstiger, liquidirungstagsatzung, anmeld, july, bestimmet",1,1771-10-19 04:00:00
236,"scheschian, wielands, goldener, wahre, könige",1,1771-10-19 04:00:00
241,"burgl, ametschleger, senft, scherr, tausch",5,1771-10-19 04:00:00
243,"dokt, doct, erstbemeldter, schof, ling",6,1771-10-19 04:00:00
246,"verordnung, hochlöbl, 22sten, may, 20sten",3,1771-10-19 04:00:00
248,"fischabtragerinn, radingerinn, verlassenschaftsab, amtsverwalter, anzuhören",1,1771-10-19 04:00:00
249,"mart, märz, sontag, monats, march",1,1771-10-19 04:00:00
250,"rekr, widmann, cont, retzer, reconvent",2,1771-10-19 04:00:00
251,"versieht, schliessen, sitzung, parlament, erheben",1,1771-10-19 04:00:00
253,"reichslehenbaren, allodio, blutbannes, feudi, jrrung",1,1771-10-19 04:00:00
254,"fleischh, gesellschaftliches, frkf, vergnügen, frle",3,1771-10-19 04:00:00
256,"hungarn, kölln, stapulæstapulae, klari, mandatipunctojuris",2,1771-10-19 04:00:00
258,"sold, tschichin, heindl, cath, verkauft",2,1771-10-19 04:00:00
260,"bürgermeister, 27sten, landesfürstl, richter, rath",1,1771-10-19 04:00:00
262,"deutsche, baderische, obristpostamte, bestallungsweise, oberpostamt",2,1771-10-19 04:00:00
265,"nachtrag, diarium, lanahans, weltleute, 1772",3,1771-10-19 04:00:00
266,"zoller, medicinæmedicinaedoctoris, zimmergs, philos, stin",3,1771-10-19 04:00:00
267,"mader, wilh, 19, alt, lerchenf",1,1771-10-19 04:00:00
268,"parlament, monopolisten, ankäufer, parlamentssitzung, wohlfeilere",4,1771-10-19 04:00:00
270,"heumon, grundstücken, versteigerung, hauses, nun",1,1771-10-19 04:00:00
271,"grossglogau, bergerin, edikten, rathhause, alldort",1,1771-10-19 04:00:00
272,"rossau, ossberger, alsalt, bräuln, bibrach",2,1771-10-19 04:00:00
274,"kais, nied, von, gräflich, des",8,1771-10-19 04:00:00
275,"daira, orientale, parties, nouvelle, edition",1,1771-10-19 04:00:00
277,"fürstl, das, hoheit, hornung, durchl",1,1771-10-19 04:00:00
280,"stellter, adamischer, bernhard, reducirte, ziemend",2,1771-10-19 04:00:00
283,"1772, wien, may, aktum, april",31,1771-10-19 04:00:00
284,"serge, brodirten, färbig, purpur, stiefeln",1,1771-10-19 04:00:00
285,"angekündeten, durchl, todfall, betrübten, jhro",2,1771-10-19 04:00:00
287,"geschlafen, ruhig, ziemlich, nacht, folgen",1,1771-10-19 04:00:00
291,"leipzic, 1743, 1745, 1748, 1740",1,1771-10-19 04:00:00
292,"landesfürstl, landsfürstl, des, camm, grossfürstl",5,1771-10-19 04:00:00
294,"bestandskontract, amtskanzley, tragt, dortiger, näheren",2,1771-10-19 04:00:00
298,"fürstl, des, grast, von, dahin",2,1771-10-19 04:00:00
300,"zimm, alt, alle, winterm, wintermon",1,1771-10-19 04:00:00
308,"schneidermeisters, seel, schneidermeist, schneiderm, schneiderns",1,1771-10-19 04:00:00
310,"achbach, holzschur, invest, 52, holzinger",1,1771-10-19 04:00:00
311,"uneigennützige, entgeltlich, sehnlicher, verfas, bietet",1,1771-10-19 04:00:00
312,"mehret, verbessert, auflage, durchgehends, uebrigens",1,1771-10-19 04:00:00
313,"schulreini, umschaffung, leibarzte, nahm, 1747",1,1771-10-19 04:00:00
314,"österr, öster, nied, östl, von",13,1771-10-19 04:00:00
315,"schaftsblatt, innhaltlichen, pfänder, einkommenden, diess",1,1771-10-19 04:00:00
317,"betrachtun, stationen, nützliche, zwölf, heil",1,1771-10-19 04:00:00
318,"advocat, landgericht, gerichtl, ist, ein",2,1771-10-19 04:00:00
319,"juny, 4ten, fürstl, wird, maesstrom",1,1771-10-19 04:00:00
321,"sterhof, adtractandum, montserrater, kauflich, perchtoldstorf",2,1771-10-19 04:00:00
322,"wiederholete, hee, zuschauer, gereichen, überreichte",2,1771-10-19 04:00:00
327,"schaschatulle, tulle, leztern, 12000, seine",1,1771-10-19 04:00:00
328,"löbl, zum, bourne, reitenauer, von",3,1771-10-19 04:00:00
330,"fürstenmänteln, kro, ritten, fürstlichen, offenen",1,1771-10-19 04:00:00
333,"1765, 1767, 1766, wichenen, zinckin",2,1771-10-19 04:00:00
335,"erzbischöfl, marq, botschafter, , ",1,1771-10-19 04:00:00
337,"sonnabends, christmon, jenner, anhang, elbstrom",1,1771-10-19 04:00:00
340,"verkaufet, stunden, licitando, kauflustige, werden",1,1771-10-19 04:00:00
341,"1764, 1760, inhaberinn, eingelegt, kaufschilling",2,1771-10-19 04:00:00
344,"ledermeisternzuperchtold, sinirt, ätz, wurmischen, knappenstrassen",1,1771-10-19 04:00:00
348,"stift, heil, pens, hussard, weigner",2,1771-10-19 04:00:00
351,"brandenburg, marg, marggrafen, cons, mand",2,1771-10-19 04:00:00
352,"apost, nämlich, se, jhre, auch",4,1771-10-19 04:00:00
353,"posamentgs, pfandner, makeldt, pfründl, pfeifer",3,1771-10-19 04:00:00
354,"1771, basle, ergangenen, hochlöbl, vorigen",8,1771-10-19 04:00:00
356,"dividende, wintermon, mayland, setzet, bestimmen",3,1771-10-19 04:00:00
360,"judenpl, jordan, kayserl, jhro, am",1,1771-10-19 04:00:00
361,"huben, glückwünsche, angenommen, eigenen, ihrem",1,1771-10-19 04:00:00
362,"magd, fehringerin, wit, alt, ",3,1771-10-19 04:00:00
364,"fallenden, einschliessung, 2do, 1mo, termino",7,1771-10-19 04:00:00
368,"usong, orientale, torse, parigi, paris",2,1771-10-19 04:00:00
369,"invigiliren, wornach, recht, jeder, interessirter",3,1771-10-19 04:00:00
370,"reitknechte, kutscher, herrschaftspostil, lione, praterau",2,1771-10-19 04:00:00
377,"richten, wissen, wornach, jeder, wollen",8,1771-10-19 04:00:00
380,"nied, henn, nistrationsregistrat, admi, ",11,1771-10-19 04:00:00
382,"weyl, ihrs, dziali, merida, maiest",1,1771-10-19 04:00:00
384,"schwäbischwerth, fischens, fischbuch, conterfaitur, fronlehen",2,1771-10-19 04:00:00
389,"majeste, soussi, bustes, beaux, antiquites",1,1771-10-19 04:00:00
391,"appell, appel, lepper, warnemünde, dertaun",17,1771-10-19 04:00:00
398,"handlungsgesellschaft, ostindische, 3000, verfüget, 30000",1,1771-10-19 04:00:00
399,"brandenbur, commissariusgeneralis, landesadministration, amtsverwaltung, gische",3,1771-10-19 04:00:00
406,"richter, rath, landesfürstl, gräfl, rathgeb",4,1771-10-19 04:00:00
409,"würdigen, grundgerichts, schotten, lieben, stifts",6,1771-10-19 04:00:00
410,"bris, decem, nächstkünftigen, verordnung, nachmit",1,1771-10-19 04:00:00
412,"brücke, garigliano, them, kurfürstinn, fluss",2,1771-10-19 04:00:00
414,"verhypo, unterahrken, scherland, weigberger, seidenstrümpfwirkermeister",1,1771-10-19 04:00:00
415,"detto, jenem, terno, terni, estraten",2,1771-10-19 04:00:00
416,"hochlöbl, diess, seiten, bewilligung, genehmhal",1,1771-10-19 04:00:00
418,"burggrafen, kirchberg, cont, 22, kuefstein",1,1771-10-19 04:00:00
421,"1772, 1771273, 177273, 40451, erlangen",13,1771-10-19 04:00:00
423,"phil, philos, kengires, patrii, publ",5,1771-10-19 04:00:00
424,"haus, , , , ",1,1771-10-19 04:00:00
428,"1771, vienne, amsterdam, jänner, osterzell",2,1771-10-19 04:00:00
432,"einführungshandlung, nomis, astro, irrige, zumessen",3,1771-10-19 04:00:00
434,"einflechtschnür, nikolaerhaus, hallweilisch, beschlägt, pinenschöpfen",1,1771-10-19 04:00:00
435,"lebzelter, eigenthumlichen, eheconsortin, burgl, sabeth",1,1771-10-19 04:00:00
436,"majest, jhre, jhro, jh, nunmehrigen",1,1771-10-19 04:00:00
437,"entbindungszeichen, königinn, schwangerschaft, bottschaftern, erreichet",1,1771-10-19 04:00:00
439,"schw, , , , ",8,1771-10-19 04:00:00
441,"handunterschrift, jnsigl, bekräftiget, eigener, jnsiegel",1,1771-10-19 04:00:00
442,"offenen, landgerichts, thuen, landrichter, beysitzere",8,1771-10-19 04:00:00
444,"klosterneuburg, leopoldistifts, handenen, leopoldstadt, oberkammer",2,1771-10-19 04:00:00
446,"obbestimm, gottesackerl, achtl, simmering, obgedach",1,1771-10-19 04:00:00
447,"biskamp, berssner, behagel, cont, hack",2,1771-10-19 04:00:00
448,"taal, vers, word, lingier, englisch",1,1771-10-19 04:00:00
449,"stadtrichter, burgermeister, landesfürstl, rath, richter",1,1771-10-19 04:00:00
453,"1772, paris, 1761, tomes, edition",1,1771-10-19 04:00:00
460,"jahrtage, donnerstags, donnerstag, verflossenen, päbstl",1,1771-10-19 04:00:00
461,"willkommen, rom, majestäten, april, auss",1,1771-10-19 04:00:00
463,"chitekten, bassorilie, modellzimmer, senksenkbley, vorgrund",1,1771-10-19 04:00:00
464,"neugemachten, schwimmer, mausfarben, flechtzeug, fuchsen",2,1771-10-19 04:00:00
466,"milit, militvm, mixt, mixti, in",1,1771-10-19 04:00:00
468,"ausschuss, handlungsgesellschaft, kriegsetat, jnhabe, ausschusse",2,1771-10-19 04:00:00
473,"gestern, nahmen, vormittag, königl, printzes",2,1771-10-19 04:00:00
475,"rinecker, appell, riegele, ritschel, mütz",1,1771-10-19 04:00:00
479,"fleischhacker, oberneustifte, seel, gerichtl, meister",2,1771-10-19 04:00:00
480,"andert, allendliche, subclausulapræclusipraeclusi, frist, wöhnlichen",1,1771-10-19 04:00:00
483,"eiber, gewest, burgerl, georg, eodem",1,1771-10-19 04:00:00
484,"præterpraeter, titl, fidi, æternum, tribum",1,1771-10-19 04:00:00
486,"1771, potsdam, nürnberg, böhmen, 1762",2,1771-10-19 04:00:00
488,"integrum, activum, adel, accordiret, adnum",2,1771-10-19 04:00:00
502,"einfande, dreytägige, tiefester, kammerkapelle, ehrfurcht",1,1771-10-19 04:00:00
508,"krönungsmünze, sieht, bereits, münz, man",1,1771-10-19 04:00:00
516,"hindanngelassen, steinenkirchen, grassgarten, hofbauers, auersper",1,1771-10-19 04:00:00
518,"wochenblätter, leistet, zeitungen, vollkommenheit, respect",1,1771-10-19 04:00:00
528,"1770, automen, pfeifenspiele, zeigern, esistihmaucheine",4,1771-10-19 04:00:00
535,"marx, herst, hofmann, appell, adam",2,1771-10-19 04:00:00
547,"nunc, restitut, restit, versa, vice",2,1771-10-19 04:00:00
549,"rudolph, kipferer, ungarn, geschwistrigtkinder, kipfererische",2,1771-10-19 04:00:00
550,"verfertigung, unternommen, zeitung, gesellschaft, novemb",1,1771-10-19 04:00:00
552,"ther, alt, , , ",4,1771-10-19 04:00:00
553,"simmring, antensee, neuriesl, harwart, gottesäckerl",1,1771-10-19 04:00:00
561,"kirchengeschichte, geistl, magazin, staat, gebrauch",1,1771-10-19 04:00:00
562,"auszufeilen, verwilliget, meyten, prucknerisch, kuchelgartnern",2,1771-10-19 04:00:00
567,"erbsenhandl, auszufeilen, häringerhandel, zufeilen, meistbietenden",3,1771-10-19 04:00:00
577,"alsterb, alsterbach, am, , ",2,1771-10-19 04:00:00
578,"bürgermeister, rath, geben, vernehmen, wir",14,1771-10-19 04:00:00
579,"gefechts, unterschleife, abzuhelfen, gefährlichen, redet",2,1771-10-19 04:00:00
580,"1763, edictal, vorladung, ordnungsmässig, veran",1,1771-10-19 04:00:00
582,"ebenderselbe, gemahlten, band, seiden, sauber",1,1771-10-19 04:00:00
583,"meration, fehlende, ablangen, pränu, pränumerirt",1,1771-10-19 04:00:00
-1,"hungarn, deutschen, türken, deutsche, contra",1230,1773-05-20 08:00:00
0,"türken, feind, soltikow, oberste, geschlagen",45,1773-05-20 08:00:00
1,"leopst, tocht, schusterm, verh, alt",103,1773-05-20 08:00:00
2,"schiffe, schiffen, kriegsschiffe, schäffel, albanien",19,1773-05-20 08:00:00
3,"kirche, gottesdienste, landespatrons, advscat, jubiläuin",11,1773-05-20 08:00:00
4,"kästen, silber, gold, zinn, tische",38,1773-05-20 08:00:00
5,"königl, durchlauchtigste, majestät, majestäten, czernie",34,1773-05-20 08:00:00
6,"türken, russische, russischen, russen, russisch",19,1773-05-20 08:00:00
8,"cabinetel, eimmer, huberische, hauptgebäude, zimmer",5,1773-05-20 08:00:00
9,"pferde, pferden, paarweise, tressen, pferd",9,1773-05-20 08:00:00
10,"fluth, getöse, luft, regen, steuerhofe",9,1773-05-20 08:00:00
11,"entzündung, provocant, mittelspersonen, provocatus, stiele",9,1773-05-20 08:00:00
12,"deutschen, buchhandlung, buchhändlern, winklerischen, sprachen",13,1773-05-20 08:00:00
13,"schneid, scheffers, friedr, scheinbingin, reelsen",21,1773-05-20 08:00:00
14,"20ster, malaspina, turfoischer, akademit, turforscher",8,1773-05-20 08:00:00
15,"erfinders, franzosischentheaterohnehinterlassungeines, gedac, brinbringen, schützes",2,1773-05-20 08:00:00
16,"reigungen, verhofter, zweyfährigen, friedliebende, hagelschlag",4,1773-05-20 08:00:00
17,"anforderungen, genugsam, sprüche, verlassenschaft, bevollmächtigte",33,1773-05-20 08:00:00
18,"roma, feuer, bränden, anadome, einsprengen",7,1773-05-20 08:00:00
19,"kriegesschif, rongel, schönström, cabre, zeithers",3,1773-05-20 08:00:00
20,"durchl, wilh, guardarobba, didak, se",3,1773-05-20 08:00:00
21,"jnva, lidenhaus, home, haus, herrn",2,1773-05-20 08:00:00
22,"majest, ma, , , ",2,1773-05-20 08:00:00
23,"1721, 26ten, abbtissinn, frankfnrt, schlaitz",6,1773-05-20 08:00:00
24,"cum, pourguignon, dexterædexterae, adumbratio, constitutum",8,1773-05-20 08:00:00
25,"stimet, derember, nächstfolgenden, zelter, licitation",2,1773-05-20 08:00:00
26,"ungarn, schulen, privatschul, lehrämter, bissher",10,1773-05-20 08:00:00
27,"darzwischen, ungehin, rechtmassige, weissin, pfingstferien",4,1773-05-20 08:00:00
28,"flacho, poth, appellat, 11, gläubiger",1,1773-05-20 08:00:00
29,"anna, schitzin, seel, clara, maria",12,1773-05-20 08:00:00
30,"wochen, anforderungen, mettler, pollicepge, binnen",8,1773-05-20 08:00:00
31,"wollten, 1000, allda, sie, 5000",1,1773-05-20 08:00:00
33,"zweytemal, ehekonsor, grieb, 74sten, tinn",2,1773-05-20 08:00:00
34,"schrenk, unterthannen, stadtoberkammerer, fogenannten, gründau",4,1773-05-20 08:00:00
35,"alldiejenige, huberin, obbesag, präcise, schniermache",9,1773-05-20 08:00:00
36,"urorigens, sollgöttlichedauphindeinschild, nacheinerreihvonzeiten, begnadigung, preissschrift",5,1773-05-20 08:00:00
37,"perlas, reifenberg, commissionis, modo, karl",9,1773-05-20 08:00:00
38,"muyran, armenhaus, churfürstl, beede, grossen",2,1773-05-20 08:00:00
39,"kössler, marz, fuhrkn, koller, derohalben",2,1773-05-20 08:00:00
40,"frandf, frantzosen, frantzösische, frantzösischen, frantzösis",1,1773-05-20 08:00:00
41,"hofgerichts, gaub, ziegelofens, tensee, prai",4,1773-05-20 08:00:00
42,"andienz, weigerte, könig, republick, einwendete",9,1773-05-20 08:00:00
43,"summa, darunter, kind, person, personen",12,1773-05-20 08:00:00
45,"gedruckt, gleichfalls, bereits, papier, er",1,1773-05-20 08:00:00
47,"maz, reichstages, merkwürdigsten, montage, brachmonat",3,1773-05-20 08:00:00
48,"weinm, disjährige, weinlessferien, rosinen, wein",6,1773-05-20 08:00:00
49,"fernerischen, novombris, appoldischen, meistbithen, slawietinische",1,1773-05-20 08:00:00
50,"siedner, erhöbten, lohntafel, rechnungstabelle, goldsorten",1,1773-05-20 08:00:00
51,"trebnitz, septemb, oktob, september, den",2,1773-05-20 08:00:00
52,"sechs, trio, piatti, kamell, quardetten",1,1773-05-20 08:00:00
53,"burgerl, dussell, bep, schmidt, andreas",2,1773-05-20 08:00:00
54,"röm, kais, römischen, von, rom",1,1773-05-20 08:00:00
56,"königl, xxxandem, kolonins, gxxxllxxx, jglau",18,1773-05-20 08:00:00
57,"gefrept, perfetta, berrin, gertr, erth",5,1773-05-20 08:00:00
58,"rathstag, behandlung, abzuwarten, sässen, folglich",16,1773-05-20 08:00:00
59,"französchen, bothschafters, neapolitan, französ, edelleuten",4,1773-05-20 08:00:00
60,"knöpfmachermeister, creditspar, ad, unbekann, deret",5,1773-05-20 08:00:00
61,"1259, nachrichten, daselbst, geben, es",1,1773-05-20 08:00:00
63,"vokal, jnstrumeutalmusik, chöre, trompetenschall, marstalle",2,1773-05-20 08:00:00
64,"kupf, kupfers, salzwerkssachen, zinnung, physikalisch",3,1773-05-20 08:00:00
65,"türken, türkischen, kroatien, aga, türkisches",12,1773-05-20 08:00:00
68,"novemb, licitation, 30te, november, novembr",12,1773-05-20 08:00:00
69,"lagd, hirsch, gräfl, ganzen, amtskanzley",2,1773-05-20 08:00:00
73,"rathen, darum, sie, an, ",2,1773-05-20 08:00:00
74,"juden, wagner, ansprüchen, fruktificirt, grundemannische",5,1773-05-20 08:00:00
78,"derzum, bestimmtesaalwaraufsprächtigstebemaltund, bessangen, litarischen, nachbarten",1,1773-05-20 08:00:00
80,"freytage, kais, geruheten, jhre, am",1,1773-05-20 08:00:00
82,"moncalier, artois, prinzessinn, haupigasse, concezione",3,1773-05-20 08:00:00
83,"chaville, appelli, parken, jnstanz, meudon",3,1773-05-20 08:00:00
84,"nuntius, nuntii, fatschen, kehrte, stieg",22,1773-05-20 08:00:00
86,"bordoni, winterl, feyertägliche, sonntägliche, wälschen",2,1773-05-20 08:00:00
87,"dienstag, novemb, oktob, october, den",1,1773-05-20 08:00:00
88,"verlantet, lässlich, hofpostkommission, begnädigte, untersuchte",3,1773-05-20 08:00:00
89,"facimerosos, presbyteros, clericosinsuadiæcesidiaecesi, plectendi, incarcerandi",4,1773-05-20 08:00:00
90,"deutschen, zül, deutsche, verstrorbenen, punctodecimationis",4,1773-05-20 08:00:00
95,"schusterin, bäckenh, session, dritte, alt",2,1773-05-20 08:00:00
97,"gräfl, von, der, sephst, lilien",2,1773-05-20 08:00:00
98,"landrechte, jeden, van, schlöss, wepl",4,1773-05-20 08:00:00
99,"pöllin, licit, amort, essenzen, allerh",1,1773-05-20 08:00:00
100,"hockhischen, loitz, haimstetten, hochfürstl, jnhibitionsschein",1,1773-05-20 08:00:00
102,"alt, fütterers, burgerspitlal, bauermmarkt, stadt",8,1773-05-20 08:00:00
103,"sarlandier, jdem, punctomoratorii, pil, gram",3,1773-05-20 08:00:00
104,"letztemal, eigens, rathstag, verhindernissen, sässen",14,1773-05-20 08:00:00
105,"oberstall, leydiener, lonque, kanzlisten, neus",3,1773-05-20 08:00:00
108,"passan, 1757, 1753, 1751, 1752",1,1773-05-20 08:00:00
109,"steuerkunst, dorck, kitts, welttheilen, wohnt",1,1773-05-20 08:00:00
110,"stor, cou, rier, mont, 21sten",1,1773-05-20 08:00:00
112,"hüteldorfer, mehlmahlen, windmühle, verkaufen, mathematische",5,1773-05-20 08:00:00
113,"jeitl, marth, stoller, freyherrl, reis",2,1773-05-20 08:00:00
114,"salniter, pulverwesens, febr, jnspektor, errichtet",2,1773-05-20 08:00:00
115,"unterhans, sterl, abgabe, 26sten, million",2,1773-05-20 08:00:00
116,"jn, stadt, der, fruh, neu",11,1773-05-20 08:00:00
117,"mitwochs, verhöre, festzusetzen, 21sten, april",2,1773-05-20 08:00:00
120,"hochritterlich, russbergerweine, paltaufischen, stettnerischen, junp",1,1773-05-20 08:00:00
121,"stiefso, anro, vet, 101, anemoni",1,1773-05-20 08:00:00
122,"böhmen, josepha, mickenberg, beneiden, jndenspitt",5,1773-05-20 08:00:00
123,"auszufeilen, ehedessen, burgermeister, angeordnete, sepe",9,1773-05-20 08:00:00
126,"speik, heinzenderferin, schulmeist, finck, korpor",2,1773-05-20 08:00:00
129,"fideicommisfolger, fideicommisguts, niessbrauch, revertire, niederkühschmalz",2,1773-05-20 08:00:00
130,"franz, weisswasser, demm, gärbern, arzney",6,1773-05-20 08:00:00
132,"kaiserl, kaisersthée, kaiserspit, 69, 43",1,1773-05-20 08:00:00
134,"rühmliches, hofer, nachfolger, beyspiel, burgl",2,1773-05-20 08:00:00
135,"math, braunecker, alt, 430, dem",3,1773-05-20 08:00:00
136,"tagl, tagk, raibel, greisler, gimplin",5,1773-05-20 08:00:00
137,"caglia, marmora, wintenm, bekleiden, bothschafters",2,1773-05-20 08:00:00
138,"1773, 1773ste, leomanstorf, laufende, strass",29,1773-05-20 08:00:00
139,"burgermeister, rath, vernehmen, geben, jedermann",16,1773-05-20 08:00:00
140,"benj, kaiserl, ward, amtskanzley, beyden",6,1773-05-20 08:00:00
141,"ursulinerinenkloster, gusshauses, seilerstatt, sitziger, zeughaus",1,1773-05-20 08:00:00
142,"bissreiter, schoffes, spanisch, madrid, mariahilf",3,1773-05-20 08:00:00
144,"juden, jglauerkauf, gallantha, verorenet, ehprurgo",1,1773-05-20 08:00:00
145,"gewalttrager, behörig, versehenen, unbedenklich, falle",13,1773-05-20 08:00:00
147,"2dæ2dae, bothschafters, cors, theile, hautb",2,1773-05-20 08:00:00
149,"octob, caschau, wien, den, extrablat",3,1773-05-20 08:00:00
153,"küusern, ordnetgewestelieitgtionstagsatzungausmangel, zugetrieben, umliegen, kuhe",3,1773-05-20 08:00:00
155,"erwieder, anständiges, kompliment, danksagungs, jnfanten",1,1773-05-20 08:00:00
157,"tieses, wichtig, dinge, eingegangen, beziehen",1,1773-05-20 08:00:00
159,"abwesenden, regierung, gegenwärtig, daran, gelegen",3,1773-05-20 08:00:00
160,"wicke, hausinhab, hauptm, alt, hausfr",1,1773-05-20 08:00:00
161,"löbl, frepherrl, seiten, des, zarus",3,1773-05-20 08:00:00
162,"braunschw, orakel, operette, gellerts, setzt",1,1773-05-20 08:00:00
163,"ungarn, caschau, stellten, aufge, kais",1,1773-05-20 08:00:00
164,"herbstm, lissabon, lisabon, portugal, portugall",1,1773-05-20 08:00:00
165,"geschmücket, hoflaquayen, wagenmeist, holte, wagen",4,1773-05-20 08:00:00
166,"regirrung, leidel, hochfurstliche, eichstädt, appellat",1,1773-05-20 08:00:00
170,"casali, ordina, ostrog, orsini, gegenstande",2,1773-05-20 08:00:00
172,"cath, eva, stief, , ",5,1773-05-20 08:00:00
173,"festtag, fronleich, nam, betrachtung, geistlicher",2,1773-05-20 08:00:00
176,"elis, harder, elion, jacobi, aria",2,1773-05-20 08:00:00
177,"forsterin, hausinhaberin, catharina, käuflich, hausihaberin",4,1773-05-20 08:00:00
179,"dasszumaldasanderegeschlechtan, litesten, annzehmlichkeit, vergoldungen, nachgeben",2,1773-05-20 08:00:00
180,"struggl, gerichtsadvo, katen, superintendenten, burgerspitals",1,1773-05-20 08:00:00
181,"krammerin, jnstrukt, punctosalviconductus, ama, krauss",3,1773-05-20 08:00:00
182,"feuerwerk, concert, überraschten, unzählbarer, geschmucket",3,1773-05-20 08:00:00
185,"scheyb, portrait, schweitz, heil, auss",2,1773-05-20 08:00:00
186,"nuncdenegatædenegataerestitutionisinintegrum, plauen, sachsengotha, koadjutorinn, jüngerer",2,1773-05-20 08:00:00
187,"ungarn, taschner, stainbach, staatsrechte, gebmanns",2,1773-05-20 08:00:00
188,"justitiariatamts, 40591, nannter, ediktaliter, peremtorie",4,1773-05-20 08:00:00
189,"augsburg, frankfurt, deutschen, hamburg, deutschland",1,1773-05-20 08:00:00
190,"cath, alt, catharina, catholis, cathar",6,1773-05-20 08:00:00
191,"ahwesenheit, sententiampromortuo, rarphause, rechtfer, schuncke",1,1773-05-20 08:00:00
197,"wornach, hüten, schaden, achten, wissen",4,1773-05-20 08:00:00
199,"zlucke, niemanden, veranlassung, unbekannt, bedacht",2,1773-05-20 08:00:00
200,"juden, handlungsgeschäfte, benslehre, fasst, brüdern",1,1773-05-20 08:00:00
201,"löbl, lobl, traget, alsa, belieben",12,1773-05-20 08:00:00
203,"kind, darunter, brachm, nachricht, mutter",6,1773-05-20 08:00:00
204,"christ, heiligspre, prozessen, chung, eiler",10,1773-05-20 08:00:00
205,"barb, dietzin, noe, barbarey, alt",6,1773-05-20 08:00:00
207,"leipzig, hess, 1773, berlin, genérale",8,1773-05-20 08:00:00
209,"stöckl, wied, lerchenf, tagl, alt",2,1773-05-20 08:00:00
210,"brachmon, tafeln, wien, deutsche, residenzstadt",2,1773-05-20 08:00:00
211,"augsb, augsp, 16, augsbug, conv",6,1773-05-20 08:00:00
212,"bls, 40000, korps, 20000, 2000",1,1773-05-20 08:00:00
216,"frischerin, strick, strodl, stoll, schodterer",1,1773-05-20 08:00:00
218,"böhmen, hladenek, oberlieutenant, auditor, derungswillen",3,1773-05-20 08:00:00
223,"frankf, frank, sebastian, gehollten, torik",1,1773-05-20 08:00:00
225,"groschop, leopold, leopoldst, seel, jene",2,1773-05-20 08:00:00
226,"frauenstift, drehet, vornehmes, presspartbey, parfumirt",4,1773-05-20 08:00:00
227,"kanonschüssen, 31, hoheiten, allg, alt",1,1773-05-20 08:00:00
230,"gewünschte, sehl, kupsers, isi, eingeentwortet",6,1773-05-20 08:00:00
231,"veranlassung, juni, löbl, eines, bewilligung",1,1773-05-20 08:00:00
236,"krongrosssekretair, neapolitanischen, verlesen, bruder, fürsten",2,1773-05-20 08:00:00
241,"burgl, liebeman, kampmüllnerin, emeric, tury",10,1773-05-20 08:00:00
242,"priest, päpstl, verhörs, selbst, priesters",4,1773-05-20 08:00:00
246,"verordnung, juni, löbl, eines, werden",2,1773-05-20 08:00:00
248,"anzuhören, nothwendig, möchten, ledigen, schahingerin",4,1773-05-20 08:00:00
249,"mart, vorderst, märz, alt, sontag",2,1773-05-20 08:00:00
250,"reust, cont, am, retzer, im",2,1773-05-20 08:00:00
254,"frtf, frepsinger, rediret, rosmarina, frepherrn",3,1773-05-20 08:00:00
258,"sold, filtz, brüller, verabschiedter, wenzl",4,1773-05-20 08:00:00
260,"aemterverwalter, stadtrichter, bürgermeister, landesfürstl, beyder",1,1773-05-20 08:00:00
261,"garner, burgs, alt, gefängnisse, trettungsfälle",1,1773-05-20 08:00:00
265,"summlung, grundsatzen, 1771, chapuset, schlesische",4,1773-05-20 08:00:00
272,"rossau, hauserin, holzbauer, just, cathar",3,1773-05-20 08:00:00
273,"verlegt, gegenwärtiger, angenehmen, ghelenschen, stockholm",1,1773-05-20 08:00:00
274,"kais, nied, des, von, gräflich",1,1773-05-20 08:00:00
277,"macuer, hausm, hoheit, alt, hornung",1,1773-05-20 08:00:00
283,"1772, wien, may, aktum, april",2,1773-05-20 08:00:00
286,"hofbefr, quspulch, richter, markt, rath",3,1773-05-20 08:00:00
289,"palaste, taxischen, abfuhr, palast, kunft",1,1773-05-20 08:00:00
292,"landesfürstl, grossfürstl, landsfürstl, camm, palatinal",3,1773-05-20 08:00:00
296,"lotterien, mode, uber, gemählde, frankf",1,1773-05-20 08:00:00
298,"fürstl, des, grast, von, dem",4,1773-05-20 08:00:00
300,"wintergäss, wintermon, kind, winterm, winter",2,1773-05-20 08:00:00
302,"griechen, nichtunirten, mischkatholischen, ausgedrück, zufriedenstellung",1,1773-05-20 08:00:00
308,"schneiderm, schneidermeist, schneiderns, schneider, eulog",1,1773-05-20 08:00:00
310,"sixtuors, holzbauer, drey, holzinger, hofmann",1,1773-05-20 08:00:00
311,"stiftskanzley, vermogen, gewärtigen, erachtet, verabfolget",1,1773-05-20 08:00:00
313,"1746, wien, 1731, 1730, 1741",2,1773-05-20 08:00:00
315,"verfassers, zeinge, barauf, 1774, auction",2,1773-05-20 08:00:00
317,"beendiget, festgesetzet, glaubt, ta, einigen",1,1773-05-20 08:00:00
318,"claufulirte, deremb, gerichtsadvokaten, allerdings, foderung",1,1773-05-20 08:00:00
319,"juny, freptag, 18ten, nats, diess",3,1773-05-20 08:00:00
321,"stiftsgrundbuch, liebhabere, sothanen, diesseitigen, klagenden",5,1773-05-20 08:00:00
322,"herzogl, audienz, wohin, zimmer, ihm",1,1773-05-20 08:00:00
323,"menschenmöglich, nerlich, obengedachten, reichthümer, zuwachsen",1,1773-05-20 08:00:00
330,"aufgepflanz, präjentirten, gemä, vorbeygehen, treppen",1,1773-05-20 08:00:00
332,"geringerer, cent, schwer, gattung, halben",1,1773-05-20 08:00:00
333,"1767, 1766, 1765, wichenen, zinckin",2,1773-05-20 08:00:00
335,"erzbischöfl, marq, botschafter, , ",2,1773-05-20 08:00:00
339,"privleg, 40, gebund, 20, steif",3,1773-05-20 08:00:00
341,"1760, 1764, hässliche, weiber, frofroher",2,1773-05-20 08:00:00
346,"brachmon, verbrannt, gleichfalls, kinder, drey",1,1773-05-20 08:00:00
348,"cäcil, kins, pens, stift, heil",1,1773-05-20 08:00:00
349,"saniyni, bedient, behaust, schlafrockschneiders, fitta",1,1773-05-20 08:00:00
352,"apost, auch, nämlich, se, jhre",2,1773-05-20 08:00:00
354,"1771, terische, hofstadtbehausung, haftend, schuldenlast",5,1773-05-20 08:00:00
355,"wennmandichfeinundartigpreisst, nunweisstduwasesheisst, kotilli, reizt, herrr",2,1773-05-20 08:00:00
356,"diess, gerichtl, jahrs, jahren, jahr",1,1773-05-20 08:00:00
357,"zug, fantabo, tenschall, woselbstalsdannaneiner, kostbarbesetztenprächtigentaselgespeiset",3,1773-05-20 08:00:00
359,"lustige, tpieren, jagdkunst, jagekunst, vogeln",2,1773-05-20 08:00:00
362,"magd, fehringerin, wit, alt, ",4,1773-05-20 08:00:00
364,"3tioperemptorio, termino, 2do, 1mo, glaubigern",3,1773-05-20 08:00:00
369,"invigiliren, wornach, richten, bestens, jnteressirter",4,1773-05-20 08:00:00
370,"nabarn, beleidibeleidigen, anerkenntniss, bindlichkeit, beleidigen",1,1773-05-20 08:00:00
371,"deleg, des, clavier, detto, abschrift",3,1773-05-20 08:00:00
373,"buchdruckern, oriental, hofbuchdruckern, kurtzböcken, hof",1,1773-05-20 08:00:00
375,"abschiedsaudienzen, sardinischer, abgehet, charakter, bottschafter",1,1773-05-20 08:00:00
376,"apoll, venus, jupiter, stralen, planet",1,1773-05-20 08:00:00
377,"wornach, richten, wissen, jeder, weisst",5,1773-05-20 08:00:00
382,"namens, ihrs, dziali, merida, maiest",1,1773-05-20 08:00:00
384,"fischerstieg, nächst, fischen, fisch, fischkäuflerin",1,1773-05-20 08:00:00
389,"kriegsbaukunst, kupfertafeln, 1767, anweisung, 22",2,1773-05-20 08:00:00
395,"1773, 1775, may, april1773, auszugs",8,1773-05-20 08:00:00
397,"grünwidlin, musik, oper, parodie, music",1,1773-05-20 08:00:00
398,"30000, korn, wir, 3000, haben",1,1773-05-20 08:00:00
400,"kais, kumin, ludov, serl, kuhr",4,1773-05-20 08:00:00
404,"math, calculat, kind, alt, ",7,1773-05-20 08:00:00
406,"richter, rath, rathgeb, landesfürstl, mehling",5,1773-05-20 08:00:00
407,"platzmajor, lackenanische, claufulerten, ckenau, gewohnlich",1,1773-05-20 08:00:00
412,"samaritanin, bekanntes, denk, hergestellet, brücke",1,1773-05-20 08:00:00
414,"dienstbar, bergfeld, sulzfeld, pittermannsdorfer, joch",1,1773-05-20 08:00:00
415,"terni, jenem, terno, deto, estraten",5,1773-05-20 08:00:00
417,"band, pränumerirt, sonnabende, geschlossen, wöchentlich",4,1773-05-20 08:00:00
418,"kritzky, ruperstorf, brucke, burgl, markt",1,1773-05-20 08:00:00
421,"1772, 1771273, 177273, 40451, erlangen",5,1773-05-20 08:00:00
423,"phil, rossan, rühmte, lübeck, philadelphia",3,1773-05-20 08:00:00
425,"leop, leonh, alt, morbis, valentin",2,1773-05-20 08:00:00
429,"tagt, wagner, georg, alt, wagneris",1,1773-05-20 08:00:00
432,"bewand, neuig, erhebliche, keiten, versprechen",1,1773-05-20 08:00:00
440,"landbothe, hungarn, starodub, tyniew, priez",2,1773-05-20 08:00:00
441,"jnquisitors, neral, ge, jnsiegel, jsabella",1,1773-05-20 08:00:00
442,"offenen, landgerichts, thuen, wasgestalten, bepsitzere",4,1773-05-20 08:00:00
445,"exemplarien, vorausbezahlten, abdrucken, zerreissen, ueberhaupt",2,1773-05-20 08:00:00
446,"obbestim, herrschafts, traget, hiesig, kanzley",1,1773-05-20 08:00:00
448,"term, vers, word, lingier, englisch",1,1773-05-20 08:00:00
449,"stadtrichter, burgermeister, wienerisch, rath, landesfürstl",1,1773-05-20 08:00:00
450,"boo, lenamte, allerhöchstdieselben, see, verspühret",2,1773-05-20 08:00:00
452,"nikol, nichts, tluckische, nepom, nietsch",1,1773-05-20 08:00:00
453,"1753, paris, 1761, tomes, 1758",1,1773-05-20 08:00:00
459,"kupf, cassale, krems, vendôme, wäre",1,1773-05-20 08:00:00
464,"sitzgabel, aschfarben, spritzleder, reispirutsch, reisen",1,1773-05-20 08:00:00
466,"milit, mixt, militvm, mixti, in",1,1773-05-20 08:00:00
467,"kotill, dich, lob, kein, für",1,1773-05-20 08:00:00
468,"ausschüssen, augesehen, prüsung, berichte, ausschusse",2,1773-05-20 08:00:00
470,"kochbuch, 1500, neues, grundbuche, mehr",1,1773-05-20 08:00:00
472,"hochfürstl, hochwürd, wegen, einem, einer",2,1773-05-20 08:00:00
476,"nachricht, löschenkohl, signat, meldbrief, sign",1,1773-05-20 08:00:00
479,"fleisch, fleischm, hackers, aufgeyort, fleischlieferungen",3,1773-05-20 08:00:00
480,"commendantens, allendlichen, frist, giment, anberaumet",1,1773-05-20 08:00:00
482,"les, passer, octaves, mysteres, saintement",1,1773-05-20 08:00:00
483,"rezynt, klitschka, pacha, effendi, gefan",1,1773-05-20 08:00:00
486,"nürnberg, 1771, böhmen, 1762, pastell",2,1773-05-20 08:00:00
492,"stimmer, erzherzogl, präcise, licitationstagsatzung, diess",3,1773-05-20 08:00:00
496,"freidinger, eisentandls, wilh, oesterr, oester",2,1773-05-20 08:00:00
497,"margareth, margaret, lady, alt, poppin",1,1773-05-20 08:00:00
500,"terminus, anzurechnen, septemb, july, wovon",1,1773-05-20 08:00:00
502,"residonz, gazzi, rauf, erzbi, gottesdienste",1,1773-05-20 08:00:00
514,"schich, würkl, schuhm, schäl, abök",1,1773-05-20 08:00:00
517,"nürnb, dean, nordmark, wirtens, gr",1,1773-05-20 08:00:00
519,"wolfg, alt, glaserergewölb, kärntnerstrasse, wolf",2,1773-05-20 08:00:00
522,"rthlr, rthkr, rthl, , ",2,1773-05-20 08:00:00
523,"hochlöbl, verordnung, einer, hochwürd, auf",2,1773-05-20 08:00:00
527,"diamantener, weph, burggassen, kärntnerstrassen, tropfen",1,1773-05-20 08:00:00
528,"1770, automen, pfeifenspiele, zeigern, esistihmaucheine",2,1773-05-20 08:00:00
530,"mujestät, zulegen, besuche, tripoli, tunis",1,1773-05-20 08:00:00
532,"berlin, wintermonat, schau, errichtet, akademie",1,1773-05-20 08:00:00
534,"niederlassen, lazarus, angesuchet, stadtmagistrat, herrschaf",2,1773-05-20 08:00:00
535,"marx, wint, ermon, pernpkarz, summa",3,1773-05-20 08:00:00
536,"andre, mariah, kind, schuster, weingarten",1,1773-05-20 08:00:00
540,"mariah, auster, sterng, alt, pauer",4,1773-05-20 08:00:00
542,"1774, allergerechtest, rescripts, erlassenen, bewogen",4,1773-05-20 08:00:00
548,"männchens, missin, vorreiber, holz, chatoulle",1,1773-05-20 08:00:00
550,"kundgemachte, angesetzt, dreymal, zeitungen, gewesene",1,1773-05-20 08:00:00
551,"geister, glaub, lärm, mach, leute",1,1773-05-20 08:00:00
552,"ther, alt, , , ",9,1773-05-20 08:00:00
555,"alienieine, ckenstrassen, harteggischen, waisenabhandlungscommission, gräflich",1,1773-05-20 08:00:00
562,"auszufeilen, verwilliget, curatoris, aufgestellt, hutsteppergässl",5,1773-05-20 08:00:00
567,"erbsenhandel, zufeilen, untersätzel, nussen, schwim",2,1773-05-20 08:00:00
571,"alsterg, theres, vivat, , ",1,1773-05-20 08:00:00
572,"vorzuladen, einzuberufen, einzuberuffen, fürzuladen, beschluss",3,1773-05-20 08:00:00
574,"erzherzogl, bischöfl, erzherzogin, colockza, kohlanin",2,1773-05-20 08:00:00
577,"alsterb, am, alsterbach, , ",1,1773-05-20 08:00:00
580,"1763, behodene, einantwortungserinnerung, oppignorirt, bieses",1,1773-05-20 08:00:00
-1,"deutschen, deutsche, ungarn, hungarn, griechen",1012,1774-12-20 12:00:00
0,"gage, boston, rebellen, truppen, korps",50,1774-12-20 12:00:00
1,"päbstl, mitanzuhören, ganthandganthandlung, ausdrückausdrückte, verdross",25,1774-12-20 12:00:00
2,"türken, schiffe, seeleute, hafen, flotte",25,1774-12-20 12:00:00
3,"kirche, messe, prozession, heiligen, kirchen",27,1774-12-20 12:00:00
4,"verkauft, verschiedene, nachmittag, frauenkleider, kästen",26,1774-12-20 12:00:00
5,"königl, majestät, kronmarschallinn, grossoffi, staatskutsche",22,1774-12-20 12:00:00
6,"türken, russen, moskau, russland, russische",10,1774-12-20 12:00:00
8,"zimmer, kuchel, ebener, erde, keller",29,1774-12-20 12:00:00
9,"pferde, pferden, pferd, stoffenen, pipping",11,1774-12-20 12:00:00
10,"ungarn, wasser, pest, ofen, schaden",23,1774-12-20 12:00:00
11,"stimme, seufzte, wogen, ihn, berge",15,1774-12-20 12:00:00
12,"deutschen, deutsche, kupferstichen, büchern, buchhandlung",11,1774-12-20 12:00:00
13,"ebern, schwindl, bestandwirth, schönberg, kranz",2,1774-12-20 12:00:00
14,"geichichte, wirzb, lehrbuch, philosophischen, hungarn",1,1774-12-20 12:00:00
16,"gott, barmherzigkeit, dorffchaften, verdammt, reichseides",7,1774-12-20 12:00:00
17,"genugsam, bühret, widrigen, konsistorialkanzley, tigte",12,1774-12-20 12:00:00
18,"deutschen, feuer, kriegsgetöss, mörser, brand",13,1774-12-20 12:00:00
19,"finlandischen, thern, ovieco, schwedisch, hierselbst",2,1774-12-20 12:00:00
22,"majest, ma, , , ",1,1774-12-20 12:00:00
23,"1723, inhi, cuny, birten, adnrumcundem",1,1774-12-20 12:00:00
24,"physiologia, cœtibuscoetibus, naturalibus, marianis, animalis",3,1774-12-20 12:00:00
26,"präto, rius, gerichtliche, consistorialverlass, kationsedikten",6,1774-12-20 12:00:00
27,"warasdin, zeitfrist, eingeraumten, waltträger, nenden",5,1774-12-20 12:00:00
28,"aufdernoblengallerie, beymeingangzahltjede, vorreiter, kutscher, gläubiger",1,1774-12-20 12:00:00
29,"seel, kirchmayrin, dirndorferin, eau, anna",8,1774-12-20 12:00:00
30,"wochen, binnen, täg, obligation, jahr",10,1774-12-20 12:00:00
31,"nrum, 4tum, ansatz, idem, obiger",1,1774-12-20 12:00:00
35,"hofball, heiss, abends, heumonat, zutritt",5,1774-12-20 12:00:00
36,"blühen, blume, blumen, bäumen, trächtig",9,1774-12-20 12:00:00
39,"lit, thauische, chreprowicz, unterkanzler, kahnen",2,1774-12-20 12:00:00
42,"duel, aufwande, verzierungen, ungewöhnlich, liren",5,1774-12-20 12:00:00
43,"zugehören, aufgefangen, lebendige, neuhäusel, summa",1,1774-12-20 12:00:00
44,"association, aktien, englän, vorgeschlagen, londen",2,1774-12-20 12:00:00
45,"bedrucken, jnfiegel, genhändig, urkundlich, serm",1,1774-12-20 12:00:00
47,"heumonat, samstags, mittwoch, vormittags, gräfl",2,1774-12-20 12:00:00
48,"wein, weggiessen, konsekriren, diessmal, musste",2,1774-12-20 12:00:00
50,"lotterieverwaltung, absätzen, 33, schein, besteht",1,1774-12-20 12:00:00
53,"babitsch, burgerl, jgnatz, bey, burgersp",1,1774-12-20 12:00:00
54,"claudiusdebareille, prälatens, kolonna, lorenzo, mathäus",2,1774-12-20 12:00:00
56,"königl, xxxandem, kolonins, gxxxllxxx, jglau",4,1774-12-20 12:00:00
57,"korinth, französ, jänner, gebeth, carolivi",2,1774-12-20 12:00:00
58,"rathstag, behandlung, sässen, abzuwarten, amtsschreiber",15,1774-12-20 12:00:00
60,"wenn, kassenbe, vorgesetzten, schulden, quartalgehalts",11,1774-12-20 12:00:00
63,"tonkünstlern, beyfalie, vokalmusik, kommenem, gepriesen",2,1774-12-20 12:00:00
69,"gräst, gräfl, von, reis, der",2,1774-12-20 12:00:00
70,"121, gewachsen, 70, ungefehr, schön",1,1774-12-20 12:00:00
74,"ungarn, nepomuk, huber, struirter, verbliechenen",8,1774-12-20 12:00:00
75,"sonnabend, juni, mittwoch, july, augusti",2,1774-12-20 12:00:00
80,"freytage, vergangenen, andacht, anfang, gemacht",1,1774-12-20 12:00:00
83,"rötz, melden, stadt, an, städten",2,1774-12-20 12:00:00
84,"nuntius, grosskammerherrn, calcagnint, archinto, herzan",2,1774-12-20 12:00:00
88,"vorle, konseil, projekte, kommissionen, permanent",1,1774-12-20 12:00:00
89,"assessoratstelle, maccarani, beehrte, hofgericht, gelegenhei",1,1774-12-20 12:00:00
90,"deutschen, wulfischen, lexicons, twiete, franco",1,1774-12-20 12:00:00
96,"salzbehältniss, salzbehältnisse, jtzt, salzkammern, unaufhaltliche",5,1774-12-20 12:00:00
97,"gräfl, von, der, sephst, lilien",6,1774-12-20 12:00:00
98,"jeden, majestäst, landrecht, recht, grafschaften",4,1774-12-20 12:00:00
101,"willemstadt, transportschiffe, holland, brachm, englische",1,1774-12-20 12:00:00
104,"letztemal, sässen, eigends, hören, entschlossen",5,1774-12-20 12:00:00
106,"kriegsfeuer, aufzulodern, unterwer, akten, schlusse",1,1774-12-20 12:00:00
110,"adhe, tervoeren, luftschlosse, montfaucon, mittage",1,1774-12-20 12:00:00
112,"vorstade, pfänl, lämmelwirthshaus, senhuttischen, kellermann",2,1774-12-20 12:00:00
113,"freyherrl, bürgerl, wieden, herrs, gerarde",4,1774-12-20 12:00:00
114,"mölterhof, schottenthore, verschobene, febr, angezeigte",1,1774-12-20 12:00:00
115,"peergerichten, auflau, fende, schatzkammer, leichtlich",1,1774-12-20 12:00:00
117,"rechtslauf, währte, april, fernere, grätz",2,1774-12-20 12:00:00
120,"gebürgweine, fixelhof, 850, freythof, consistoriums",1,1774-12-20 12:00:00
122,"aloysick, sis, thoma, josephä, seel",1,1774-12-20 12:00:00
123,"ehedessen, verwilliget, auszufeilen, burgermeister, abermal",12,1774-12-20 12:00:00
126,"eau, jnteressirte, susanna, nannten, obbe",1,1774-12-20 12:00:00
129,"brüderfrauen, zwo, brüderfrau, gevater, kirchspiele",4,1774-12-20 12:00:00
131,"madame, klotilde, reims, begleiten, dame",1,1774-12-20 12:00:00
133,"lederer, moralische, gebeth, 1774, gedanken",1,1774-12-20 12:00:00
134,"beförderun, hoym, expres, gage, hofe",4,1774-12-20 12:00:00
139,"burgermeister, rath, vernehmen, geben, zimmermannin",3,1774-12-20 12:00:00
140,"lantet, kaiserl, befehlen, böhmen, jhre",5,1774-12-20 12:00:00
144,"aicholt, theresianum, aloysius, 25ten, trautmannsdorf",1,1774-12-20 12:00:00
145,"behörig, gewalttrager, vorgegangen, falle, glauben",8,1774-12-20 12:00:00
151,"excell, nürnberg, cont, 31, statt",2,1774-12-20 12:00:00
152,"stiftungsherrschaft, eckischen, bschaidner, gold, azgersdorf",1,1774-12-20 12:00:00
153,"habse, vieh, brüllen, ligkeiten, erschröcklich",2,1774-12-20 12:00:00
157,"mitgetheilt, lesern, erlauben, ausführliche, sobald",1,1774-12-20 12:00:00
159,"regierung, abwesenden, gegenwärtig, daran, etwo",3,1774-12-20 12:00:00
161,"löbl, des, von, zarus, frepherrl",6,1774-12-20 12:00:00
163,"ungarn, böheim, böhmen, königl, ungarischen",1,1774-12-20 12:00:00
164,"lisabon, april, portugal, portugall, lissabon",1,1774-12-20 12:00:00
169,"wiro, überbringt, reuter, begleiten, brief",1,1774-12-20 12:00:00
170,"wasserkur, orlow, gregor, brachm, rei",1,1774-12-20 12:00:00
175,"gemahlinn, erzherzog, ferdinand, erwarten, hoheiten",1,1774-12-20 12:00:00
177,"bestandnehmung, hausrechnungssystemes, kundschaftsamt, hausmeister, häuseren",2,1774-12-20 12:00:00
179,"wirwirkung, angerrieden, seltsames, gewitz, nüzlich",1,1774-12-20 12:00:00
180,"superintendenten, ungarn, burgerspitals, herzogischen, spital",7,1774-12-20 12:00:00
181,"kuhrfürstl, kleebinder, krayslisches, spiegelritter, kohlischer",1,1774-12-20 12:00:00
182,"deutsche, deutschen, feuerwerk, woraus, brillantfiguren",5,1774-12-20 12:00:00
188,"5000, obligation, josepham, aloysiam, thomasis",1,1774-12-20 12:00:00
189,"hamburg, frankfurt, deutschen, augsburg, deutschland",1,1774-12-20 12:00:00
191,"ranft, mauritius, ordnungsmässig, abwesend, heuer",5,1774-12-20 12:00:00
197,"achten, wornach, richten, jeder, wissen",1,1774-12-20 12:00:00
199,"salem, entdeckt, bedeuten, entfernt, berichte",2,1774-12-20 12:00:00
200,"juden, bengualid, scheick, hebräischer, zweytes",1,1774-12-20 12:00:00
203,"handschuhmachers, nuper, eheleibliche, tochter, behandlung",2,1774-12-20 12:00:00
206,"waysen, angestammter, angedeyhen, wohlverdienten, unterhalte",3,1774-12-20 12:00:00
207,"belogerung, grundrissen, erzählung, schweidnitz, ausführliche",1,1774-12-20 12:00:00
208,"kano, 150, 24, drey, nen",1,1774-12-20 12:00:00
226,"frauenstift, heil, zum, frauenstifts, frauenzimmer",2,1774-12-20 12:00:00
228,"fürstl, von, entschlieffe, cell, der",5,1774-12-20 12:00:00
229,"kammermayrischen, ueberländen, prugg, licitiren, rathsdiener",1,1774-12-20 12:00:00
231,"beckerstrassen, freyherrl, juni, obern, täge",1,1774-12-20 12:00:00
236,"eingegangenen, fortsetzung, nigl, richten, kö",2,1774-12-20 12:00:00
241,"burgl, commercial, poststation, radicirte, meissau",1,1774-12-20 12:00:00
242,"taufhandlung, geistlicher, vierte, richtet, bruder",1,1774-12-20 12:00:00
246,"convokationsedikten, anmeldungstag, fertigung, fatzung, verordnung",3,1774-12-20 12:00:00
248,"anzuhören, vernehmen, nothwendig, burgermeister, sicher",7,1774-12-20 12:00:00
249,"sonnabend, märz, mart, den, sontag",1,1774-12-20 12:00:00
251,"angehangene, dirigirendem, senate, merkwürdig, kaiserinn",1,1774-12-20 12:00:00
252,"kaufen, lettnerischen, gerspitalsgrundstuben, meistbierenden, herzogische",3,1774-12-20 12:00:00
257,"hamuniora, wieselburger, bezenye, erblickte, komitat",1,1774-12-20 12:00:00
258,"entgeldlich, consistorialkanzley, verkauf, brod, gries",2,1774-12-20 12:00:00
259,"obbenannten, simon, stark, jenner, ibid",1,1774-12-20 12:00:00
260,"stadtrichter, rath, besfürstl, obersthofmeistern, landmarschallen",4,1774-12-20 12:00:00
262,"diarium, deutsche, obristpostamte, mannerischen, stube",2,1774-12-20 12:00:00
265,"1775, lobschrift, anekdo, sanunkung, torfs",5,1774-12-20 12:00:00
268,"entschla, pressfreyheit, parlament, circuliren, parlamen",2,1774-12-20 12:00:00
274,"kais, nied, des, von, gräflich",5,1774-12-20 12:00:00
279,"diarium, kunstfenerwerker, wiener, nachtrag, ro",2,1774-12-20 12:00:00
286,"desfürstl, lan, richter, rath, wir",1,1774-12-20 12:00:00
287,"aufgeweckt, schlafe, nächtlicher, angst, weile",1,1774-12-20 12:00:00
294,"amtskanzley, geniegene, ralkommando, fortiftkations, genie",3,1774-12-20 12:00:00
295,"carlotown, südkarolina, anandern, generalkongresse, unabhängigkeit",1,1774-12-20 12:00:00
303,"privatgesellschaften, kaffehaus, sprichwort, gewordenes, weicher",1,1774-12-20 12:00:00
310,"merkma, gesternfandsichderprinzleopoldvon, nameneinesgrafensvonblankenburg, entschiedensten, braunschweigwolffenbüttelunterdem",1,1774-12-20 12:00:00
317,"ralordensprokurator, stuyle, centospiga, anheim, gestellt",1,1774-12-20 12:00:00
318,"judici, deleg, gerichtsordnung, erblande, richteramtshand",1,1774-12-20 12:00:00
321,"ueberländgrund, camesina, gerichtsadvokatens, mühlhaus, judicisdelegati",1,1774-12-20 12:00:00
322,"maskirt, schauspielhäusern, spatzierngehen, vorei, privataudienz",3,1774-12-20 12:00:00
323,"norths, füssenden, ausgleichungsmittel, engläu, friedsamer",3,1774-12-20 12:00:00
324,"ampel, getragen, wurde, licht, lampen",1,1774-12-20 12:00:00
326,"flasche, aufgefrischt, flecklein, flecklem, benetzt",3,1774-12-20 12:00:00
328,"löbl, bourne, von, reitenauer, appel",1,1774-12-20 12:00:00
330,"brog, keitsstab, lio, contades, marschälle",1,1774-12-20 12:00:00
332,"gekostet, pcto, überkommener, cent, garnitur",1,1774-12-20 12:00:00
335,"erzbischöfl, marq, botschafter, , ",10,1774-12-20 12:00:00
339,"rathsgabe, jegliche, 40, bestimmen, römische",1,1774-12-20 12:00:00
344,"liebe, schatten, wasseröde, wollust, belaubter",1,1774-12-20 12:00:00
346,"fuchsthallerische, fuchsthaller, franz, fuchsthalle, fuchsthallerin",1,1774-12-20 12:00:00
348,"löbt, stift, löbl, pens, heil",2,1774-12-20 12:00:00
351,"schle, sien, preussischen, hungarn, preuss",1,1774-12-20 12:00:00
352,"apost, auch, nämlich, se, jhre",3,1774-12-20 12:00:00
354,"publ, 1771, terische, hofstadtbehausung, haftend",1,1774-12-20 12:00:00
355,"präläten, pallotta, zugestellt, schatzmeister, dose",1,1774-12-20 12:00:00
356,"danten, allendlichen, anberaumet, frist, quartier",1,1774-12-20 12:00:00
357,"bebeschloss, garnisonirenden, kompagnie, zug, grenadiers",1,1774-12-20 12:00:00
361,"ergebenheit, aufrichtigen, hochachtung, abzustatten, heiten",1,1774-12-20 12:00:00
363,"fortsetzung, künftig, folgt, continuation, folget",1,1774-12-20 12:00:00
364,"partheym, universitätskanz, ficiret, vorangezogenen, quidirende",1,1774-12-20 12:00:00
365,"oberamtsregierung, landesregierung, oberamts, bestättiget, regierung",3,1774-12-20 12:00:00
367,"preus, preuss, thol, preussis, thlr",3,1774-12-20 12:00:00
368,"meaupon, groskanzler, verwiesene, paris, gegenwärtig",1,1774-12-20 12:00:00
370,"strafe, überzeug, kerkers, brandmals, vielmännerey",1,1774-12-20 12:00:00
371,"deleg, clavier, detto, abschrift, bremmerprücken",1,1774-12-20 12:00:00
374,"activschulden, 1541, parzerischen, obwohl, advokaten",2,1774-12-20 12:00:00
377,"erbdantheils, wissen, wornach, wollen, kund",4,1774-12-20 12:00:00
378,"fremder, angekommen, hier, herr, hisp",1,1774-12-20 12:00:00
381,"miministers, steinhaufen, wola, pesterpfarrkirche, hatwanergasse",4,1774-12-20 12:00:00
389,"böhmen, kupfertafeln, glauwürdigen, handschristen, mödels",2,1774-12-20 12:00:00
395,"1775, kolsburg, juni, wien, 26ten",16,1774-12-20 12:00:00
397,"gutgeheissenen, metasta, erlustigungen, dichters, aetius",2,1774-12-20 12:00:00
400,"kais, ludov, kumin, serl, kuhr",3,1774-12-20 12:00:00
406,"richter, rath, kais, landesfürstl, des",1,1774-12-20 12:00:00
407,"quanten, berlände, eingehörigen, schrat, obermarkersdorf",1,1774-12-20 12:00:00
409,"würdigen, schotten, lieben, grundgerichts, laquenswittib",2,1774-12-20 12:00:00
410,"verordnung, würd, ververordnung, nachmittag, 12",3,1774-12-20 12:00:00
414,"rinderer, deynhau, holzlust, liettirung, fodernde",1,1774-12-20 12:00:00
415,"terni, detti, jenem, terno, detto",3,1774-12-20 12:00:00
420,"nachrichtsamen, jedermän, wissenschaft, niglich, sonach",1,1774-12-20 12:00:00
426,"cuirassierre, jewei, espagnac, neusie, landpfarrer",2,1774-12-20 12:00:00
432,"sassari, zurüstung, cheik, mehemet, verlegen",1,1774-12-20 12:00:00
433,"1776, may, wien, november, august",2,1774-12-20 12:00:00
434,"wallach, kastanienbraun, zugerittene, wallenfeldischen, gestüt",3,1774-12-20 12:00:00
438,"arbeitshäusern, eingesperrten, 50, bettler, bretagne",1,1774-12-20 12:00:00
442,"einzusinden, baa, behörig, anmelden, lassen",1,1774-12-20 12:00:00
446,"mten, obbestim, weinkeller, sothanen, gedenket",1,1774-12-20 12:00:00
449,"stadtrichter, burgermeister, landesfürstl, rath, richter",3,1774-12-20 12:00:00
453,"1774, paris, 1761, tomes, edition",1,1774-12-20 12:00:00
466,"milit, militvm, mixt, mixti, in",1,1774-12-20 12:00:00
467,"ergebet, hilfe, euch, kommen, wir",1,1774-12-20 12:00:00
472,"hochwürd, hocherwehnte, gespannen, hochfürstl, vogteyamt",3,1774-12-20 12:00:00
476,"nachricht, nachachtung, löschenkohl, welches, signat",3,1774-12-20 12:00:00
479,"üblester, kriegszeit, fleisch, gewichte, brodt",1,1774-12-20 12:00:00
487,"oest, isch, engl, , ",1,1774-12-20 12:00:00
492,"habendemnachall, lest, sotzung, fruh, bebausung",2,1774-12-20 12:00:00
501,"septemb, wien, regensburgischen, treviglio, bischöflich",1,1774-12-20 12:00:00
504,"perer, treve, paul, seel, jene",1,1774-12-20 12:00:00
510,"orano, mohrischen, siegreich, warfen, manchen",1,1774-12-20 12:00:00
516,"saifensiedergerechtigkeit, conditiones, wischer, harmannsdorf, annehmlichen",4,1774-12-20 12:00:00
523,"verordnung, hochwürd, hochlöbl, eines, einer",6,1774-12-20 12:00:00
527,"diamant, diamanten, karmoisirt, gefasster, blan",2,1774-12-20 12:00:00
530,"verstäkt, beduinischer, strafbeyspielen, herabkommen, algier",2,1774-12-20 12:00:00
531,"betrift, achten, wornach, jenige, wissen",1,1774-12-20 12:00:00
533,"aufwiegelung, entsponnen, georgien, gart, zehend",1,1774-12-20 12:00:00
534,"porcari, reichsbe, stadthaus, lucca, bewirthet",2,1774-12-20 12:00:00
541,"1776, abzuge, nerals, überbrachte, pressen",2,1774-12-20 12:00:00
542,"1774, gerichtl, allergerechtest, rescripts, erlassenen",7,1774-12-20 12:00:00
546,"mein, herr, mylords, mylord, meylords",2,1774-12-20 12:00:00
549,"amtskanzlen, ersodert, stangl, meissau, abensberg",1,1774-12-20 12:00:00
551,"geistordens, grossmeister, heil, dann, geister",1,1774-12-20 12:00:00
555,"verlassenschaftsmassä, frenherrn, genuber, 3tioacultimo, dillheer",1,1774-12-20 12:00:00
556,"teschen, albert, sachsen, herzog, norden",1,1774-12-20 12:00:00
563,"kronmarschall, landshut, rige, vo, aufhalten",1,1774-12-20 12:00:00
564,"ofnerwein, verkosten, hayden, rechterhand, dessentwegen",1,1774-12-20 12:00:00
567,"erbsenhandel, auszufeilen, öffentlich, meistbietenden, verkaufen",2,1774-12-20 12:00:00
575,"kroatien, schuldenanmeldung, pupillarherr, 1354, sammeutliche",2,1774-12-20 12:00:00
579,"stümme, eigensinne, aussenden, limpia, fortsetzte",2,1774-12-20 12:00:00
580,"1763, adjudiciret, hinterlassenes, promortuo, gemäss",1,1774-12-20 12:00:00
581,"maschine, aussprühet, nairne, alalles, bishr",1,1774-12-20 12:00:00
-1,"ungarn, deutschen, kroaten, hungarn, herrn",1698,1776-07-21 16:00:00
0,"deutschen, rebellen, truppen, armee, general",88,1776-07-21 16:00:00
1,"fürstl, nadler, seel, pelser, kais",42,1776-07-21 16:00:00
2,"schiffe, aufgebracht, schiffen, flotte, kaper",85,1776-07-21 16:00:00
3,"kirche, kirchen, bischof, kollegiatkirchen, feyerliche",35,1776-07-21 16:00:00
4,"kästen, verkauft, tische, silber, sessel",46,1776-07-21 16:00:00
5,"königl, nouvellisten, anderweitiges, ueberläufern, allmosenier",28,1776-07-21 16:00:00
6,"russe, moskau, russland, petersburg, demvi",10,1776-07-21 16:00:00
8,"zimmern, kuchel, zimmer, keller, stallung",31,1776-07-21 16:00:00
9,"drüsen, pferde, effekt, jägerndorfer, präservativpulfer",9,1776-07-21 16:00:00
10,"regen, schaden, wasser, sturmwind, trocken",22,1776-07-21 16:00:00
11,"ihn, vergieng, delssniz, vergif, buffon",15,1776-07-21 16:00:00
12,"deutsche, deutschen, buchhandlung, büchern, 931",17,1776-07-21 16:00:00
13,"schauer, benetius, schweerts, gallenberg, salesius",6,1776-07-21 16:00:00
14,"risen, felsischen, hainstetten, amtswegen, nied",10,1776-07-21 16:00:00
15,"frankreich, bruches, ferney, besorgligkeit, politiken",6,1776-07-21 16:00:00
16,"andenken, tugenden, hervorrufen, strahlt, laufes",7,1776-07-21 16:00:00
17,"gewaltträger, zeugenschaften, sprüche, alsogewiss, foderungen",19,1776-07-21 16:00:00
18,"feuer, entzündet, feuers, phlegeton, brillantfeuer",15,1776-07-21 16:00:00
19,"privatangelegenheiten, zurückgekommene, sorgung, dänne, hertzogthümer",2,1776-07-21 16:00:00
21,"gusenbauerischen, schifmeistersgerechtigkeit, triebensee, haus, ueberländ",4,1776-07-21 16:00:00
22,"majest, ma, , , ",5,1776-07-21 16:00:00
23,"angelaufenen, teresse, 112, publicirten, 1741",1,1776-07-21 16:00:00
24,"augustæ, vindi, nodal, ciæciae, oecumenici",3,1776-07-21 16:00:00
25,"eigenthümern, zollämtlichen, dassdiesevorfälleindas, rorbacher, vöcklabrucker",1,1776-07-21 16:00:00
26,"deutschen, schule, ungarn, schulen, hauptschulen",22,1776-07-21 16:00:00
27,"protermino, haltensecundumproclama, geziemendes, erkannt, peremptoriodenuo",3,1776-07-21 16:00:00
28,"aspan, unterthanin, gischen, seel, gläubiger",1,1776-07-21 16:00:00
30,"wochen, binnen, legitimiren, beregter, originalschuldbriefe",10,1776-07-21 16:00:00
31,"flor, polny, bengala, sterl, 5000",7,1776-07-21 16:00:00
34,"courtenvaux, stiftungskurator, stiftungskassa, boldi, 2143",3,1776-07-21 16:00:00
35,"wirthshause, nion, copet, mittagsmahl, logirt",10,1776-07-21 16:00:00
36,"blumen, dickesten, fütterey, wohlgedeyen, einkritischerschwarmvonangeblichen",7,1776-07-21 16:00:00
37,"kempruck, megier, haddik, haen, lamberg",6,1776-07-21 16:00:00
39,"jedenspeigen, exspiriret, koschnidin, käsmacherey, kollonitzischen",4,1776-07-21 16:00:00
41,"landgericht, hochgelehrte, herwig, bohuslaw, traunerin",4,1776-07-21 16:00:00
42,"tafelgüter, sephii, ressallienbriefe, grossbrittaniens, abschaf",5,1776-07-21 16:00:00
43,"zächsin, unterbliebenen, kindern, summa, barbara",1,1776-07-21 16:00:00
44,"londen, hinzugesetzt, märz, mittwoch, whitehall",5,1776-07-21 16:00:00
45,"kollekollegiatstifts, giatstifts, kleinere, herzogl, stiege",1,1776-07-21 16:00:00
46,"traunerin, fungsedikt, schützische, schuldenlastes, einberuf",6,1776-07-21 16:00:00
47,"duel, feyerte, gelaufen, christmonat, stellt",2,1776-07-21 16:00:00
48,"ausschliessende, duero, handelte, weinen, hoffet",1,1776-07-21 16:00:00
49,"gartssätz, erlaa, röss, grundbuchskanz, johanneshof",2,1776-07-21 16:00:00
51,"septemb, vornehmung, september, ende, erdeuten",26,1776-07-21 16:00:00
52,"componirt, bohbanowicz, duetten, violin, neulich",1,1776-07-21 16:00:00
54,"röm, flangini, absteig, silvestinerkloster, radegerichts",3,1776-07-21 16:00:00
56,"königl, xxxandem, kolonins, gxxxllxxx, jglau",8,1776-07-21 16:00:00
57,"pontif, ac, pallast, gebeth, carolivi",2,1776-07-21 16:00:00
58,"behandlung, sässen, rathstag, verhindernissen, folglich",19,1776-07-21 16:00:00
59,"französischen, umständlichern, fremdlings, aurel, lenvollen",5,1776-07-21 16:00:00
60,"sämtlich, verhängung, frunwalds, verodnete, sprüchen",2,1776-07-21 16:00:00
63,"trompeten, paucken, banderien, tässen, undeinigenvorzugsichzu",3,1776-07-21 16:00:00
64,"kupf, feramtsobligation, 118, detaschements, depositirte",2,1776-07-21 16:00:00
65,"türken, malhta, jenseitige, saustromes, contumatzgebäude",2,1776-07-21 16:00:00
68,"harrpudermacher, stärk, novemb, untern, seinem",1,1776-07-21 16:00:00
69,"gräfl, kuefsteinischen, ordnet, reis, allhiesig",11,1776-07-21 16:00:00
70,"rikaner, behauptet, ame, 80, gewiss",1,1776-07-21 16:00:00
71,"terfeldscheer, andrascheck, gefreyten, krug, abgelebten",1,1776-07-21 16:00:00
74,"erben, grazer, gerstl, steinl, cessionarien",13,1776-07-21 16:00:00
75,"augustmonat, hietzing, sonnabend, gitimationsurkunden, augusti",6,1776-07-21 16:00:00
76,"1140, seuvitriariiinstitutjurispublici, 1146, 481, 479",1,1776-07-21 16:00:00
78,"rosa, spitzen, gallerie, portrait, anschauend",5,1776-07-21 16:00:00
79,"alterthume, ausgegrabenen, montalto, zufällige, gekauft",2,1776-07-21 16:00:00
80,"freyherr, nicklas, wecsey, gererstorf, riesenfels",5,1776-07-21 16:00:00
83,"pulvermagazinen, städten, dorfs, dör, entlegene",4,1776-07-21 16:00:00
84,"nunciatur, nagel, stallmeister, wohnhaft, anzufragen",1,1776-07-21 16:00:00
85,"aufgestelltenjudiciidelegati, halleweilischen, wasgestal, ebenfurt, gräflich",1,1776-07-21 16:00:00
86,"pergmayrs, erwägungen, ewiger, wahrheiten, gemeinden",1,1776-07-21 16:00:00
87,"oktob, gregor, riss, monaten, besagter",4,1776-07-21 16:00:00
88,"verhandeln, commission, schatkommission, diealseingrundfestezurausgleichung, kommissairs",6,1776-07-21 16:00:00
89,"magistratus, glücklichsten, einfliessen, ausdrücke, feinsten",2,1776-07-21 16:00:00
90,"deutsche, deutschen, fürstenthümer, domains, klosterneuburgischenjudicii",3,1776-07-21 16:00:00
93,"excell, excellenz, installirten, obergespan, comitats",6,1776-07-21 16:00:00
95,"claus, frkf, riums, 4ter, hoft",3,1776-07-21 16:00:00
96,"verzinnt, schirr, besste, schaubüh, inwendigen",7,1776-07-21 16:00:00
97,"gräfl, von, der, sephst, lilien",9,1776-07-21 16:00:00
98,"weil, jeden, land, recht, allen",3,1776-07-21 16:00:00
99,"allerh, licit, dreyfaltigkeit, amort, essenzen",1,1776-07-21 16:00:00
100,"angegebene, erlichen, jnstallation, fey, hochfürstl",1,1776-07-21 16:00:00
101,"gallisoli, handelsleute, bestellungen, oel, holländische",1,1776-07-21 16:00:00
102,"favier, pellier, erbietet, nennt, mont",1,1776-07-21 16:00:00
103,"worin, wagen, kais, cont, conc",1,1776-07-21 16:00:00
104,"letztemal, eigends, rathstag, verhindernissen, hören",16,1776-07-21 16:00:00
105,"germaine, official, briefes, newyork, howe",2,1776-07-21 16:00:00
106,"fühlbarer, gültigen, rikaner, freundschaftliche, hafte",2,1776-07-21 16:00:00
110,"paris, bagnesi, borelli, versallischen, hinzusetzt",4,1776-07-21 16:00:00
111,"frühstück, speisete, spatzieren, gieng, königinn",2,1776-07-21 16:00:00
112,"wohlgebaute, hietzing, penzing, aussicht, täglich",4,1776-07-21 16:00:00
113,"freyherrl, herrschaftl, vor, herrs, das",3,1776-07-21 16:00:00
114,"febr, hoheresolutum, such, kreisamt, vernehmung",2,1776-07-21 16:00:00
115,"sterl, milion, abgieng, anlehen, schusse",3,1776-07-21 16:00:00
119,"435, rthl, 27, zusammen, ro",1,1776-07-21 16:00:00
120,"eimer, 75er, 60er, 72er, 73er",4,1776-07-21 16:00:00
122,"ham, seel, joseph, jene, josepha",1,1776-07-21 16:00:00
123,"ehedessen, auszufeilen, burgermeister, angeordnete, verwilliget",12,1776-07-21 16:00:00
125,"kais, leipz, als, ungeb, neapel",1,1776-07-21 16:00:00
127,"krakauervorstadt, waszlewskysche, strahof, prämonstratenser, prälatens",2,1776-07-21 16:00:00
129,"mütterchen, lebendi, rerinn, betagtes, ernäh",4,1776-07-21 16:00:00
130,"staell, szecseny, franz, proviantverwalter, cavriani",4,1776-07-21 16:00:00
133,"wolkersdorf, wiesecker, 1776, juny, 1774",3,1776-07-21 16:00:00
134,"gräfl, bey, hohh, hofer, der",1,1776-07-21 16:00:00
137,"arkos, masaniello, pulverma, gazine, aufruhrs",2,1776-07-21 16:00:00
138,"1773, eingangsermeld, mortisationsedikt, vergleichsinstrument, 1772",5,1776-07-21 16:00:00
139,"burgermeister, rath, vernehmen, geben, wir",13,1776-07-21 16:00:00
140,"nachstehendes, kaiserl, böhmen, bernstein, alphabet",5,1776-07-21 16:00:00
141,"pferde, faust, hoh, hengsten, mir",9,1776-07-21 16:00:00
142,"madrid, heumon, wintermon, spanien, den",2,1776-07-21 16:00:00
144,"hans, gottfried, franz, anton, gebrüder",12,1776-07-21 16:00:00
145,"behörig, gewalttrager, darzuthun, falle, prätendenten",13,1776-07-21 16:00:00
147,"epistolas, vindicatur, postliminio, part, cors",1,1776-07-21 16:00:00
148,"bestellte, december, christmon, triest, sodann",1,1776-07-21 16:00:00
150,"decemb, decretisten, einem, dedöcker, wien",8,1776-07-21 16:00:00
151,"excell, nürnberg, cont, 31, statt",4,1776-07-21 16:00:00
152,"66, golden, nr, hausung, gold",1,1776-07-21 16:00:00
153,"georgentag, honterkomitat, landmannes, sacht, verur",1,1776-07-21 16:00:00
154,"auditoriatgericht, tülpe, magistratualische, stadtgerichte, verschollenen",5,1776-07-21 16:00:00
155,"dankten, gaben, jh, ren, ih",1,1776-07-21 16:00:00
157,"uebermachung, wochenblattes, pariserausgabe, lachende, verpaaret",4,1776-07-21 16:00:00
158,"venedig, ckenthurm, astrono, meteorologe, maymonat",1,1776-07-21 16:00:00
159,"regierung, pranzischen, kommissionsstuben, abwesenden, erstbemeldten",4,1776-07-21 16:00:00
161,"löbl, des, von, zarus, frepherrl",15,1776-07-21 16:00:00
164,"lisabon, jubelbulle, portugall, portugiesische, heumon",5,1776-07-21 16:00:00
165,"ausgefütterter, vierspänniger, alleegässel, galawagen, tuch",2,1776-07-21 16:00:00
166,"katalogue, raisonne, sogenannter, diariums, verlegern",1,1776-07-21 16:00:00
167,"verordnung, brachmon, hochlöbl, adel, dies",3,1776-07-21 16:00:00
169,"rthl, kretschmers, trencklerin, wendes, unterlassenen",4,1776-07-21 16:00:00
171,"richterische, saifensiedergewerb, aldasig, werkzeug, obige",1,1776-07-21 16:00:00
173,"jubiläum, verkündiget, päbstl, öffentlich, hier",1,1776-07-21 16:00:00
174,"deutsche, hordt, kommisarius, lentulus, generallieute",2,1776-07-21 16:00:00
175,"generalgouverneurs, österreichis, ferdinands, ferdinand, lauchtigsten",2,1776-07-21 16:00:00
177,"mängel, bekommt, auskunft, nähere, erkundigen",2,1776-07-21 16:00:00
178,"monseigneur, böhmen, jammer, kutsch, aber",2,1776-07-21 16:00:00
180,"superintendenten, burgerspitals, spital, spitalmeister, vernehmen",5,1776-07-21 16:00:00
182,"feuerwerk, gartengitter, brillantdekorationen, kaden, blumenbaugitter",6,1776-07-21 16:00:00
183,"innigsten, unternomme, allerdurchlauchtigsten, unvermuthet, kaiserinn",1,1776-07-21 16:00:00
188,"satzbrief, verstoss, gerathen, ausfertigung, amortisationsedikts",8,1776-07-21 16:00:00
190,"rinenimsel, katha, mitgebracht, catharina, cath",1,1776-07-21 16:00:00
191,"reitter, juden, reitterin, rosalia, erbantheil",7,1776-07-21 16:00:00
197,"samst, hü, gehor, wornach, achten",1,1776-07-21 16:00:00
199,"gründgründliches, unbekannt, anzugeben, stattet, weiber",4,1776-07-21 16:00:00
200,"juden, mietau, gedichte, pohlnischen, 1772",1,1776-07-21 16:00:00
203,"desrues, zugesehen, hinrichtung, gehören, kindern",2,1776-07-21 16:00:00
206,"summe, schatze, uns, millionen, reichstage",6,1776-07-21 16:00:00
208,"deutsche, hungarn, jtaliäner, alt, militärsp",1,1776-07-21 16:00:00
211,"augsb, augsp, augsbug, conv, augs",1,1776-07-21 16:00:00
212,"grossfeldherrn, flor, postpferde, nehmlich, 60000",3,1776-07-21 16:00:00
214,"deutschen, sprache, griechen, obliegenheiten, billigmässige",2,1776-07-21 16:00:00
220,"malz, bills, beschäftigte, desertion, male",2,1776-07-21 16:00:00
221,"orpheus, polen, gluck, warschau, ritters",1,1776-07-21 16:00:00
223,"frank, halb, anzumelden, frankf, sebastian",1,1776-07-21 16:00:00
225,"spauer, leopoldi, leopold, leopoldst, graf",2,1776-07-21 16:00:00
226,"frauenstifts, heil, frauenstift, zum, frauenzimmer",4,1776-07-21 16:00:00
228,"fürstl, von, entschlieffe, cell, der",4,1776-07-21 16:00:00
229,"bestand, bräuhaus, bestandkon, vonderamtskanzleyderherrschaftvösten, feilgebotenen",3,1776-07-21 16:00:00
230,"bestimmen, attestate, vorfalle, glaub, seltenen",3,1776-07-21 16:00:00
231,"veordnung, hochl, juni, privil, folgende",2,1776-07-21 16:00:00
234,"abwesendendd, aufzuweisenden, anzugebenden, gerichtszeit, beweismitteln",2,1776-07-21 16:00:00
237,"sterl, viii, , , ",1,1776-07-21 16:00:00
241,"inhabende, burgl, theker, apo, alda",2,1776-07-21 16:00:00
246,"verordnung, august, nes, löbl, ei",7,1776-07-21 16:00:00
248,"möchten, burgermeister, anzuhören, sicher, tod",7,1776-07-21 16:00:00
252,"kaufen, früh, behausung, obbestimmten, rathhaus",9,1776-07-21 16:00:00
253,"kriegsministers, schaupfennig, beschenkt, akademischen, geendigter",2,1776-07-21 16:00:00
255,"1762, dubscky, wiesenen, erken, 62",1,1776-07-21 16:00:00
257,"nachtrag, diarium, wiener, 1777, nachricht",1,1776-07-21 16:00:00
260,"stadtrichter, rath, marcellus, landes, landesfürstl",7,1776-07-21 16:00:00
261,"angebliche, verbrecher, befahl, unverzüglich, ketten",1,1776-07-21 16:00:00
265,"proanno1777, recitandi, romanoviennense, horas, celebrandi",2,1776-07-21 16:00:00
266,"komitatshusaren, zwey, zimmergs, zoll, zoraide",1,1776-07-21 16:00:00
268,"verwor, gewannen, parlament, bewilligt, zugestanden",2,1776-07-21 16:00:00
274,"kais, nied, des, von, gräflich",4,1776-07-21 16:00:00
277,"maltha, hornung, hoheit, durchl, fausta",1,1776-07-21 16:00:00
279,"diarium, wiener, 101, anhang, bunden",2,1776-07-21 16:00:00
281,"weine, weyl, befehl, , ",1,1776-07-21 16:00:00
282,"waterford, zurückzuweisen, horsams, klinton, rolina",3,1776-07-21 16:00:00
286,"justitiariatamt, hochfürstl, vom, thürisches, ortsgericht",1,1776-07-21 16:00:00
287,"nacht, mitaber, ministratoren, nachtlager, adadministratoren",4,1776-07-21 16:00:00
289,"prächtigeres, brumoy, anlegen, monsieur, burg",2,1776-07-21 16:00:00
292,"landesfürstl, landsfürstl, camm, grossfürstl, palatinal",6,1776-07-21 16:00:00
293,"landkrammerswittib, hermanin, oberneustift, fürge, stiftsgrundbuch",1,1776-07-21 16:00:00
294,"amtskanzley, freyherrl, cirung, cridäabschieds, poysbrunn",7,1776-07-21 16:00:00
295,"terhandlung, kolo, congress, erklärt, ausschussglieder",4,1776-07-21 16:00:00
297,"entkleidet, monseigneur, grösse, ja, monsig",1,1776-07-21 16:00:00
298,"fürstl, grast, des, dahin, von",12,1776-07-21 16:00:00
302,"ächte, uiber, tugend, gebe, religion",1,1776-07-21 16:00:00
304,"zugesetzt, abgefoderte, quacker, banien, kronarmee",3,1776-07-21 16:00:00
305,"wallis, philipp, graf, prinzen, prinz",1,1776-07-21 16:00:00
309,"wohlgesetzten, primas, ungarischen, anrede, machten",1,1776-07-21 16:00:00
310,"haddikgrafkarl, hojos, anton, johann, graf",1,1776-07-21 16:00:00
311,"neuberühmten, widerlegt, aerzte, meinungen, gegenstand",1,1776-07-21 16:00:00
315,"pfänder, versatzamte, rundschaftsblatte, auflösungen, aufgeschlagenem",1,1776-07-21 16:00:00
316,"1777, 1778, aussenbleibungsfalle, commende, februar",23,1776-07-21 16:00:00
317,"assecuranzen, senten, rechnun, jnteres, schadlos",2,1776-07-21 16:00:00
318,"quisitionsgerichte, kastilien, engelshofischen, judiciumdelegatum, erhebt",3,1776-07-21 16:00:00
321,"stiftsgrundbuch, diesseitigen, sothaner, güt, bezahlung",7,1776-07-21 16:00:00
322,"redekunst, zeigten, stärke, hiernächst, ihre",1,1776-07-21 16:00:00
323,"verbindlichkei, pflänzer, amerika, müther, unbedachtsam",3,1776-07-21 16:00:00
324,"herumspatziren, krystallfeuer, parent, auge, anblick",3,1776-07-21 16:00:00
326,"nimmt, coffeetasse, brunnenwasser, dunkt, schittelt",1,1776-07-21 16:00:00
327,"scheers, rthl, ueber, 14, 10",1,1776-07-21 16:00:00
328,"löbl, bourne, dem, von, reitenauer",1,1776-07-21 16:00:00
330,"augustinern, gegenüber, gräfl, jn, stadt",1,1776-07-21 16:00:00
332,"unterhalts, bezahlt, sollen, werden, pcto",1,1776-07-21 16:00:00
335,"erzbischöfl, marq, botschafter, , ",1,1776-07-21 16:00:00
336,"manumissionsprotokoll, dimittiret, leibeigenschaft, daselbstige, vorgeladen",1,1776-07-21 16:00:00
340,"vorbesag, einfinden, gedenket, ort, obbestimmten",1,1776-07-21 16:00:00
342,"abgeordneter, viense, vicekanz, böheimisch, officialis",2,1776-07-21 16:00:00
351,"kuhr, preussischen, fürstl, hungarn, preuss",1,1776-07-21 16:00:00
352,"apost, nämlich, jhre, dass, se",2,1776-07-21 16:00:00
356,"contraets, ruhmvollen, käsmacherey, senschaften, jedenspeigen",3,1776-07-21 16:00:00
357,"zug, komitatsingenieurs, banderiali, fahnenschwen, fahnenschwenken",2,1776-07-21 16:00:00
364,"foderungen, andert, bibliothek, anmeldenten, anobbestimtentag",2,1776-07-21 16:00:00
370,"kriminalnotar, gesicherter, gefängnissstrafe, 7jährigen, strafbaren",2,1776-07-21 16:00:00
371,"deleg, tulln, verordneten, stadt, clavier",1,1776-07-21 16:00:00
372,"werdensoll, concludiret, einhollender, traktiret, krauss",1,1776-07-21 16:00:00
375,"eröfne, spinnschulen, landesfreun, tugalls, jldephons",3,1776-07-21 16:00:00
377,"künftighin, erklären, jeder, jede, gewilliget",2,1776-07-21 16:00:00
381,"löschte, bliz, viertemal, ritterholms, weswe",2,1776-07-21 16:00:00
386,"juden, pränumerationspreis, heumonats, montage, fängt",1,1776-07-21 16:00:00
397,"parodie, theaterstsücke, vorstellt, alcests, benedetto",2,1776-07-21 16:00:00
398,"300000, sämmtliche, dung, la, 3000",1,1776-07-21 16:00:00
400,"kais, kumin, ludov, serl, kuhr",6,1776-07-21 16:00:00
406,"richter, landesfürstl, rath, rathgeb, des",1,1776-07-21 16:00:00
407,"gemeinen, 1776, 1775, eigenthümer, stück",2,1776-07-21 16:00:00
409,"grundgericht, würdigen, schotten, lieben, stifts",4,1776-07-21 16:00:00
412,"brücke, thor, ehrenbogen, havelbrücke, schifsgefässe",2,1776-07-21 16:00:00
414,"ebenfurt, joch, frumwal, ebenfurtischen, dazugedazugehörigen",2,1776-07-21 16:00:00
415,"deti, terni, jenem, deto, terno",4,1776-07-21 16:00:00
416,"bewilligung, hochlöbl, täge, folgende, einer",1,1776-07-21 16:00:00
418,"küttner, 1773, karl, august, kuefstein",1,1776-07-21 16:00:00
421,"1772, 1771273, 177273, 40451, erlangen",2,1776-07-21 16:00:00
423,"phil, et, philos, doct, vols",1,1776-07-21 16:00:00
426,"kotischowa, ruhmwürdi, rakters, gekannt, menschenfreundlichen",2,1776-07-21 16:00:00
428,"1771, may, wien, jänner, den",1,1776-07-21 16:00:00
432,"siedenden, ausgezischt, kibitka, hinun, fehltritt",3,1776-07-21 16:00:00
433,"1776, november, august, wien, freystadt",21,1776-07-21 16:00:00
434,"faust, hoh, borden, lauferlivreen, 815",2,1776-07-21 16:00:00
440,"firmian, lombardey, 13ten, bevollmäch, tigte",1,1776-07-21 16:00:00
445,"pränumerationsbillets, zurückgabe, gedruckte, exemplarien, überkommen",1,1776-07-21 16:00:00
449,"stadtrichter, burgermeister, landesfürstl, rath, landesfl",6,1776-07-21 16:00:00
450,"schauspiel, bereitschaft, grosses, wasser, sehen",1,1776-07-21 16:00:00
467,"mitleidenswürdig, sottland, cromartie, auslaufen, darf",2,1776-07-21 16:00:00
468,"seelänge, auszuwer, fahrungen, untersuchte, bewährten",1,1776-07-21 16:00:00
470,"grundbuch, kais, grundbuche, des, gottl",1,1776-07-21 16:00:00
472,"hochwürd, vogteyamt, eines, hocherwehnte, gespannen",5,1776-07-21 16:00:00
473,"gestern, königl, haben, printzes, vorgestern",1,1776-07-21 16:00:00
479,"fleisch, sovielbrod, strapazirt, schoppen, pferdefutter",2,1776-07-21 16:00:00
480,"andert, frist, allendliche, präcise, perpetuisilentii",1,1776-07-21 16:00:00
484,"trenton, liefert, titl, æternum, fidi",2,1776-07-21 16:00:00
487,"oest, isch, engl, , ",2,1776-07-21 16:00:00
492,"überraschet, martins, abbtey, eintraf, prälat",3,1776-07-21 16:00:00
499,"1777, april, wien, winkelberg, schottenhof",16,1776-07-21 16:00:00
501,"herstmesse, fortdauern, septemb, teschen, freye",1,1776-07-21 16:00:00
503,"cemb, durchl, jhre, düpont, jubil",1,1776-07-21 16:00:00
504,"szapary, paul, graf, pauli, paulini",1,1776-07-21 16:00:00
518,"hungarn, oeffentliche, vermeiden, nachdruck, anzeigen",1,1776-07-21 16:00:00
523,"verordnung, hochlöbl, hochw, eines, hochwürd",2,1776-07-21 16:00:00
528,"1770, automen, pfeifenspiele, zeigern, esistihmaucheine",1,1776-07-21 16:00:00
529,"hardegg, maximilian, tschayki, obristhofmeistern, clairfait",2,1776-07-21 16:00:00
532,"berlin, oktob, wintermonat, gemel, verlautet",1,1776-07-21 16:00:00
534,"immerwährenden, reichstage, litthauen, policey, departement",1,1776-07-21 16:00:00
537,"laureto, erzbau, goldreichen, 384, brübrücke",1,1776-07-21 16:00:00
541,"1776, advente, feistriz, dijon, sonntage",13,1776-07-21 16:00:00
542,"1774, allergerechtest, rescripts, erlassenen, bewogen",3,1776-07-21 16:00:00
546,"mylord, erhalte, mein, gott, mylords",2,1776-07-21 16:00:00
549,"ungarn, jezinger, fürbass, joachimsburg, erbschaft",3,1776-07-21 16:00:00
550,"beschwärlich, streittheo, ansatzpreie, wohlehrwürdi, kademische",2,1776-07-21 16:00:00
551,"geister, assemblee, elisäischen, vorzustellen, auszuführen",5,1776-07-21 16:00:00
553,"aegidi, pelser, kaspar, befreundte, konsistorialrath",4,1776-07-21 16:00:00
555,"deutschen, überexofficio, trische, fabert, comcommodo",1,1776-07-21 16:00:00
556,"generalissimus, grossprior, conty, bourbon, ludwig",1,1776-07-21 16:00:00
562,"tschachnerischen, tschachnerisch, 166, auszufeilen, aufgestellt",3,1776-07-21 16:00:00
563,"rückgekehrt, cuerva, aranjuez, samstags, jagd",1,1776-07-21 16:00:00
567,"hönighandels, lebzelterge, werb, haftenden, gerechtigkeit",1,1776-07-21 16:00:00
573,"grundemann, emanuel, graf, gruber, grumkow",1,1776-07-21 16:00:00
575,"kroatien, zeitlichen, schuldobligation, leweil, ebenfallsjurecesso",2,1776-07-21 16:00:00
576,"leipz, neefe, querfol, damn, eichstädt",2,1776-07-21 16:00:00
578,"bürgerl, alhier, wien, bürgermeister, ist",1,1776-07-21 16:00:00
579,"seestrasse, verlegt, scheint, völlig, also",1,1776-07-21 16:00:00
581,"vellirmaschine, unzählig, nehmiget, ausfündig, diessfalls",1,1776-07-21 16:00:00
-1,"deutsche, ungarn, 1779, hungarn, schebeken",157,1778-02-20 20:00:00
0,"gegenwähr, dolchstichen, looszeichen, stritte, pistolle",7,1778-02-20 20:00:00
1,"rechtl, kurfürstl, herzogl, erz, löbl",4,1778-02-20 20:00:00
2,"schiffe, schiff, schiffen, fregatten, fregate",18,1778-02-20 20:00:00
3,"konventualmesse, muttergotteslita, kirchenschatze, patriar, gebethet",3,1778-02-20 20:00:00
4,"silber, diariums, kästen, soffen, zinn",3,1778-02-20 20:00:00
5,"königl, die, majestäten, majestät, könig",1,1778-02-20 20:00:00
6,"russisch, kaiserl, der, türken, russischen",1,1778-02-20 20:00:00
8,"zimmer, scheibs, tagwerk, schlagbaren, zimmerl",7,1778-02-20 20:00:00
10,"ausgiebigen, anhaltendem, gewölke, trüben, trocknen",2,1778-02-20 20:00:00
11,"krankheiten, ostinidien, clarks, herrschen, heissen",1,1778-02-20 20:00:00
12,"friedenslieder, tingbrunn, musikalisch, 1779, steininger",2,1778-02-20 20:00:00
14,"posamentirerswittwe, græcægraecae, lntroductio, eingesetzter, linguælinguae",4,1778-02-20 20:00:00
16,"ssion, proce, ordnen, geruhet, heiligkeit",1,1778-02-20 20:00:00
17,"modest, kulmer, verlassenschaft, geyerin, bräuer",6,1778-02-20 20:00:00
18,"mitbürger, triest, assunta, corsars, speck",2,1778-02-20 20:00:00
21,"licitirung, sothaner, behausung, erhalten, haus",1,1778-02-20 20:00:00
22,"majest, ma, , , ",1,1778-02-20 20:00:00
24,"adami, crescentiam, sexule, incepta, electorali",1,1778-02-20 20:00:00
26,"geprüft, faicscher, schuljugend, fleissigern, lokaldirektors",4,1778-02-20 20:00:00
27,"wirthshäusel, ediktalaffigirung, wartenstein, grundstückel, akt",1,1778-02-20 20:00:00
29,"pollich, joan, 30, anna, maria",1,1778-02-20 20:00:00
39,"belusch, angerühmt, vorfalle, königsegg, gleichen",1,1778-02-20 20:00:00
49,"lustigen, herrschaftl, kauf, obbestimmten, bestimmt",1,1778-02-20 20:00:00
56,"königl, xxxandem, kolonins, gxxxllxxx, jglau",5,1778-02-20 20:00:00
57,"französ, gebeth, carolivi, päpstl, pragæpragae",1,1778-02-20 20:00:00
58,"behandlung, amtsschreiber, rathstag, sässen, gemeiner",2,1778-02-20 20:00:00
60,"umdamitdiebehörigeabhandlung, aufhaben, berufung, erfo, cessionembonorum",2,1778-02-20 20:00:00
74,"befunds, benennte, zenfeldischen, zenfeldische, schaddron",1,1778-02-20 20:00:00
78,"baugrundsteine, steinmetzsteine, sosothaner, thaner, steine",1,1778-02-20 20:00:00
80,"freywilligen, begriffen, sind, freyhrn, freyherrl",1,1778-02-20 20:00:00
83,"wohlkonditionirte, lieb, haber, gelegenen, erfahren",1,1778-02-20 20:00:00
121,"lobre, hochw, anemoni, gehaltenen, stephan",1,1778-02-20 20:00:00
140,"kaiserl, truppen, jhre, böhmen, bernstein",3,1778-02-20 20:00:00
144,"nauw, kapitäne, mülder, wolter, herman",1,1778-02-20 20:00:00
151,"excell, nürnberg, cont, 31, statt",2,1778-02-20 20:00:00
165,"falzel, stephanshauptthor, schnellkraft, achsen, ungargasse",1,1778-02-20 20:00:00
196,"königl, die, königi, thrones, seine",1,1778-02-20 20:00:00
197,"warnen, wornach, schaden, jeder, wissen",1,1778-02-20 20:00:00
204,"lossius, christ, 45, johann, jesu",1,1778-02-20 20:00:00
218,"böhmen, waisenamt, erbschaften, ellocir, öftermalen",1,1778-02-20 20:00:00
227,"geprüften, 240, belief, 359, fentlich",1,1778-02-20 20:00:00
229,"ermal, mariensteiner, schankhäusel, grundstückel, dob",1,1778-02-20 20:00:00
235,"1779, anzeige, may, wien, 1785",1,1778-02-20 20:00:00
241,"burgl, grund, mathiassche, berl, horn",1,1778-02-20 20:00:00
252,"lichtenstei, erstbestimten, kuchelgärtel, setz, vesten",1,1778-02-20 20:00:00
261,"gefängniss, befahl, voriges, ket, beladen",1,1778-02-20 20:00:00
279,"diarium, nachtrag, wiener, ro, 30",1,1778-02-20 20:00:00
284,"farbematerien, fär, berey, einheimischen, versuche",1,1778-02-20 20:00:00
289,"naten, schlosse, verfügten, mag, dasigen",1,1778-02-20 20:00:00
292,"landesfürstl, marktrath, landsfürstl, camm, grossfürstl",2,1778-02-20 20:00:00
316,"1778, 1777, aussenbleibungsfalle, commende, februar",4,1778-02-20 20:00:00
317,"oberstudiendirektor, balascha, prüfun, foderte, unterliessen",1,1778-02-20 20:00:00
321,"wartensteiner, jurisdiktion, grundbuchskanzley, diesseitiger, obrigkeit",1,1778-02-20 20:00:00
338,"1779, nachricht, iius, musgrave, dec",1,1778-02-20 20:00:00
364,"protermino1mo, zallinger, perempt, 3tio, 2do",1,1778-02-20 20:00:00
375,"gauben, diemitdemherrn, chere, korrespondenz, franklin",1,1778-02-20 20:00:00
420,"wissenschaft, hiernach, verbot, bewahren, gehorsamst",1,1778-02-20 20:00:00
442,"zallinger, landrichter, sammte, dominikus, beysitzer",1,1778-02-20 20:00:00
455,"anmer, gerhard, kungen, abraham, wiener",1,1778-02-20 20:00:00
531,"ernstlicher, beschieht, wille, gnädigster, meynung",1,1778-02-20 20:00:00
542,"1774, allergerechtest, rescripts, erlassenen, bewogen",1,1778-02-20 20:00:00
553,"plaichers, spri, lersheim, weisgärbers, weisgärbersgerechtigkeit",1,1778-02-20 20:00:00
555,"deutschen, subpræsidiopraesidio, vorhandenen, addiciret, jnteressirte",2,1778-02-20 20:00:00
562,"barfussisch, auszufeilen, meistbieten, 250, verwilliget",1,1778-02-20 20:00:00
575,"kroatien, trattner, convoctions, kommissions, classificirt",1,1778-02-20 20:00:00
-1,"deutschen, hungarn, böhmen, kroatien, 1780",903,1779-09-23 00:00:00
0,"deutsche, bollwerke, neuyork, turenne, gewor",40,1779-09-23 00:00:00
1,"neuestem, gallanteriewaaren, doppel, schmack, domkapitel",16,1779-09-23 00:00:00
2,"schiffe, schiff, schiffen, flotte, fregatten",97,1779-09-23 00:00:00
3,"hofkirche, kardinal, eminenz, feyerlichen, kirche",19,1779-09-23 00:00:00
4,"deutschen, silber, derley, malereyen, attlass",14,1779-09-23 00:00:00
5,"königl, jüngstverflosse, majestäteigenhändigalsounterschrieben, tressan, mensfesten",13,1779-09-23 00:00:00
6,"weinmon, russische, russisch, christmonat, petersburg",9,1779-09-23 00:00:00
8,"keller, zimmern, dazuzugeben, schitt, stastadel",3,1779-09-23 00:00:00
9,"ebenderdritteundletztetagseines, denndieseswäre, aussenher, einspännier, enzimmer",3,1779-09-23 00:00:00
10,"erdbeben, regen, wetter, portionweis, reichsposten",6,1779-09-23 00:00:00
11,"bette, traurige, zwo, weltkündig, schlachtopfer",12,1779-09-23 00:00:00
12,"deutschen, deutsche, buchhandlung, büchern, singerstrasse",14,1779-09-23 00:00:00
13,"inscundumannumdecanusspeƈtabilis, schofulan, schinerer, schütze, doƈtor",3,1779-09-23 00:00:00
14,"gleichgedacht, regia, romisch, lector, rochum",5,1779-09-23 00:00:00
15,"franzosen, frankreichs, vertheidigend, bindnisse, deisland",7,1779-09-23 00:00:00
16,"lebst, umwandelbar, bestralen, wiederaufkeimenden, eszu",4,1779-09-23 00:00:00
17,"bevollmächtigte, foderungen, exofficio, behörigen, abhandlung",19,1779-09-23 00:00:00
18,"feuer, wirkung, rapet, gedämpft, feuermörser",4,1779-09-23 00:00:00
19,"deutschen, natürlicherweise, aufse, niederlegung, trüb",3,1779-09-23 00:00:00
23,"blickten, weinmon, tratten, 1717, licht",1,1779-09-23 00:00:00
24,"quæquae, recusa, ratiocinandi, recensiones, notionibus",7,1779-09-23 00:00:00
26,"consist, rektor, uralt, universität, empängniss",7,1779-09-23 00:00:00
27,"hofgericht, klägerin, rechtsfreund, hofkriegsräthlichen, instruirten",2,1779-09-23 00:00:00
28,"fideikommisska, gondolaisches, pital, folge, gläubiger",1,1779-09-23 00:00:00
29,"theresien, angedenkens, marien, seligen, anna",2,1779-09-23 00:00:00
30,"wochen, binnen, tagen, jahr, satzbrief",17,1779-09-23 00:00:00
31,"übersendete, verrin, gert, procent, anlehn",4,1779-09-23 00:00:00
32,"effekten, geschätzten, schiegls, zinnerische, effecten",1,1779-09-23 00:00:00
34,"meyer, reichsmünz, kieselsteinen, versiegeltes, terl",3,1779-09-23 00:00:00
35,"stockameisenplaz, 608, katze, réné, logirt",1,1779-09-23 00:00:00
36,"bequemlichkei, gartenschule, marquard, adelkofers, beneficien",2,1779-09-23 00:00:00
37,"lobkowiz, fahrend, caraffa, auersperg, wirkl",3,1779-09-23 00:00:00
39,"prokop, herrschaftl, joseph, jhro, königl",1,1779-09-23 00:00:00
41,"adaƈtum, minor, stad, verordne, kommenda",2,1779-09-23 00:00:00
42,"cumenten, aufaufgemuntert, cesses, königsmorde, gemuntert",2,1779-09-23 00:00:00
45,"papier, vignet, tav, akkuratesse, meration",3,1779-09-23 00:00:00
47,"zeitlebens, starosteyen, projekt, besitzung, montage",1,1779-09-23 00:00:00
48,"weinm, weinmon, esca, dre, verneh",5,1779-09-23 00:00:00
49,"maschine, dernswürdige, triebwerken, companie, rené",1,1779-09-23 00:00:00
53,"neuhauser, burgerl, michael, bey, burgersp",2,1779-09-23 00:00:00
54,"curtius, nachzueifern, weiblicher, römern, anzukünden",1,1779-09-23 00:00:00
56,"königl, xxxandem, kolonins, gxxxllxxx, jglau",6,1779-09-23 00:00:00
58,"amtsschreiber, behandlung, rathstag, sässen, abzuwarten",3,1779-09-23 00:00:00
59,"fabeln, französ, derma, meil, vermuthet",2,1779-09-23 00:00:00
60,"hauswesens, nistrirung, kreditskonkurs, proprodigo, verhandelten",5,1779-09-23 00:00:00
68,"ottensheimb, novemb, markt, november, monats",1,1779-09-23 00:00:00
69,"ordneter, kämme, gräfl, ziehung, übergeben",3,1779-09-23 00:00:00
74,"kainzischen, gravenegg, ruth, supplikantin, 1500",5,1779-09-23 00:00:00
76,"stiftsfreygrund, pleumonide, speciebus, andreasische, seitigem",2,1779-09-23 00:00:00
78,"mitte, heitersten, cifixe, spitzsaulen, spitzsau",1,1779-09-23 00:00:00
80,"freytagssession, projekt, leztern, spitäler, unterschrieben",2,1779-09-23 00:00:00
83,"mädgen, poitou, wohnstätten, weggeraft, ernsthaften",1,1779-09-23 00:00:00
85,"unverdor, pfisterin, pfaffenbergen, verhypothecirten, erzbistums",1,1779-09-23 00:00:00
86,"exercitien, inn, seelen, predigten, gemeinden",7,1779-09-23 00:00:00
88,"kommissariis, angehalten, commissarien, commission, kommission",1,1779-09-23 00:00:00
89,"magistratualgerichte, königl, landesfürstl, magistrat, magistrate",1,1779-09-23 00:00:00
90,"erfurti, kurmaynzischen, evangelist, præsentatopraesentato, helfenzrieder",2,1779-09-23 00:00:00
97,"gräfl, von, der, sephst, lilien",7,1779-09-23 00:00:00
98,"landrecht, landrechte, mauthbeamter, dasgestalt, aschach",4,1779-09-23 00:00:00
104,"verhindernissen, rathstag, sässen, letztemal, hören",3,1779-09-23 00:00:00
105,"oberstlieut, vorzüglichkeit, gedient, pensionirt, kriegsheere",2,1779-09-23 00:00:00
106,"landesfürsten, england, ich, weggründe, erdrückt",8,1779-09-23 00:00:00
111,"adjudant, klinton, expresser, york, kapitain",1,1779-09-23 00:00:00
112,"1051, 1134, herzuleihen, 189, dorotheegasse",2,1779-09-23 00:00:00
113,"freyherrl, herrs, von, gerarde, heiligk",5,1779-09-23 00:00:00
114,"febr, gondolaischen, letztwilli, erfoderung, fürgewesten",2,1779-09-23 00:00:00
115,"millionen, sterl, sterling, nationalschuld, milionen",4,1779-09-23 00:00:00
117,"zwoll, herbstmonat, april, datirt, pellen",1,1779-09-23 00:00:00
122,"oelzweig, minerven, schwinge, herrscht, väter",1,1779-09-23 00:00:00
123,"auszufeilen, verwilliget, burgermeister, ehedessen, angeordnete",5,1779-09-23 00:00:00
125,"leipz, nigl, kö, ungeb, neapel",2,1779-09-23 00:00:00
127,"böhmen, prag, nachgedruckt, buch, edle",2,1779-09-23 00:00:00
129,"blutsverwandte, mende, nächste, abintestato, kom",1,1779-09-23 00:00:00
133,"carters, 1779, stockton, charte, 1183",3,1779-09-23 00:00:00
135,"math, licitirung, alt, 430, in",1,1779-09-23 00:00:00
140,"original, kaiserl, jhrer, böhmen, ist",2,1779-09-23 00:00:00
144,"hans, mathes, george, binen, wischendorf",2,1779-09-23 00:00:00
145,"behörig, vorläufger, berstiegen, essey, gewalttrager",1,1779-09-23 00:00:00
150,"decemb, kreisamt, neuburg, korn, stanislau",8,1779-09-23 00:00:00
151,"excell, nürnberg, cont, 31, statt",2,1779-09-23 00:00:00
153,"mutterreich, einzuräumen, lonien, niessen, ko",1,1779-09-23 00:00:00
155,"lobter, anschreiben, gnädigstes, genheit, gele",1,1779-09-23 00:00:00
156,"justizbanko, kauft, nichtbetrettungsfall, deputation, intimirt",3,1779-09-23 00:00:00
157,"briefwechsel, tionalschriftsteller, oeffentlichen, jrriges, addressirt",8,1779-09-23 00:00:00
159,"regierung, fridauer, associe, hinnach, daniel",4,1779-09-23 00:00:00
161,"löbl, des, von, zarus, frepherrl",2,1779-09-23 00:00:00
163,"ungarn, geboten, erbländern, temeswar, feil",1,1779-09-23 00:00:00
166,"bibliothekär, universitätsbibliothek, übernimmt, numeration, ungar",2,1779-09-23 00:00:00
169,"zweyspännige, schluppen, viersitzige, vorscheine, feuerte",2,1779-09-23 00:00:00
171,"rerischen, oste, ediks, enthalts, stadtgericht",1,1779-09-23 00:00:00
174,"hofmeisters, undwohntenalldademvon, berts, deutschmeisters, obersten",2,1779-09-23 00:00:00
176,"elis, arnold, bin, jch, nachricht",1,1779-09-23 00:00:00
179,"schlechts, sittsamkeit, erzäh, menheit, schmeicheleyen",3,1779-09-23 00:00:00
180,"superintendenten, burgerspitals, curatoribonorum, sechaye, spital",3,1779-09-23 00:00:00
186,"dinalbischofenszupassau, stettens, kunstgewerb, handwerksgeschich, emninezherrnkar",2,1779-09-23 00:00:00
187,"lichtenstein, titl, fürsten, johann, herrn",1,1779-09-23 00:00:00
188,"edikten, aussteller, vormerkvormerkschein, legale, fleisigen",2,1779-09-23 00:00:00
189,"hamburgs, 3tes, bändchen, töchter, hamburg",1,1779-09-23 00:00:00
191,"weltprister, dioezes, knötig, ollmützer, consistoriums",6,1779-09-23 00:00:00
192,"1780, 1782, presssburg, eisenärzt, weinmo",25,1779-09-23 00:00:00
198,"jndigenat, ligne, nassau, fürst, erhalten",1,1779-09-23 00:00:00
199,"redoutensäälen, schlenuigen, unvermutheten, aufdecken, wichtigste",4,1779-09-23 00:00:00
200,"juden, judengässel, büchel, böhmisch, banaisch",3,1779-09-23 00:00:00
201,"ludw, löbl, lobl, resolution, traget",1,1779-09-23 00:00:00
204,"fastenzeit, höck, beständiges, vorgestellt, jesu",1,1779-09-23 00:00:00
206,"gebühren, entrichten, schehen, weise, art",1,1779-09-23 00:00:00
207,"leipzig, 1779, erster, theil, 8vo",1,1779-09-23 00:00:00
211,"conv, augsb, aug, augsp, augsbug",1,1779-09-23 00:00:00
220,"bill, gewaltthätig, hochverraths, eigenmächtig, ausgeübt",1,1779-09-23 00:00:00
222,"wetterbeobachtung, hauptplaneten, marquard, adelkofers, barometer",2,1779-09-23 00:00:00
223,"frankf, frank, sebastian, gehollten, torik",2,1779-09-23 00:00:00
228,"fürstl, von, entschlieffe, cell, sanft",1,1779-09-23 00:00:00
230,"publicirte, kurfürstl, unlängst, das, weiterem",1,1779-09-23 00:00:00
236,"einberichtet, folgendes, brest, königl, aus",1,1779-09-23 00:00:00
241,"humss, burgl, gewest, michael, jederman",2,1779-09-23 00:00:00
242,"præstpraest, päpstl, priesters, priester, priest",2,1779-09-23 00:00:00
243,"tifikalkleidung, pon, arzt, doct, graf",1,1779-09-23 00:00:00
248,"gewesener, möchten, nothwendig, burgermeister, rath",2,1779-09-23 00:00:00
251,"littleton, letztenmale, oberhause, parlements, wohnte",1,1779-09-23 00:00:00
252,"kaufen, hausüberlas, ländgrundstücken, gedenken, lenfalls",7,1779-09-23 00:00:00
253,"reichshofrathsagent, hofrathsagenten, reichshofrathskonklust, ehrenbach, reichshofrathsagenten",6,1779-09-23 00:00:00
254,"fridr, herrn, frle, frider, fleischh",1,1779-09-23 00:00:00
257,"charwochepredigten, manzini, passions, münchen, 1780",1,1779-09-23 00:00:00
260,"stadtrichter, rathspensionär, nielzy, desfürstl, bürgermeister",3,1779-09-23 00:00:00
261,"wosiedendiebstahlbegangen, gefänglicher, barkeit, process, haft",1,1779-09-23 00:00:00
262,"deutsche, 20kreu, kreuzerstück, zerstück, kremnizer",1,1779-09-23 00:00:00
265,"1780, stuttgart, überse, essigs, opuscula",8,1779-09-23 00:00:00
274,"kais, nied, von, gräflich, der",1,1779-09-23 00:00:00
275,"19ten, gierung, unserer, jahre, re",1,1779-09-23 00:00:00
277,"tagw, wiesen, hoheit, durchl, hornung",2,1779-09-23 00:00:00
279,"nachtrag, wiener, zeitung, ro, 45",1,1779-09-23 00:00:00
282,"arnold, washington, klinton, andre, general",24,1779-09-23 00:00:00
284,"lepileurd, apligny, handwerke, farben, künste",1,1779-09-23 00:00:00
287,"geschlafen, erwachen, glaubte, hun, dert",5,1779-09-23 00:00:00
294,"freyherrl, amtskanzley, schwadorf, amts, bestandskontract",1,1779-09-23 00:00:00
295,"stimmen, nemehrheitvon123stimmenwider, alsodassgleichanfänglichei, pflichtende, gutgesinnten",1,1779-09-23 00:00:00
298,"fürstl, grast, des, von, vom",7,1779-09-23 00:00:00
300,"winterm, wintermon, aufzuführen, algeziras, generalstaa",8,1779-09-23 00:00:00
302,"unnatürlichen, irrigen, spaltung, entsagen, erbarmen",1,1779-09-23 00:00:00
304,"misset, lion, sultan, noch, man",1,1779-09-23 00:00:00
310,"aninger, grundrichters, behandeln, poysdorf, passauischen",1,1779-09-23 00:00:00
316,"1778, auflage, 1777, neue, aussenbleibungsfalle",3,1779-09-23 00:00:00
317,"mahlzeug, gän, anklebenden, mahlmühle, eigenthümlich",1,1779-09-23 00:00:00
320,"wissbe, bereitschlagung, gierde, ralstaaten, ausschlage",2,1779-09-23 00:00:00
321,"abgetheilet, umstän, concludendum, übri, gens",4,1779-09-23 00:00:00
322,"komplimentiren, versammelt, publikum, hoheiten, hatten",2,1779-09-23 00:00:00
323,"amerika, hintan, übertraffen, unversehe, zügellosen",4,1779-09-23 00:00:00
325,"1781, georgizeit, anfangend, künftige, nacheinander",6,1779-09-23 00:00:00
326,"bewässern, phisik, mittelmässi, teile, fundenen",1,1779-09-23 00:00:00
329,"groschen, 22, hefte, 21ten, allg",1,1779-09-23 00:00:00
330,"neunzehnten, jahrhunderts, sah, schönen, er",2,1779-09-23 00:00:00
332,"zehends, abgaben, pcto, überkommener, cent",1,1779-09-23 00:00:00
333,"grundbuchsertrakt, 1765, gräfl, juni, 1767",1,1779-09-23 00:00:00
335,"erzbischöfl, marq, botschafter, , ",1,1779-09-23 00:00:00
338,"1779, musgrave, iius, dec, aufla",27,1779-09-23 00:00:00
340,"franciskus, philothea, sales, andäch, lieber",1,1779-09-23 00:00:00
352,"apost, nämlich, se, jhre, auch",2,1779-09-23 00:00:00
356,"fortgesetzt, jahr, soll, sie, werden",1,1779-09-23 00:00:00
357,"zug, langsame, gedämpftem, einsweils, klingenden",2,1779-09-23 00:00:00
359,"cumeoquodinterest, obrigkeitl, befreundten, ferners, langen",1,1779-09-23 00:00:00
364,"heydrich, 2do, 1mo, termino, anmmeldung",3,1779-09-23 00:00:00
365,"oberamts, adinstantiam, verweser, gemäs, erwählen",3,1779-09-23 00:00:00
367,"preselmayer, andreas, thol, preuss, seel",1,1779-09-23 00:00:00
369,"vigiliren, wornach, achten, recht, invigiliren",1,1779-09-23 00:00:00
387,"maine, clinton, nerals, weinmon, hofzeitung",1,1779-09-23 00:00:00
388,"vollmond, geszeit, 1761, 1757, wintermon",1,1779-09-23 00:00:00
389,"privatgebäude, naturfreundes, wettauges, kupfertafeln, ausgemalten",3,1779-09-23 00:00:00
395,"1775, tzingerischen, verlassenschaftsrealitäten, creu, nissen",1,1779-09-23 00:00:00
400,"kais, kumin, ludov, serl, kuhr",2,1779-09-23 00:00:00
406,"richter, rath, landesfürstl, fürstl, des",2,1779-09-23 00:00:00
409,"würdigen, schotten, zun, stifts, heissenstam",2,1779-09-23 00:00:00
414,"dortseitigen, nerberg, gugumuckh, zersdorf, ergangener",2,1779-09-23 00:00:00
415,"terni, deti, terno, jenem, ambi",2,1779-09-23 00:00:00
417,"11te, anzunehmen, pränumeration, gratis, stück",2,1779-09-23 00:00:00
421,"1772, 1771273, 177273, 40451, erlangen",1,1779-09-23 00:00:00
432,"staube, trum, bull, durchgängig, schuldiger",1,1779-09-23 00:00:00
440,"höchdiesel, deutschordenshause, ordensoffizi, anten, ordensrittern",1,1779-09-23 00:00:00
449,"stadtrichter, burgermeister, landesfürstl, räthe, rath",1,1779-09-23 00:00:00
468,"desfalsige, entschuldigung, ausschusse, übertragen, sollte",1,1779-09-23 00:00:00
470,"grundbuch, kais, grundbuche, des, gottl",1,1779-09-23 00:00:00
472,"hochwürd, hocherwehnte, gespannen, hochfürstl, vogteyamt",2,1779-09-23 00:00:00
473,"gestern, beede, vormittag, königl, sind",1,1779-09-23 00:00:00
480,"convocations, frist, anmeldungs, anberaumt, allendlichen",3,1779-09-23 00:00:00
490,"1780, november, 1779, wien, pilsnerkreis",18,1779-09-23 00:00:00
516,"krautäckerl, körnerschittkasten, brunerin, salzfass, halsgeschmuck",2,1779-09-23 00:00:00
523,"hochlöbl, verordnung, einer, hochwürd, auf",1,1779-09-23 00:00:00
525,"frachtete, hanf, eintreffen, wägen, fast",1,1779-09-23 00:00:00
529,"jutor, koad, hofäm, kapu, stadtdamen",1,1779-09-23 00:00:00
536,"andre, gräfl, demnach, stock, schuster",2,1779-09-23 00:00:00
546,"mein, herr, mylords, mylord, meylords",1,1779-09-23 00:00:00
555,"deutschen, hausgwöhr, comprettische, subpræsidiopraesidio, liquidationstagsatzung",4,1779-09-23 00:00:00
562,"steinbacherischen, osman, bacherische, auszufeilen, verwilliget",1,1779-09-23 00:00:00
572,"einzuberuffen, vorzuladen, fürzuladen, berufen, einzu",4,1779-09-23 00:00:00
578,"testationen, schiedam, dordrecht, harlem, bürgermeister",1,1779-09-23 00:00:00
581,"pomade, süssman, nähret, ochsenmark, posirt",1,1779-09-23 00:00:00
-1,"deutschen, deutsche, böhmen, hungarn, juden",722,1781-04-24 04:00:00
0,"deutsche, deutschen, regimente, kanonen, soldaten",64,1781-04-24 04:00:00
1,"eingestanden, bürgl, übers, wied, rasper",47,1781-04-24 04:00:00
2,"schiffe, flotte, admiral, kanonen, schiff",94,1781-04-24 04:00:00
3,"erzbischof, unbefleck, kirche, heiligen, abgesungen",13,1781-04-24 04:00:00
4,"deutschen, wäsche, licitando, silber, kästen",13,1781-04-24 04:00:00
5,"kapo, höchstglorwürdigsten, ausgemünzten, cril, aversseite",8,1781-04-24 04:00:00
6,"russischen, russisch, russische, türken, vorhabens",11,1781-04-24 04:00:00
8,"lehenhaus, lichten, kuchel, holzkeller, jahrweise",3,1781-04-24 04:00:00
9,"pferde, geputzte, leibzüge, obristhof, aval",6,1781-04-24 04:00:00
10,"wehet, zurückgehal, vatoriums, trübe, obser",2,1781-04-24 04:00:00
11,"pombal, krankheit, calamari, dintenfischen, zuhause",6,1781-04-24 04:00:00
12,"deutschen, buchhandlung, 138, 931, ghelenschen",5,1781-04-24 04:00:00
13,"wegamtskommiss, cronstedts, schober, axel, schaafe",3,1781-04-24 04:00:00
14,"monumento, mdcclxxv, arduæarduae, viæviae, diger",2,1781-04-24 04:00:00
15,"fonds, que, mauvais, nè, geons",3,1781-04-24 04:00:00
16,"jnjndustrie, jemaliges, ortsrichtern, passbrie, gemässigten",2,1781-04-24 04:00:00
17,"gründe, grundobrigkeit, eigenthümlich, entlassschein, rechtsammen",4,1781-04-24 04:00:00
18,"feuer, fortgeseztes, fahrlässigkeit, hätt, weggelacht",4,1781-04-24 04:00:00
19,"cabiljau, norwegen, scheint, barcellona, dung",1,1781-04-24 04:00:00
20,"durchl, wilh, guardarobba, didak, se",1,1781-04-24 04:00:00
21,"poysdorf, haus, funkeris, bunners, brunners",7,1781-04-24 04:00:00
22,"majest, ma, , , ",7,1781-04-24 04:00:00
24,"cerebri, anatome, repetita, nervorumque, duabus",1,1781-04-24 04:00:00
25,"monatlichzugestandenwerden, stattet, jedem, sollten, bericht",1,1781-04-24 04:00:00
26,"lehrer, ungarn, legten, vortreflich, schriftlich",12,1781-04-24 04:00:00
27,"genfalls, föst, foder, ungen, ordnungsmässig",1,1781-04-24 04:00:00
28,"pprio, gläubiger, rothgärbermeisters, fourneauische, mayrische",4,1781-04-24 04:00:00
29,"anna, göllin, landst, wied, leop",4,1781-04-24 04:00:00
30,"böhmen, binnen, wochen, 1782, obligation",7,1781-04-24 04:00:00
31,"überschickt, fette, geschenk, amerikaner, ochsen",1,1781-04-24 04:00:00
32,"effekten, schiegls, zinnerische, effecten, prätiosen",8,1781-04-24 04:00:00
33,"stinin, risingerin, gutlederin, geschw, anna",4,1781-04-24 04:00:00
34,"weisgärbermeister, 234, capitals, cumsuacausa, digen",1,1781-04-24 04:00:00
35,"lusttragende, wichtiges, vorgekommen, häusern, herrschaftl",2,1781-04-24 04:00:00
36,"caffe, sieder, 577, einzuhändigen, scherer",1,1781-04-24 04:00:00
37,"sonnleithner, herrs, 29, klein, franz",2,1781-04-24 04:00:00
41,"landgericht, jederman, seyen, august, kund",1,1781-04-24 04:00:00
42,"balfour, addresse, karlstown, system, lord",6,1781-04-24 04:00:00
43,"summa, kind, darunter, christm, personen",3,1781-04-24 04:00:00
44,"spektiren, verabredetes, müthigung, glückliches, bist",2,1781-04-24 04:00:00
47,"montags, geruheten, montage, majest, mittwoch",5,1781-04-24 04:00:00
48,"weinmonats, weinmon, aepfelwein, büssete, malz",8,1781-04-24 04:00:00
52,"deutschen, violon, violoncello, clavecin, pour",3,1781-04-24 04:00:00
53,"domizy, burgerl, böhm, mathias, burgersp",2,1781-04-24 04:00:00
54,"jussit, existrui, coena, novameque, primus",2,1781-04-24 04:00:00
56,"königl, xxxandem, kolonins, gxxxllxxx, jglau",4,1781-04-24 04:00:00
58,"dernissen, verhin, behandlung, amtsschreiber, pupillenraitkammer",1,1781-04-24 04:00:00
59,"lestown, stürmen, binden, vermuthet, char",2,1781-04-24 04:00:00
60,"damal, abgestiftet, seestaates, einschulden, schreckbare",3,1781-04-24 04:00:00
63,"musikliebhabern, weil, bekannt, allen, hiemit",1,1781-04-24 04:00:00
64,"elementarfeuers, theorie, wärme, 2ter, körper",1,1781-04-24 04:00:00
69,"gräfl, jn, von, des, dem",2,1781-04-24 04:00:00
70,"bäckenh, 69, 80, alt, dütz",7,1781-04-24 04:00:00
74,"koppin, schottwien, gemüss, breuchels, bruderskinder",3,1781-04-24 04:00:00
75,"cketboots, hinrich, strick, abfahrt, anberaumt",1,1781-04-24 04:00:00
78,"hercules, maenali, doliche, bildnissen, marmor",6,1781-04-24 04:00:00
79,"kunst, zeichnung, wenners, freskomalen, nachgeahmten",5,1781-04-24 04:00:00
80,"freytags, fuhren, kais, freyhrn, freyherrl",1,1781-04-24 04:00:00
83,"umlaufsschreiben, wechselsei, ausgefertigt, städte, tigen",1,1781-04-24 04:00:00
84,"nuntius, kais, herrn, des, nuntii",1,1781-04-24 04:00:00
86,"standesmässi, heilsamen, wirkungen, erfüllung, pflichten",1,1781-04-24 04:00:00
87,"oktob, wochenbette, reitschaft, bindung, 31sten",3,1781-04-24 04:00:00
89,"magistrats, landesfürstl, magistrat, des, magistrate",1,1781-04-24 04:00:00
95,"tabackkr, klarner, dünen, 4ter, leipz",3,1781-04-24 04:00:00
97,"gräfl, stellte, aufge, von, sephst",2,1781-04-24 04:00:00
98,"grebnetug, jedermäniglich, röm, maj, landrechte",1,1781-04-24 04:00:00
99,"amort, licit, essenzen, pöllin, allerh",1,1781-04-24 04:00:00
101,"holländer, besitzungen, ostindien, französis, gegenwärtiger",2,1781-04-24 04:00:00
102,"70, 54, alt, stadt, vor",3,1781-04-24 04:00:00
104,"erachtens, burke, verhindernissen, sässen, rathstag",3,1781-04-24 04:00:00
105,"bewaffneten, parker, befehlshaber, königl, adjutant",1,1781-04-24 04:00:00
106,"englands, stärke, vernünftigsten, maassnehmungen, lianzen",6,1781-04-24 04:00:00
109,"senkenberg, miaskowski, gilgenberg, zimmermann, oest",1,1781-04-24 04:00:00
110,"ministerialbericht, crillon, vorfalle, wintermon, wartet",1,1781-04-24 04:00:00
115,"2750000, beträgt, sterl, sterling, dieses",1,1781-04-24 04:00:00
116,"jn, stadt, der, fruh, neu",3,1781-04-24 04:00:00
120,"authendische, rust, dinari, eisenstadt, lität",1,1781-04-24 04:00:00
122,"1009, margar, josepha, markt, alt",1,1781-04-24 04:00:00
123,"bauerische, 166, angeordnete, ehedessen, hörl",1,1781-04-24 04:00:00
124,"contumazh, barmherz, beyn, 54, 60",2,1781-04-24 04:00:00
129,"waisenkind, wachsenen, einmüthig, erziehen, verfallenen",2,1781-04-24 04:00:00
130,"brantner, leinwathdruckergs, hausinnh, weissenhamerin, franz",2,1781-04-24 04:00:00
133,"frühejahr, wirksamste, artilleriedirekteur, schwarzenbergisches, inspekteur",2,1781-04-24 04:00:00
134,"hofkom, herbstm, unfehlbar, mission, londen",1,1781-04-24 04:00:00
135,"math, 102, 65, neubau, alt",2,1781-04-24 04:00:00
136,"tagl, kinast, grünerin, tagw, paul",2,1781-04-24 04:00:00
139,"baltha, bernreither, wienach, sar, gele",1,1781-04-24 04:00:00
140,"botzner, tyroler, brod, kaiserl, böhmen",2,1781-04-24 04:00:00
141,"fäust, pferde, rappete, lichtbrauner, vierjäh",3,1781-04-24 04:00:00
142,"übers, lateinischen, spanien, madrid, lateinisch",1,1781-04-24 04:00:00
144,"innenhaben, zehenten, akkreditirter, lehenbare, stammen",1,1781-04-24 04:00:00
145,"behörig, ordnungsmäsordnungsmässig, klassificiret, verlassenschaftsstand, versehenen",1,1781-04-24 04:00:00
148,"zengg, christm, schreiben, december, vom",1,1781-04-24 04:00:00
150,"decemb, wien, den, dedöcker, kreisamt",1,1781-04-24 04:00:00
155,"complimente, officie, glückwünschungs, hochamt, stabs",1,1781-04-24 04:00:00
159,"hermann, probstischer, probstische, apothekergesel, regierung",1,1781-04-24 04:00:00
160,"kuglerin, hauskn, hauptm, hausfr, haushofmeist",1,1781-04-24 04:00:00
161,"löbl, des, von, zarus, frepherrl",2,1781-04-24 04:00:00
163,"ungarn, rathssaale, danksagungsrede, hersagte, kanzleypersonale",3,1781-04-24 04:00:00
164,"lissabon, wintermon, 6ten, lisabon, portugal",1,1781-04-24 04:00:00
165,"grönnland, wagenm, auto, gewürdigt, beyfalls",3,1781-04-24 04:00:00
167,"verordnung, löbl, hochlöbl, nes, jäner",3,1781-04-24 04:00:00
168,"wanko, margar, 77, 67, bedient",1,1781-04-24 04:00:00
169,"elis, alt, fortfah, ssigiährige, belehren",1,1781-04-24 04:00:00
170,"buchstäblich, nale, origi, washington, übersetzt",1,1781-04-24 04:00:00
174,"staringh, van, abreson, woenzel, smasen",1,1781-04-24 04:00:00
175,"ferdinand, altone, würtem, bestiegen, dannoch",2,1781-04-24 04:00:00
176,"elis, harder, elion, jacobi, aria",1,1781-04-24 04:00:00
181,"koppensteiner, kutsch, kleebinder, kohlischer, spiegelritter",1,1781-04-24 04:00:00
186,"kanzler, böhmischen, österreichischen, titl, ersten",1,1781-04-24 04:00:00
188,"obligation, 5282, staatsschuldenkassa, halbjähriger, fleissi",1,1781-04-24 04:00:00
192,"1780, 1782, aussichten, beschaffen, jäner",9,1781-04-24 04:00:00
193,"radzivil, gezohen, gedecken, grönningen, frau",1,1781-04-24 04:00:00
197,"diesfälligem, bevortheilung, derholt, hütten, schaden",1,1781-04-24 04:00:00
200,"juden, judenvolk, schachern, herbstm, neapel",1,1781-04-24 04:00:00
202,"emaillirter, flache, petschaft, aufgeht, hängt",1,1781-04-24 04:00:00
204,"christ, stucker, schust, alt, jesu",2,1781-04-24 04:00:00
205,"barb, alt, barbarey, häfer, fuselierkorps",1,1781-04-24 04:00:00
206,"auftreiben, geldsummen, erforder, ministerium, lichen",1,1781-04-24 04:00:00
208,"militärsp, 34, alt, im, czech",1,1781-04-24 04:00:00
210,"vienne, deutsche, wien, beygesetzten, ordenscommenda",1,1781-04-24 04:00:00
214,"deutschen, übersetzter, hofmeisterschaft, ortographie, wälsch",2,1781-04-24 04:00:00
222,"barometer, scalen, magellans, schachten, witterungszeiger",1,1781-04-24 04:00:00
225,"leopoldst, nr, eva, leopold, leopoldi",1,1781-04-24 04:00:00
226,"frauenst, pfarrhaus, frauenstifts, erzählung, frauenzimmer",3,1781-04-24 04:00:00
227,"contumazh, contum, bäckenh, 24, 26",3,1781-04-24 04:00:00
229,"hofbauamtskanzley, freyhofeichberg, baukonsens, kellerischen, bewirkenden",1,1781-04-24 04:00:00
233,"1783, aussehen, lage, unsere, wie",1,1781-04-24 04:00:00
237,"viii, sterl, , , ",1,1781-04-24 04:00:00
240,"schuh, zoll, grösse, gut, erhalten",1,1781-04-24 04:00:00
248,"pelzlbaurin, koberhirtin, senschaftsabhandlung, bohrne, anzuhören",1,1781-04-24 04:00:00
249,"mart, 11, alt, märz, sontag",2,1781-04-24 04:00:00
252,"jetztgemeldte, mauthgebäude, kaufen, beliebe, uiberländgrundstücke",3,1781-04-24 04:00:00
260,"bürgermeister, landesfürstl, richter, rath, stadtrichter",2,1781-04-24 04:00:00
262,"deutschen, deutsche, reisegesellschaft, tungskomtoir, redliche",1,1781-04-24 04:00:00
266,"niegin, ziegelsch, zimmergs, zoll, zoraide",1,1781-04-24 04:00:00
267,"nikol, rosal, wohledlgeb, student, beyn",3,1781-04-24 04:00:00
268,"parlamentsitzungen, interessant, gegenwärtige, vielleicht, mal",1,1781-04-24 04:00:00
269,"wisbauer, wick, führ, theres, 39",2,1781-04-24 04:00:00
276,"föstlin, magdalena, hertzogin, ertz, maria",1,1781-04-24 04:00:00
277,"hoheit, durchl, hornung, fausta, vocent",1,1781-04-24 04:00:00
280,"hörbst, adam, stellter, adamischer, bernhard",1,1781-04-24 04:00:00
282,"clinton, washington, rückberuffen, vorgebliche, wahrscheinlicher",3,1781-04-24 04:00:00
287,"estevan, carbonel, eingelaufenen, einzuziehen, kundschaft",1,1781-04-24 04:00:00
292,"landesfürstl, landsfürstl, camm, des, palatinal",2,1781-04-24 04:00:00
294,"amtskanzley, kais, des, freyherrl, schwadorf",1,1781-04-24 04:00:00
295,"addresse, bündlich, genwärtige, 131, gutgeheissen",1,1781-04-24 04:00:00
298,"fürstl, grast, von, dem, des",1,1781-04-24 04:00:00
300,"winterm, coulon, wintermon, graves, admirale",5,1781-04-24 04:00:00
302,"religion, griechen, genaue, toleranz, unitis",3,1781-04-24 04:00:00
303,"kommerzspiele, hinaufgehen, caffesieder, tabaksliebhaber, geträn",1,1781-04-24 04:00:00
310,"hologer, hausm, elster, georg, holzinger",2,1781-04-24 04:00:00
317,"massnehmun, werkstelligte, seinerseits, widersetzen, mögliche",1,1781-04-24 04:00:00
320,"zusammentreten, friesland, holl, west, mittwoch",1,1781-04-24 04:00:00
321,"382, allenfals, schottischen, brücke, überlassen",1,1781-04-24 04:00:00
322,"gästen, frem, zeigen, höchst, hohen",1,1781-04-24 04:00:00
323,"ehrevollen, erringen, staatsklug, abgemessen, gestehen",2,1781-04-24 04:00:00
325,"1781, aymar, vrginien, wintermo, schiffkapitains",19,1781-04-24 04:00:00
328,"löbl, bourne, dem, von, reitenauer",1,1781-04-24 04:00:00
329,"24, anzeige, hefte, 21ten, allg",2,1781-04-24 04:00:00
331,"bücher, bibliothekdien, andertes, lektüre, drittes",1,1781-04-24 04:00:00
334,"cornwallis, flandern, auss, jenner, gent",1,1781-04-24 04:00:00
335,"erzbischöfl, marq, botschafter, , ",1,1781-04-24 04:00:00
337,"christm, 17, jenner, elbstrom, sambstag",1,1781-04-24 04:00:00
339,"magdal, 20, alt, 40, gebund",1,1781-04-24 04:00:00
342,"adconcursum, domkapitels, gediehene, metropolitan, math",1,1781-04-24 04:00:00
348,"unvergesslichen, ruhme, itzo, stift, eingerichtet",1,1781-04-24 04:00:00
352,"apost, nämlich, se, jhre, auch",2,1781-04-24 04:00:00
359,"zurückgehen, aufgemachte, hirschköpfe, hirschge, flötten",2,1781-04-24 04:00:00
368,"phins, paris, dichtern, singen, hört",1,1781-04-24 04:00:00
370,"ssigte, werbbezirkssystem, hinwegzuziehen, vereheligen, unentgeltliche",1,1781-04-24 04:00:00
371,"deleg, clavier, detto, abschrift, bremmerprücken",1,1781-04-24 04:00:00
374,"15490, veranlasset, gelegene, 23, gerichtl",1,1781-04-24 04:00:00
376,"observatorium, museo, astronomischen, hochsel, erst",1,1781-04-24 04:00:00
387,"suls, mongelas, winterm, schreibens, 9ten",1,1781-04-24 04:00:00
394,"lieferungen, goldener, nürnb, spiegel, kinder",1,1781-04-24 04:00:00
396,"possel, generalkomissair, oberaufse, malouet, arsenals",1,1781-04-24 04:00:00
397,"italiänischer, alceste, hoftheater, oper, aufgeführt",1,1781-04-24 04:00:00
398,"cabiljau, garonne, koffee, 300000, 3000",1,1781-04-24 04:00:00
399,"höchstdie, aussteigen, direktor, akademie, titl",1,1781-04-24 04:00:00
404,"math, calculat, kind, alt, ",3,1781-04-24 04:00:00
406,"richter, landesfürstl, rath, rathgeb, grossbitannien",1,1781-04-24 04:00:00
407,"dienstbare, obstgär, schlächtigen, 3mädige, zilkerin",1,1781-04-24 04:00:00
409,"würdigen, schotten, zun, schutzverwandten, giessler",2,1781-04-24 04:00:00
410,"verordnung, hochlöbl, dies, stunden, gewöhnlichen",3,1781-04-24 04:00:00
421,"1772, 1771273, 177273, 40451, erlangen",1,1781-04-24 04:00:00
423,"phil, philos, doct, mayer, lang",2,1781-04-24 04:00:00
425,"leop, valentin, bürgl, morbis, leonh",1,1781-04-24 04:00:00
431,"fox, terdrückt, lärmte, unddas, herzugeben",1,1781-04-24 04:00:00
432,"scharmüzel, merklich, gelitten, amerika, ner",1,1781-04-24 04:00:00
434,"schlittten, rennschlitten, federbüschen, behängt, rauchfangkehrer",1,1781-04-24 04:00:00
437,"honnore, infiniment, schreibende, princesse, prince",1,1781-04-24 04:00:00
440,"ministerialbankodeputationspräsiden, manimanipulation, pulation, hungarn, zurückgefahren",2,1781-04-24 04:00:00
444,"suderelische, leopoldstadt, haus, süssenbrunn, leopoldau",1,1781-04-24 04:00:00
445,"sowollenwirin, kopien, einzuschalten, ermanglen, drucke",1,1781-04-24 04:00:00
447,"johannesg, 1012, beutel, fürstl, berschina",1,1781-04-24 04:00:00
449,"burgermeister, landesfürstl, richter, rä, stadtrichter",2,1781-04-24 04:00:00
468,"kommitte, jnstruktion, ostin, errichte, schlüsse",1,1781-04-24 04:00:00
470,"gelegeletaschenbuch, lustweg, neuerfundner, kolloredischen, staatz",2,1781-04-24 04:00:00
479,"fleischm, am, fleisch, hauermeisters, fleischhacker",1,1781-04-24 04:00:00
483,"briliktschi, effendi, erledigte, bisherigen, geworden",1,1781-04-24 04:00:00
488,"adel, integrum, activum, accordiret, adnum",3,1781-04-24 04:00:00
497,"margaret, moos, pfeiffer, margarethen, deshalb",1,1781-04-24 04:00:00
499,"wintermonats, 1777, 1781, herbstmonat, wien",3,1781-04-24 04:00:00
501,"septemb, wien, regensburgischen, treviglio, bischöflich",1,1781-04-24 04:00:00
505,"liechtenst, 628, leopoldst, alt, am",1,1781-04-24 04:00:00
517,"nürnb, dean, nordmark, wirtens, gr",2,1781-04-24 04:00:00
529,"hohengerolzeck, ehrenritter, kapitular, erwin, leyen",3,1781-04-24 04:00:00
531,"wille, gnädigster, geschiehet, hieran, denn",1,1781-04-24 04:00:00
537,"brücke, kirchne, strator, anderlische, leeberischen",2,1781-04-24 04:00:00
540,"mariah, nr, sterng, auster, alt",2,1781-04-24 04:00:00
543,"kupferschmidm, rathgässel, viktoria, wieser, bürgl",1,1781-04-24 04:00:00
556,"norden, gräfinn, grönningen, frau, hungarn",11,1781-04-24 04:00:00
561,"lehrbuch, österreichische, männern, gebet, 12",1,1781-04-24 04:00:00
562,"suderelisch, auszufeilen, verwilliget, josephstadt, liegende",1,1781-04-24 04:00:00
568,"koch, lerchenf, nr, anna, rosenbergers",1,1781-04-24 04:00:00
571,"theres, alsterg, vivat, , ",2,1781-04-24 04:00:00
573,"hofgreissl, gruber, grueber, bürgl, mich",2,1781-04-24 04:00:00
574,"gesegneten, erzherzoginn, frau, erzherzogl, bischöfl",1,1781-04-24 04:00:00
579,"seewesens, gewärtig, folglich, eines, man",1,1781-04-24 04:00:00
-1,"deutschen, ungarn, hungarn, 1783, böhmen",1176,1782-11-24 08:00:00
0,"onkeln, sah, feindlichen, drang, gebiete",24,1782-11-24 08:00:00
1,"stallm, messgesange, noten, privil, ächten",53,1782-11-24 08:00:00
2,"flotte, schiffe, schiffen, hafen, schaluppen",27,1782-11-24 08:00:00
3,"prozession, erzbischöfl, metropolitankirche, stockam, jesuitengebäude",16,1782-11-24 08:00:00
4,"tische, verschiedene, soffen, sessel, licitando",39,1782-11-24 08:00:00
5,"königl, pathenstelle, unddon, karlsorden, demzufolge",14,1782-11-24 08:00:00
6,"russisch, russland, russischen, kriegsfalle, persern",13,1782-11-24 08:00:00
8,"kuchel, zimmer, keller, ebener, zimmern",16,1782-11-24 08:00:00
9,"pferde, stadtda, geebenet, belegung, herleihen",5,1782-11-24 08:00:00
10,"barletta, erdstoss, puglien, erfüllt, verspüret",1,1782-11-24 08:00:00
11,"verstorb, hyder, aly, krankheit, cheringapatam",11,1782-11-24 08:00:00
12,"deutschen, deutsche, buchhandlung, büchern, landkarten",36,1782-11-24 08:00:00
13,"schitzenau, bandirekt, schrökhs, schückel, schiferl",10,1782-11-24 08:00:00
14,"gaheissischer, consist, kollegii, præsespraeses, satzbrief",3,1782-11-24 08:00:00
15,"frankreich, eingiebt, professordermathematikzulille, bresterexpedition, brennbaren",7,1782-11-24 08:00:00
16,"wochenblatt, grösser, erkundigt, erzählen, liebe",1,1782-11-24 08:00:00
17,"foderung, körndlischen, spindle, körndlische, ærisaliænialiaeni",5,1782-11-24 08:00:00
18,"feuer, häuser, neuerdings, verwüstender, brandes",8,1782-11-24 08:00:00
20,"durchl, wilh, guardarobba, didak, se",1,1782-11-24 08:00:00
21,"haus, göblisches, royssisches, schiesslisches, fuchsisches",25,1782-11-24 08:00:00
23,"domini, 1713, mayn, 1748, anno",2,1782-11-24 08:00:00
24,"venet, historia, majus, ecclesiasticis, massue",10,1782-11-24 08:00:00
25,"schätzung, termin, weder, dritten, zweyten",9,1782-11-24 08:00:00
26,"ungarn, stipendium, fundatoris, willensmeinung, stiftung",14,1782-11-24 08:00:00
27,"prosnitz, verlassenschaft, staabsquartier, persönlich, anberaumt",3,1782-11-24 08:00:00
28,"kremmerische, jerka, rennw, gläubiger, am",2,1782-11-24 08:00:00
29,"hünerkr, anna, hangelbergerin, bürste, kilinssin",5,1782-11-24 08:00:00
30,"binnen, wochen, verlassenschaften, sonstige, drigen",6,1782-11-24 08:00:00
31,"judeng, mill, herold, million, behaupten",4,1782-11-24 08:00:00
32,"effekten, schiegls, zinnerische, effecten, prätiosen",21,1782-11-24 08:00:00
33,"anna, alt, mariah, dienstm, theresia",17,1782-11-24 08:00:00
34,"grinzing, adactum, gärtel, kurator, pollezkischen",2,1782-11-24 08:00:00
35,"einzunehmen, victring, cienserstifte, verfertigenden, frühstück",3,1782-11-24 08:00:00
36,"weingärten, schaftswohnung, hauszuverlassen, baumschulen, erdballen",4,1782-11-24 08:00:00
39,"körndl, standene, hofe, joseph, königl",2,1782-11-24 08:00:00
41,"garss, haupp, markts, hiesig, burgl",1,1782-11-24 08:00:00
42,"irrte, öfnen, grossbrit, wachsamkeit, hinlängliche",2,1782-11-24 08:00:00
43,"summa, kind, darunter, personen, gestohlener",8,1782-11-24 08:00:00
44,"kindbette, theresa, vollkom, hergestellt, london",2,1782-11-24 08:00:00
45,"ungekündigtes, goekingks, betreff, journal, papier",1,1782-11-24 08:00:00
46,"foderung, verschuldeten, anmeldung, klage, klasse",7,1782-11-24 08:00:00
48,"übetroffen, nussbaumerisches, gehoft, weinlese, ergiebig",4,1782-11-24 08:00:00
49,"kauflustige, stadtkanzley, licit, früh, obestimmten",8,1782-11-24 08:00:00
50,"gewinnsten, gehoben, zahlen, linz, lotterie",1,1782-11-24 08:00:00
51,"septemb, ersterwehnten, meu, mayerische, beln",5,1782-11-24 08:00:00
53,"burgersp, burgerl, mayrberger, in, gewest",1,1782-11-24 08:00:00
56,"königl, xxxandem, kolonins, gxxxllxxx, jglau",1,1782-11-24 08:00:00
57,"blaev, galizis, gebeth, carolivi, päpstl",2,1782-11-24 08:00:00
58,"behandlung, willens, abzuwarten, kaufen, rathhause",3,1782-11-24 08:00:00
59,"französ, diplomatik, archive, batteney, moine",7,1782-11-24 08:00:00
60,"hervorgekommen, gelderpressungen, unterpfands, debitor, schuldpost",3,1782-11-24 08:00:00
61,"1493, 126, landst, 1174, deto",3,1782-11-24 08:00:00
63,"janel, trompet, wenzel, trompeten, paucken",1,1782-11-24 08:00:00
64,"kupf, kupfer, bauanschlag, handgreiflicher, mühlenbaukunst",6,1782-11-24 08:00:00
65,"türken, pascha, pforte, zurückgehe, vonscutari",4,1782-11-24 08:00:00
67,"1783, amort, wien, wolstein, 1796",9,1782-11-24 08:00:00
68,"novemb, zweyten, zwey, für, ten",2,1782-11-24 08:00:00
69,"gräfl, verwalteramte, von, dem, der",6,1782-11-24 08:00:00
70,"gellin, landgr, schlagfluss, alt, gäh",5,1782-11-24 08:00:00
71,"wilkinson, cheap, michie, keating, john",1,1782-11-24 08:00:00
72,"kais, serl, kai, regierende, beede",1,1782-11-24 08:00:00
74,"gattermannin, spann, scriptionszeit, krin, hironymus",2,1782-11-24 08:00:00
75,"czernoviz, august, july, augusti, alt",2,1782-11-24 08:00:00
79,"grabstichel, verheisst, erfindungsvermögen, überarbeitet, schärfung",1,1782-11-24 08:00:00
80,"freyssmuth, niederlagsfaktoren, tintischen, papier, gewest",1,1782-11-24 08:00:00
81,"bisher, kaiserl, an, dem, der",1,1782-11-24 08:00:00
82,"moo, canterbury, taufhandlung, verrich, amalia",1,1782-11-24 08:00:00
83,"preusse, metrop, lebhafter, lebensgefahr, gährung",2,1782-11-24 08:00:00
85,"konkurses, czech, gesammte, gerichte, bewegliche",3,1782-11-24 08:00:00
86,"normalmessgesang, predigtlied, lita, gebeter, ney",4,1782-11-24 08:00:00
87,"oktob, hofbaudirektion, handlungstagsatzung, october, hierinn",12,1782-11-24 08:00:00
88,"commission, finanzstandes, aufsehens, offenherzigkeit, hinreichen",3,1782-11-24 08:00:00
89,"landesfürstl, magistrat, fischerhäusel, magistrate, von",3,1782-11-24 08:00:00
90,"reales, deutschen, kuriöses, zeitungslexikon, fräumäurer",3,1782-11-24 08:00:00
93,"excell, da, die, excel, excellenz",1,1782-11-24 08:00:00
95,"lushington, myns, böshönig, fragners, smith",2,1782-11-24 08:00:00
96,"aendte, ham, mel, befestigt, korb",1,1782-11-24 08:00:00
97,"gräfl, von, der, sephst, lilien",5,1782-11-24 08:00:00
98,"konsist, hie, landrechte, landrechten, jeden",2,1782-11-24 08:00:00
101,"niederlande, holland, amsterdam, haag, 7ne",1,1782-11-24 08:00:00
102,"302, alt, 58, stadt, 80",4,1782-11-24 08:00:00
103,"physiognomische, lavaters, menschenkenntniss, fragmente, menschenliebe",1,1782-11-24 08:00:00
104,"letztemal, erfodern, eigens, früher, hören",2,1782-11-24 08:00:00
105,"spada, oberlieutenant, graf, adjutant, general",1,1782-11-24 08:00:00
106,"unterzeichnung, bothschafter, vermitlung, grosbritanniens, definitivfriedens",4,1782-11-24 08:00:00
109,"bonholtzer, zeichmachers, gilgenberg, miaskowski, zimmermann",1,1782-11-24 08:00:00
111,"traf, nacht, folgenden, darauf, jn",1,1782-11-24 08:00:00
112,"haussamtgartenzuverkaufen, verkaufen, haus, täglich, tagwerk",6,1782-11-24 08:00:00
113,"freyherrl, herrs, da, gerarde, heiligk",3,1782-11-24 08:00:00
115,"geldsummen, ersparet, einrichtungen, 000, guld",1,1782-11-24 08:00:00
116,"jn, stadt, der, fruh, neu",4,1782-11-24 08:00:00
117,"verordnungen, april, erscheinen, vom, samstag",1,1782-11-24 08:00:00
119,"751, 237, 327, 219, landst",4,1782-11-24 08:00:00
120,"aufgehobenen, eimer, nachbeschriebene, pindersundpartshäuser, klostergütern",3,1782-11-24 08:00:00
122,"227, neust, josepha, böhmen, am",1,1782-11-24 08:00:00
124,"widmanin, radlin, contum, contumaz, alt",2,1782-11-24 08:00:00
125,"leipz, neapel, kammerd, ungeb, botan",8,1782-11-24 08:00:00
127,"belgrad, böhmen, prag, bibliothekar, fortkom",3,1782-11-24 08:00:00
128,"rechtsbehelfe, namhaft, diensam, einzuschreiten, sachwalter",5,1782-11-24 08:00:00
129,"universalerb, intestato, obgedacht, vaters, nes",1,1782-11-24 08:00:00
130,"baldauf, neumann, franz, rossau, musik",3,1782-11-24 08:00:00
131,"hofnungsvollen, neugebohrne, gesundheits, vereinigte, prinzessin",1,1782-11-24 08:00:00
133,"deto, stüferner, weissenkirchner, mugler, 1781",43,1782-11-24 08:00:00
134,"hohh, horben, höfinger, holl, kehrten",7,1782-11-24 08:00:00
135,"math, alt, 74, 70, 21",6,1782-11-24 08:00:00
136,"tagl, peiser, skrawal, vaschinger, weyer",7,1782-11-24 08:00:00
137,"fardella, herzoginn, erzherzoginn, sardinien, parma",2,1782-11-24 08:00:00
138,"1773, stü, 1772, deto, ferner",3,1782-11-24 08:00:00
139,"dannderrath, burgermeister, hörl, huber, rath",1,1782-11-24 08:00:00
140,"fabian, tischl, böhmen, kaiserl, bernstein",1,1782-11-24 08:00:00
141,"zeitungskomtoir, weissschimmel, löwelpastey, abgerichtet, schwarzbraune",3,1782-11-24 08:00:00
142,"lateinischen, aus, spanien, madrid, dem",1,1782-11-24 08:00:00
143,"realitäten, wohlschackische, univers, jrkaische, matschackische",9,1782-11-24 08:00:00
144,"biederbach, benötigten, schmidtsberg, bungsdokumenten, hainbergerischen",1,1782-11-24 08:00:00
146,"goekingk, krankenh, ubert, pappenh, pozzi",1,1782-11-24 08:00:00
148,"decemb, ehe, december, am, haus",2,1782-11-24 08:00:00
150,"decemb, pfalzbayerisches, pflegamt, dedöcker, kreisamt",3,1782-11-24 08:00:00
151,"excell, nürnberg, cont, 31, statt",1,1782-11-24 08:00:00
152,"pansard, goldarb, völckin, goldstick, gold",2,1782-11-24 08:00:00
153,"gaming, kühe, erfoderungsfall, einjähri, kalbinen",3,1782-11-24 08:00:00
154,"anzuhören, sicher, vorzuladen, abgegangen, passivschul",3,1782-11-24 08:00:00
156,"rechtssache, angebrachte, erblanden, ausgeführet, entschieden",6,1782-11-24 08:00:00
157,"überzeugt, ich, dringensten, bigte, druckpapiers",4,1782-11-24 08:00:00
158,"venedig, jüngsterwähnte, veneziani, ararbeitet, beitet",1,1782-11-24 08:00:00
161,"löbl, des, von, zarus, frepherrl",2,1782-11-24 08:00:00
163,"ungarn, uibungssäle, ungarischenkammer, statthaltereyraths, balassa",6,1782-11-24 08:00:00
166,"deutschen, contracte, handelsbücher, deut, lität",1,1782-11-24 08:00:00
167,"verordnung, löbl, dies, allhiesig, deleg",3,1782-11-24 08:00:00
168,"schügel, schmidtuz, weidlich, bürgl, friseur",4,1782-11-24 08:00:00
169,"ingolst, stubenvat, gump, hungelgr, ankündung",5,1782-11-24 08:00:00
170,"chronicarum, origo, chronica, norimb, cum",2,1782-11-24 08:00:00
171,"fichsel, wirthschafts, meidling, grundstücke, obbestimmten",1,1782-11-24 08:00:00
172,"cath, stief, eva, , ",3,1782-11-24 08:00:00
175,"ferdinand, casati, theresa, holte, luftkugeln",1,1782-11-24 08:00:00
176,"elis, harder, elion, jacobi, aria",6,1782-11-24 08:00:00
178,"gross, böhmen, im, kutsch, gebs",1,1782-11-24 08:00:00
179,"vervollkommenung, derbarkeit, hauptsächlichste, begnü, spielwerk",2,1782-11-24 08:00:00
180,"superintendenten, burgerspitals, spitalmei, spitalmeister, gr",2,1782-11-24 08:00:00
181,"kuchelgarten, bestand, kleebinder, kohlischer, spiegelritter",1,1782-11-24 08:00:00
182,"feuerwerk, dertempeldersonne, schönes, henswürdig, abzubrennen",1,1782-11-24 08:00:00
186,"ersuch, schwerdhof, landschaftl, gediehene, hermann",1,1782-11-24 08:00:00
189,"oberpostamte, hamburg, ausgegeben, reichs, frankfurt",2,1782-11-24 08:00:00
190,"cath, alt, catharina, catholis, cathar",1,1782-11-24 08:00:00
191,"dorn, leibeserben, eingangsersagten, erfolgendes, erbschaftsantheils",3,1782-11-24 08:00:00
192,"1780, 1782, mill, 1781, presssburg",9,1782-11-24 08:00:00
197,"hütten, wornach, schaden, jedermann, wissen",1,1782-11-24 08:00:00
200,"juden, rabbiner, cerimo, nialsachen, ausländi",3,1782-11-24 08:00:00
203,"aufmerksam, mutter, hierauf, ihn, macht",1,1782-11-24 08:00:00
204,"christ, dem, jesu, kinde, christian",1,1782-11-24 08:00:00
205,"barb, barbarey, fuselierkorps, häfer, dietzin",2,1782-11-24 08:00:00
206,"sinking, räumte, unendlichmal, eingriff, freyheitsbrief",1,1782-11-24 08:00:00
208,"franzi, kossack, binderin, militärspit, led",2,1782-11-24 08:00:00
210,"wien, deutsche, vienne, beygesetzten, ordenscommenda",3,1782-11-24 08:00:00
211,"augsb, augsp, augsbug, conv, augs",1,1782-11-24 08:00:00
214,"deutschen, sprache, dition, expe, italiänisch",2,1782-11-24 08:00:00
216,"stroblischer, konleute, stoll, karl, strodl",2,1782-11-24 08:00:00
218,"böhmen, urtheiles, ausgerau, schelling, verunglücktes",1,1782-11-24 08:00:00
219,"1784, 1785, aerariums, ehrlich, verpachten",5,1782-11-24 08:00:00
220,"bill, ofterwähnte, gekündiget, theilhaber, motto",6,1782-11-24 08:00:00
223,"frankf, gr, frank, sebastian, torik",3,1782-11-24 08:00:00
225,"leopoldst, ludw, 13, leopold, leopoldi",1,1782-11-24 08:00:00
226,"rührende, sittliche, unterhaltungen, frauenzimmer, leipz",1,1782-11-24 08:00:00
227,"gesserin, contumaz, 28, alt, allg",1,1782-11-24 08:00:00
228,"fürstl, von, entschlieffe, cell, der",1,1782-11-24 08:00:00
229,"gunderstorf, tionen, sta, pinder, ludwigstorfischen",2,1782-11-24 08:00:00
233,"1783, ordinariaten, faustin, citat, patriot",38,1782-11-24 08:00:00
234,"imandertenwirddembeklagtender, verwilligter, rathschlag, geständig, ergan",1,1782-11-24 08:00:00
235,"1787, gebund, 1785, wien, juden",1,1782-11-24 08:00:00
237,"viii, sterl, , , ",1,1782-11-24 08:00:00
240,"schuh, zoll, leder, breit, hinzuthuung",1,1782-11-24 08:00:00
241,"geschätzte, burgl, mathiassche, berl, horn",2,1782-11-24 08:00:00
243,"chyrurgs, hotz, doct, erstbesagter, dominik",2,1782-11-24 08:00:00
249,"mart, alt, märz, dem, sontag",2,1782-11-24 08:00:00
250,"retzer, seph, luftkugeln, anmerkung, jo",4,1782-11-24 08:00:00
251,"generalversammlung, bestättigt, aktien, fertigung, si",1,1782-11-24 08:00:00
256,"hungarn, burgerspit, konrad, kohl, thurm",1,1782-11-24 08:00:00
257,"deutschen, 1783, geschil, wienerbüchelschreiber, wiener",15,1782-11-24 08:00:00
258,"verkauft, waldamts, gerung, stei, meistbietende",3,1782-11-24 08:00:00
260,"stadtrichter, rath, gebäudes, sitzungen, kanzler",2,1782-11-24 08:00:00
262,"deutsche, handlungszeitung, nachzahlung, tuts, zusendung",2,1782-11-24 08:00:00
266,"kollmitzberg, hauptamte, zimentirungs, jahrmarkt, obgedachtem",1,1782-11-24 08:00:00
267,"gaissfuss, rosner, alt, thury, milit",2,1782-11-24 08:00:00
269,"tanzsaal, wirth, neuer, wirthshaus, bestand",1,1782-11-24 08:00:00
270,"batthianischen, heumarkt, verkaufen, 105, liechtensteinischen",2,1782-11-24 08:00:00
272,"rosswarts, geschlag, rossau, 18, castoreum",2,1782-11-24 08:00:00
279,"wiener, zeitung, nachtrag, anhang, kindergeschichte",7,1782-11-24 08:00:00
280,"uhlich, adam, dick, albert, bürgl",2,1782-11-24 08:00:00
281,"weine, weyl, befehl, , ",4,1782-11-24 08:00:00
282,"eröfnende, angeerbet, fähigkeiten, vaters, bleibt",1,1782-11-24 08:00:00
287,"jnsbesondere, ausbrüche, landschaftl, sichtbar, wohnten",2,1782-11-24 08:00:00
289,"akademische, gewiedmet, schloss, trift, sternwarte",3,1782-11-24 08:00:00
292,"landesfürstl, landsfürstl, camm, palatinal, grossfürstl",1,1782-11-24 08:00:00
294,"amts, kanzley, plankenberg, einzufinden, amtskanzley",3,1782-11-24 08:00:00
295,"handelsgesellschaft, stritt, parlamentsglieder, serste, ostendischen",2,1782-11-24 08:00:00
298,"fürstl, grast, von, dem, des",2,1782-11-24 08:00:00
302,"kezerey, freymüthig, toleranz, vorurtheil, lichten",1,1782-11-24 08:00:00
306,"convoc, widerspruch, welcher, , ",1,1782-11-24 08:00:00
308,"schneiderm, schneidermeist, schneiderns, schneider, eulog",2,1782-11-24 08:00:00
309,"mittlung, bewilli, gung, preussen, königs",1,1782-11-24 08:00:00
310,"hohenecker, wagenhofer, mathias, joseph, holzinger",1,1782-11-24 08:00:00
312,"carefully, corrected, new, edition, auflage",1,1782-11-24 08:00:00
315,"inhaltlichen, kundschaftsbogen, gefeilet, pfänder, einkommenden",1,1782-11-24 08:00:00
316,"1778, 1777, aussenbleibungsfalle, commende, februar",1,1782-11-24 08:00:00
317,"anmerkun, bitten, waren, gen, seine",1,1782-11-24 08:00:00
318,"judic, judiciodeleg, aufgestellten, gerichtsordnung, erblande",2,1782-11-24 08:00:00
320,"lebenslänglich, utimatum, urtheilspruch, absetzungg, kriegsgerichts",2,1782-11-24 08:00:00
325,"1781, eimer, deto, georgizeit, anfangend",4,1782-11-24 08:00:00
326,"bleiche, schmiersai, vortrefliche, oel, leinwand",3,1782-11-24 08:00:00
328,"löbl, bourne, dem, von, reitenauer",2,1782-11-24 08:00:00
329,"37, getraidm, neust, gumpend, gebund",4,1782-11-24 08:00:00
331,"bücher, bibliothekdien, andertes, lektüre, drittes",4,1782-11-24 08:00:00
333,"1765, rotterd, calvinisme, parties, histoire",2,1782-11-24 08:00:00
335,"erzbischöfl, marq, botschafter, , ",4,1782-11-24 08:00:00
338,"1779, leipz, iius, musgrave, dec",2,1782-11-24 08:00:00
339,"landgr, gäh, 20, span, artikeln",3,1782-11-24 08:00:00
340,"obenbesagten, schaftskanzley, licit, kauflustige, stige",3,1782-11-24 08:00:00
341,"1764, 1760, hässliche, weiber, frofroher",1,1782-11-24 08:00:00
346,"bürgern, einzelnen, diejeni, verwandten, versetzt",1,1782-11-24 08:00:00
350,"königl, der, dem, von, ",1,1782-11-24 08:00:00
351,"preuss, gebotene, reichshofkanzley, vermittlung, officialis",2,1782-11-24 08:00:00
357,"werkszünfte, eröfneten, zug, fahnen, morgens",1,1782-11-24 08:00:00
359,"reichsgräft, hiesig, eichhörnen, spezies, gattung",1,1782-11-24 08:00:00
361,"glückwunsch, hochw, 15, dank, abzustatten",1,1782-11-24 08:00:00
367,"preussis, preuss, thol, thlr, ca",2,1782-11-24 08:00:00
368,"versität, chyrurgus, paris, deutschlands, uni",1,1782-11-24 08:00:00
370,"sanktion, entstehe, getrostem, indess, bürgerkompagnien",2,1782-11-24 08:00:00
371,"deleg, clavier, detto, abschrift, dem",1,1782-11-24 08:00:00
378,"schleunige, geleistet, hilfe, gefolge, handen",1,1782-11-24 08:00:00
387,"zusendungen, kirchenzeitung, franko, zugeschickt, ankündigung",1,1782-11-24 08:00:00
389,"penthers, baukunst, bürgerlichen, ausführliche, anleitung",1,1782-11-24 08:00:00
394,"27, 11, nr, 17, 28",3,1782-11-24 08:00:00
397,"pankraz, musiks, sundermayer, erzh, schauspie",2,1782-11-24 08:00:00
400,"kais, kuhr, fürstl, kumin, ludov",2,1782-11-24 08:00:00
402,"kirchlechnerische, satzbriefe, satzbrief, briefe, ruhmtüchtig",1,1782-11-24 08:00:00
406,"richter, landesfürstl, rath, unnirten, montserrater",4,1782-11-24 08:00:00
407,"1783, augsburg, klop, gräsern, rindviehzucht",1,1782-11-24 08:00:00
408,"heinr, hebelaker, heindörfer, 747, abbé",3,1782-11-24 08:00:00
410,"verordnung, hochl, dies, hochlöbl, 12",3,1782-11-24 08:00:00
411,"kimmeriische, obligation, obligationen, schedlische, obligatio",1,1782-11-24 08:00:00
414,"wirthschaftsein, winklberg, messinger, klaubendorf, kreditores",1,1782-11-24 08:00:00
416,"bewilligung, hochlöbl, einer, genehmhal, beförderet",1,1782-11-24 08:00:00
417,"vorausbezahlt, eintretten, postpapier, band, ankauf",1,1782-11-24 08:00:00
419,"mayerische, häusel, mayerhof, bestand, mayer",2,1782-11-24 08:00:00
420,"præspraes, öst, hofdekret, wissenschaft, jedermanns",1,1782-11-24 08:00:00
426,"512, damalige, verstarb, erzbi, schof",1,1782-11-24 08:00:00
429,"wagnerisches, wagner, joseph, wagneris, haus",2,1782-11-24 08:00:00
431,"fox, bill, commissaire, vorschlag, berechnungen",12,1782-11-24 08:00:00
435,"burgl, lukas, willibald, hoheitenleitter, saban",4,1782-11-24 08:00:00
438,"diepolzer, 50, span, deto, 50000",2,1782-11-24 08:00:00
440,"konferenzminister, hochsel, bayerischen, vollmächtigten, boten",1,1782-11-24 08:00:00
443,"torrington, milord, gleiches, ehestens, englische",1,1782-11-24 08:00:00
446,"haarbän, 680, rothem, obbestimten, tä",1,1782-11-24 08:00:00
447,"criticum, codicem, 29zuerdb, indicat, pandectarum",2,1782-11-24 08:00:00
448,"word, typogr, beschaut, vers, lingier",3,1782-11-24 08:00:00
452,"nepom, nichts, tluckische, nietsch, anders",2,1782-11-24 08:00:00
456,"dritten, beysatz, 1784, schätzung, zweyten",3,1782-11-24 08:00:00
459,"kupf, cassale, krems, vendôme, wäre",3,1782-11-24 08:00:00
470,"viehseuchen, gottl, grundbuchs, bauern, buch",2,1782-11-24 08:00:00
472,"hochwürd, eines, hocherwehnte, gespannen, hochfürstl",1,1782-11-24 08:00:00
475,"rindvieh, rieger, burgerl, riegele, ritschel",2,1782-11-24 08:00:00
476,"normalmessgesang, nachricht, besonders, löschenkohl, signat",2,1782-11-24 08:00:00
482,"christen, herzlichen, zusammengestanden, bekännt, pilosophischen",4,1782-11-24 08:00:00
496,"oesterr, wilh, oester, altes, eisen",3,1782-11-24 08:00:00
497,"margareth, 67, margaret, lady, alt",1,1782-11-24 08:00:00
498,"wegmachen, frisiren, umgehen, garderobe, bart",1,1782-11-24 08:00:00
500,"septemb, angust, termine, juli, 3ten",2,1782-11-24 08:00:00
501,"septemb, wien, regensburgischen, treviglio, bischöflich",3,1782-11-24 08:00:00
513,"trebitschische, kreditores, landererische, gläubiger, speckerische",2,1782-11-24 08:00:00
514,"schuhm, würkl, schäl, schich, abök",3,1782-11-24 08:00:00
515,"fronte, sonne, zeiget, ländliche, anmuthsvolle",1,1782-11-24 08:00:00
517,"nürnb, gr, dean, nordmark, wirtens",1,1782-11-24 08:00:00
519,"jägers, viennæviennae, wolf, wolfg, glaserergewölb",1,1782-11-24 08:00:00
535,"marx, penkhin, rieger, 22, alt",1,1782-11-24 08:00:00
536,"krames, weingarten, andre, schuster, schuft",1,1782-11-24 08:00:00
540,"mariah, 11, 12, sterng, auster",2,1782-11-24 08:00:00
541,"1776, advente, feistriz, dijon, abzuge",1,1782-11-24 08:00:00
542,"1774, allergerechtest, rescripts, erlassenen, bewogen",1,1782-11-24 08:00:00
543,"drechslers, 65, schmid, alt, 76",1,1782-11-24 08:00:00
546,"behüte, gott, mein, mylords, mylord",1,1782-11-24 08:00:00
548,"holzleithnerische, effekten, holz, kolorirt, hartem",1,1782-11-24 08:00:00
549,"prosper, sinzendorfischen, ernstbrunn, gräflich, wasmassen",1,1782-11-24 08:00:00
550,"zeitungskomtoir, journal, zusendungen, statistischen, lenfällige",3,1782-11-24 08:00:00
553,"eimerige, unbeschlagene, 300, gundramsdorfer, straussen",4,1782-11-24 08:00:00
557,"hubce, wochenstück, 11te, koller, weltpriester",2,1782-11-24 08:00:00
559,"severin, stauber, tischl, sebast, alt",1,1782-11-24 08:00:00
564,"mönöscher, tokajerausbruch, grauweine, letztged, champagner",2,1782-11-24 08:00:00
567,"steigerungsweis, meistbie, tenden, verkauft, erbsenhandel",1,1782-11-24 08:00:00
571,"theres, alsterg, vivat, , ",2,1782-11-24 08:00:00
576,"leipz, querfol, neefe, damn, eichstädt",1,1782-11-24 08:00:00
577,"alsterb, am, alsterbach, , ",2,1782-11-24 08:00:00
-1,"deutschen, ungarn, hungarn, contra, böhmen",1801,1784-06-25 12:00:00
0,"berard, dragonerregiments, trommelschlag, einzurucken, urlaubszeit",21,1784-06-25 12:00:00
1,"ulm, nordstill, justit, perche, tutelætutelae",114,1784-06-25 12:00:00
2,"schiffe, flotte, bord, venezianische, kronstadt",21,1784-06-25 12:00:00
3,"bischofe, bischof, kirche, metropolitankirche, vermieden",14,1784-06-25 12:00:00
4,"verkauft, licitando, sessel, zinn, silber",53,1784-06-25 12:00:00
5,"bersevitzy, leutschan, comitatsnotar, betrübet, innländliche",7,1784-06-25 12:00:00
6,"russischen, russische, türken, russland, russisch",18,1784-06-25 12:00:00
8,"kuchel, zimmern, keller, stallung, zimmer",16,1784-06-25 12:00:00
9,"pferde, pferderennen, pferd, wettkämpfenden, klampfermeister",10,1784-06-25 12:00:00
10,"ungarn, wassers, wasser, kälte, schifbarmachung",18,1784-06-25 12:00:00
11,"beklagt, seines, starb, todes, emortuali",16,1784-06-25 12:00:00
12,"deutschen, deutsche, büchern, buchhandlung, landkarten",33,1784-06-25 12:00:00
13,"schäferey, passauerhof, diesfällig, schönborn, contra",27,1784-06-25 12:00:00
14,"novemb, vormundschaft, fronzösischen, pachenburgische, cirat",15,1784-06-25 12:00:00
15,"ungeprägten, unterhandlun, calonne, kabinete, dringendste",2,1784-06-25 12:00:00
16,"maron, fayh, levi, modo, jsaak",6,1784-06-25 12:00:00
17,"sprüche, verlassenschaft, liquidiren, anfoderungen, habende",11,1784-06-25 12:00:00
18,"roda, räthigen, strecker, znaymerkreise, schungsmittel",2,1784-06-25 12:00:00
19,"besitzungen, gesandre, klöge, bewiesenen, jens",3,1784-06-25 12:00:00
20,"durchl, wilh, guardarobba, didak, se",3,1784-06-25 12:00:00
21,"haus, zürnichsches, müllehners, 199, tauben",34,1784-06-25 12:00:00
22,"majest, ma, , , ",1,1784-06-25 12:00:00
23,"schlagflusse, urplötzlich, mittagstafel, 1720, gerührt",1,1784-06-25 12:00:00
24,"patrum, pcto, rasche, pertlnentibus, centenaria",10,1784-06-25 12:00:00
25,"schätzung, dritten, zweyten, termin, bestimmt",24,1784-06-25 12:00:00
26,"gabriely, sektor, goepferth, unschrift, seidengesellschaft",4,1784-06-25 12:00:00
27,"hinlänglich, legitimirenden, convoc, gehandelt, eingeantwortet",11,1784-06-25 12:00:00
28,"gläubiger, briningerische, brunnerische, pauers, kleinotzische",33,1784-06-25 12:00:00
29,"anna, schokmayrin, sellizität, schafrathin, öffentsiches",13,1784-06-25 12:00:00
30,"wochen, binnen, jahr, tägen, satzbrief",15,1784-06-25 12:00:00
31,"betragen, 1000, kaviar, sporkogewicht, pctoad",6,1784-06-25 12:00:00
32,"effekten, wildische, schiegls, zinnerische, effecten",24,1784-06-25 12:00:00
33,"böhmen, alt, anna, mariah, rosalia",14,1784-06-25 12:00:00
34,"juden, residenzstadt, magistrat, schuldigen, feilbietung",21,1784-06-25 12:00:00
35,"teiler, vorsaale, festlichen, baldachime, wiederkehrten",5,1784-06-25 12:00:00
36,"binderische, weingärten, bäume, tugiesischer, gartnerzehend",9,1784-06-25 12:00:00
37,"dekonomie, richtenberg, verdienstvolle, naturkunde, meidinger",2,1784-06-25 12:00:00
39,"komp, georgi, beres, koller, johann",3,1784-06-25 12:00:00
41,"residenzstadt, magistrat, haupt, anlangen, bekannt",17,1784-06-25 12:00:00
42,"heimkehren, anführt, zusammentrift, zusammenstimm, westminster",3,1784-06-25 12:00:00
43,"summa, darunter, kind, personen, 15",13,1784-06-25 12:00:00
44,"fabrikwaaren, balgen, kohlbrenner, wettkampf, metzger",4,1784-06-25 12:00:00
45,"papier, abwischpapier, tögerln, talk, handschuhlederl",7,1784-06-25 12:00:00
46,"foderung, verschuldeten, wenn, klage, förmlichen",35,1784-06-25 12:00:00
47,"bethause, augsb, sonntags, hiesigen, montag",1,1784-06-25 12:00:00
48,"lieblingsgetränk, weine, hammer, privil, galoneportugiesischer",6,1784-06-25 12:00:00
49,"früh, licit, kauflustige, einzufinden, uhr",15,1784-06-25 12:00:00
50,"lottospiel, leuchter, ker, zen, lotterie",3,1784-06-25 12:00:00
51,"septemb, denwer, abgedruckt, versatzamt, wechselbrief",4,1784-06-25 12:00:00
52,"viola, violino, flauto, violon, violonc",6,1784-06-25 12:00:00
53,"spottl, burgerl, jgnaz, christoph, adam",2,1784-06-25 12:00:00
54,"esox, ntra, cornettyll, werbers, turelæturelae",5,1784-06-25 12:00:00
57,"cüstvin, vvlneribvs, sinds, gebeth, carolivi",2,1784-06-25 12:00:00
58,"hor, gewerbe, mine, stimmt, nannten",1,1784-06-25 12:00:00
60,"wenn, verschuldeten, masse, kompensationsrecht, vorgemerkt",12,1784-06-25 12:00:00
61,"1496, dickr, 1515, 1026, amburgo",3,1784-06-25 12:00:00
63,"hofdichters, whar, salmische, freyhrl, ode",2,1784-06-25 12:00:00
64,"abgefasste, geometrie, kupf, erlernen, 4ter",1,1784-06-25 12:00:00
65,"briese, türken, jnhalte, verän, dauern",1,1784-06-25 12:00:00
66,"hoftkriegsrath, depositenamt, depositis, bestandenen, übernommenen",1,1784-06-25 12:00:00
68,"novemb, ordnungsmässigen, verlassenschaftsabhandlung, diesfälligen, november",4,1784-06-25 12:00:00
69,"gräfl, verwalteramt, maulbeerbäumen, seidenbau, hössele",12,1784-06-25 12:00:00
70,"krugersir, 72, alt, 75, traitm",11,1784-06-25 12:00:00
71,"sichart, nekarsulmer, konsort, 776, marini",3,1784-06-25 12:00:00
73,"rathen, darum, sie, an, ",10,1784-06-25 12:00:00
74,"kottingbrunn, erbschaften, einberuffen, erbtheil, unacumin",2,1784-06-25 12:00:00
75,"1506, dienstag, juni, july, augusti",1,1784-06-25 12:00:00
79,"malerakademie, mahlt, vorzügen, ballspiele, typographische",3,1784-06-25 12:00:00
80,"freymaurer, dombechant, freymau, büttner, hegenmüller",2,1784-06-25 12:00:00
81,"2591, militairstand, einärndinen, diedensegenderzeitgenoffenund, justirut",1,1784-06-25 12:00:00
82,"vorgesteller, kaiserischer, wail, rosalia, ria",1,1784-06-25 12:00:00
83,"dörser, marktflecken, öster, pölten, städte",4,1784-06-25 12:00:00
84,"archetti, engekommen, nunzins, kurland, nunmehrige",1,1784-06-25 12:00:00
85,"konkurses, gerichte, lande, residenzstadt, czech",26,1784-06-25 12:00:00
86,"staates, nützlichen, gliedern, ächtka, ächtkatholischen",2,1784-06-25 12:00:00
87,"oktob, erfäyrt, belichte, befór, ausehnlichsten",5,1784-06-25 12:00:00
88,"generalschatzmeister, commissairen, kommissair, handlungskompagnie, anpassenden",4,1784-06-25 12:00:00
89,"landesfürstl, magistrat, magistrate, ritterzunft, gmind",8,1784-06-25 12:00:00
90,"deutsche, deutschen, zeitungs, pcto, michaeler",9,1784-06-25 12:00:00
91,"protokolsauszüge, reichshofräthliche, levoezkyvonspleny730, habervon19bis22, kornvon28bis33",7,1784-06-25 12:00:00
95,"cernua, nath, perca, tember, schreibpapier",7,1784-06-25 12:00:00
96,"liquers, barbiermessern, schmiren, streichern, strumpfbänder",5,1784-06-25 12:00:00
97,"gräfl, von, der, sephst, lilien",10,1784-06-25 12:00:00
98,"landrecht, freyhrl, hie, kund, diesem",1,1784-06-25 12:00:00
99,"licit, amort, essenzen, pöllin, allerh",6,1784-06-25 12:00:00
101,"noord, matfeld, holland, holländ, capt",3,1784-06-25 12:00:00
102,"stöckly, strohgässel, leontius, 1046, haarpuder",3,1784-06-25 12:00:00
103,"trisette, finsternisse, merkwürdigst, mediateurspiels, ratspacher",8,1784-06-25 12:00:00
105,"maillebois, memoire, generalstaaten, übergeben, general",1,1784-06-25 12:00:00
106,"definitivfrie, allianztraktates, diestaatenvonhollandund, ratifikazionen, 2909",1,1784-06-25 12:00:00
109,"vudnyanszky, adjunkt, paul, gilgenberg, miaskowski",1,1784-06-25 12:00:00
110,"prischen, streitsache, gefället, dachstuhl, gunsten",2,1784-06-25 12:00:00
112,"kirschnerwerkzeng, bestchend, ckerpflüg, 16tel, krautgärtel",2,1784-06-25 12:00:00
113,"freyherrl, herrsch, herrs, uhlmayr, folgendermassen",8,1784-06-25 12:00:00
114,"febr, such, februar, willigen, lemberg",5,1784-06-25 12:00:00
115,"michaelispflege, aufgedrungener, sollendes, 1200, betr",1,1784-06-25 12:00:00
116,"jn, stadt, der, fruh, neu",7,1784-06-25 12:00:00
117,"stiedron, april, anton, schon, im",1,1784-06-25 12:00:00
119,"2921, 2929, nro, convoc, wagen",2,1784-06-25 12:00:00
120,"eimer, 1778er, 22, braitenbrunner, banden",5,1784-06-25 12:00:00
122,"exhibitor, simon, joseph, josepha, böhmen",1,1784-06-25 12:00:00
123,"mittagstisch, 3samt, abendtisch, schipplischen, miteigenthümers",2,1784-06-25 12:00:00
124,"barmh, alt, 44, zimsiechh, adalb",8,1784-06-25 12:00:00
127,"sekrirung, prag, metropolit, bud, schafgotsch",1,1784-06-25 12:00:00
128,"juden, einzuschreiten, sachwalter, diensam, beyzumessen",8,1784-06-25 12:00:00
129,"kiesselische, stief, eheleiblichen, geschwister, töchter",2,1784-06-25 12:00:00
130,"pretziska, schaumünzen, rathene, medailleur, wohlge",2,1784-06-25 12:00:00
132,"kaiserin, kaiserl, kaisersthée, kaiserspit, 69",1,1784-06-25 12:00:00
133,"östermal, umwun, probte, jelbst, verstegetten",1,1784-06-25 12:00:00
134,"danhorn, mollenburg, schickh, wirkl, bürgerl",2,1784-06-25 12:00:00
135,"math, subseribirt, baud, eckh, mosler",7,1784-06-25 12:00:00
136,"tagl, kraufin, ederer, ebenhart, brandstätter",5,1784-06-25 12:00:00
137,"manfredini, lustkeise, auferägen, pignatel, nerallieutenant",3,1784-06-25 12:00:00
141,"wallachen, pferde, räthschasten, wachsthums, valleriedienst",3,1784-06-25 12:00:00
142,"arangnez, lustschloffe, badajoz, fantinn, gewährt",1,1784-06-25 12:00:00
143,"realitäten, bindersche, gradlerische, veigls, wambachersche",4,1784-06-25 12:00:00
144,"ladislaus, stärk, bierwirth, beysitzer, csiba",4,1784-06-25 12:00:00
146,"krankenh, pappenh, goekingk, ubert, pozzi",3,1784-06-25 12:00:00
147,"langschweife, pierutschoferde, stutzschwei, stroz, tuchlaub",4,1784-06-25 12:00:00
150,"decemb, deutschiand, dann, dedöcker, kreisamt",3,1784-06-25 12:00:00
151,"excell, nürnberg, cont, 31, statt",2,1784-06-25 12:00:00
152,"demleop, golds, hann, 45, gold",1,1784-06-25 12:00:00
153,"brusnik, vieh, merwerksgeräthschaften, vorgedachte, kühe",3,1784-06-25 12:00:00
154,"deutschen, erbrecht, jure, crediti, sicher",9,1784-06-25 12:00:00
156,"juden, angebrachte, gerichtsordnung, rechtssache, sonach",6,1784-06-25 12:00:00
157,"nigfaltigkeit, beyläufiger, vorberichte, leseblat, vorgeschmack",3,1784-06-25 12:00:00
160,"hauptm, meixners, gorinis, mayrs, urbaum",12,1784-06-25 12:00:00
161,"löbl, des, von, zarus, frepherrl",6,1784-06-25 12:00:00
162,"il, deutsche, barbiere, venezia, 30",11,1784-06-25 12:00:00
163,"ungarn, haltereyrathe, streliz, hofräthen, meklenburg",5,1784-06-25 12:00:00
164,"schill, portugiesischen, portugall, weniger, viel",2,1784-06-25 12:00:00
165,"tafeln, lakirt, lichtgrauen, schneckenfedern, tuch",6,1784-06-25 12:00:00
166,"handwörterbuch, deutsches, leip, griechisch, mössle",1,1784-06-25 12:00:00
167,"verordnung, löbl, einer, eines, auf",3,1784-06-25 12:00:00
168,"alt, rossau, lichtenst, raitrath, netiwy",6,1784-06-25 12:00:00
169,"fortfah, belehren, freudenschun, 10uhr, 8uhr",5,1784-06-25 12:00:00
170,"andauerischer, originalsatzbrief, oranien, arunculen, prinz",1,1784-06-25 12:00:00
171,"regierungshaus, appellations, herrngasse, kauflustige, früh",4,1784-06-25 12:00:00
174,"freismuth, nürnberger, burgerliche, 144, prämuneranten",2,1784-06-25 12:00:00
175,"ferdinand, prinzessinn, pots, wilhelmine, würtem",3,1784-06-25 12:00:00
176,"elis, harder, elion, jacobi, aria",4,1784-06-25 12:00:00
177,"erkundiget, hausherrn, weitern, muss, alda",1,1784-06-25 12:00:00
178,"böhmen, kutsch, gebs, krankend, gross",6,1784-06-25 12:00:00
179,"familien, autorisierten, unzertrennliche, allerdauerhafteste, richtigemännerund",4,1784-06-25 12:00:00
180,"superintendenten, burgerspitals, spitalmeister, kannt, monika",8,1784-06-25 12:00:00
181,"kolloredischen, jnfant, graf, kleebinder, krayslisches",2,1784-06-25 12:00:00
182,"feuerwerk, rauches, darstellen, witterung, sehenswür",2,1784-06-25 12:00:00
186,"meixnerischen, eintreibung, schlager, satzposten, dornbach",6,1784-06-25 12:00:00
188,"zahlbar, verstoss, triest, gerathen, ausgeausgestellte",2,1784-06-25 12:00:00
189,"frequentirende, frankfurtermesse, abgegangene, frankfurt, metz",2,1784-06-25 12:00:00
191,"leiben, dato, erben, wochen, jahr",5,1784-06-25 12:00:00
192,"1782, breslau, 1780, presssburg, eisenärzt",1,1784-06-25 12:00:00
195,"1789, juni, nachricht, wien, convoc",1,1784-06-25 12:00:00
198,"nassau, grasschaft, saarwerden, streitigkei, weilburgischen",1,1784-06-25 12:00:00
200,"juden, onsverwandten, goldgalanterien, confessi, lantenen",3,1784-06-25 12:00:00
201,"löfler, jnvalid, löbl, lobl, ludw",1,1784-06-25 12:00:00
203,"wunsch, mädchens, geburtstage, kindes, vormundschaft",3,1784-06-25 12:00:00
204,"synchronismus, befinder, christ, christo, christum",2,1784-06-25 12:00:00
205,"barb, einederin, schloss, 10, barbarey",8,1784-06-25 12:00:00
206,"wenstande, kondukteurs, zulage, witt, vermehrt",1,1784-06-25 12:00:00
208,"czischeck, n38, windm, militärspit, alt",1,1784-06-25 12:00:00
209,"allerfeinste, haudseife, gesichtspomade, barbiren, büchsen",1,1784-06-25 12:00:00
210,"wien, deutsche, vienne, beygesetzten, ordenscommenda",4,1784-06-25 12:00:00
212,"tionsschein, pränumera, gefertigten, frühling, erlag",1,1784-06-25 12:00:00
215,"patent, gelange, reus, laslassen, seitigen",2,1784-06-25 12:00:00
216,"zelfisches, stahel, stifthaus, wollzeile, buchhändler",2,1784-06-25 12:00:00
218,"böhmen, ungarn, deto, szillagy, ssisch",6,1784-06-25 12:00:00
219,"1785, 1784, 1786, ok, tober",31,1784-06-25 12:00:00
222,"27, barometerstand, meteorologische, reaumur, 11½",6,1784-06-25 12:00:00
223,"frankf, frank, sebastian, gehollten, torik",4,1784-06-25 12:00:00
225,"leopoldst, elis, alt, leopold, leopoldi",3,1784-06-25 12:00:00
226,"thönen, stahlene, punktiren, oraculum, wunderwirkende",5,1784-06-25 12:00:00
227,"allg, alt, färkerg, kurrenig, lentschuk",6,1784-06-25 12:00:00
229,"dietrichsteinischen, aloys, heutigen, glück, jgnaz",1,1784-06-25 12:00:00
230,"gewilligen, begehren, befunden, dies, nun",1,1784-06-25 12:00:00
231,"juli, gräft, juni, gräfl, getreide",6,1784-06-25 12:00:00
234,"nitz, ansprüche, denken, betref, gewalttrager",1,1784-06-25 12:00:00
235,"1785, juden, wien, citat, 1786",24,1784-06-25 12:00:00
237,"sterl, viii, , , ",1,1784-06-25 12:00:00
242,"garampi, stol, apo, kardinal, eminenz",1,1784-06-25 12:00:00
243,"vairo, badkur, jschia, dargent, müthig",4,1784-06-25 12:00:00
245,"komp, tochter, thun, jhre, königl",2,1784-06-25 12:00:00
246,"exempla, verordnung, ration, geschrie, juni",5,1784-06-25 12:00:00
248,"obermallebern, verlassenschafs, specker, herschaft, schönbornischen",1,1784-06-25 12:00:00
249,"mart, anküdigte, gedicher, answahl, nachrichtlich",2,1784-06-25 12:00:00
250,"reconvent, retractus, pcto, restitutor, remigius",7,1784-06-25 12:00:00
251,"hauptwache, angefahren, versammlung, proklamazion, dezemb",2,1784-06-25 12:00:00
252,"uiberländgrundstücke, fünfhaus, gedenken, kaufen, früh",5,1784-06-25 12:00:00
254,"frider, frle, fleischh, florini, wage",3,1784-06-25 12:00:00
257,"shakespears, eschenburg, besserte, jnländische, manheim",2,1784-06-25 12:00:00
258,"hessin, dukati, sold, beamte, metzen",2,1784-06-25 12:00:00
259,"stark, ibid, jenner, mjttwoch, maesstrom",8,1784-06-25 12:00:00
261,"polizeyh, arreft, koste, fangenen, angelegten",3,1784-06-25 12:00:00
264,"vindex, viol, vitriol, vitriolumdecypro, blauer",1,1784-06-25 12:00:00
265,"1785, edidit, piscium, coloribus, collegit",3,1784-06-25 12:00:00
266,"zingel, zoll, perca, ziehung, klein",4,1784-06-25 12:00:00
267,"rennw, landst, 17, laimgr, wilh",4,1784-06-25 12:00:00
268,"parlament, deselben, jr, hoffentlich, entlassung",2,1784-06-25 12:00:00
269,"wirthshaus, bestand, wirths, ganzjährigen, wirchs",8,1784-06-25 12:00:00
270,"tungskomptoir, verkaufen, anzufragen, hernalferlinie, kaufluftige",5,1784-06-25 12:00:00
272,"rossau, bierwirth, 68, anmelden, wohnung",2,1784-06-25 12:00:00
277,"mätz, dezemb, hornung, angeordnet, hiezu",3,1784-06-25 12:00:00
278,"fahrnisse, thorinsche, plerons, jungmayerische, pöchers",7,1784-06-25 12:00:00
279,"postbericht, ostermesse, wiener, leipziger, theres",3,1784-06-25 12:00:00
280,"dessoeffy, adam, grabner, mathias, adamischer",3,1784-06-25 12:00:00
281,"weine, weyl, befehl, , ",3,1784-06-25 12:00:00
284,"schildkrötene, geschmolzen, tabattieren, farben, feine",1,1784-06-25 12:00:00
285,"durchschitte, joach, durchl, jhro, joschay",2,1784-06-25 12:00:00
286,"ortsgericht, gräfl, thürisches, grundgericht, justiziair",2,1784-06-25 12:00:00
288,"stadt, vor, thurm, der, ",8,1784-06-25 12:00:00
294,"amons, amon, amtskanzley, margareth, freyherrl",4,1784-06-25 12:00:00
295,"kongresse, kongress, repräsentirten, repräsentazion, reprä",6,1784-06-25 12:00:00
300,"eisfelders, einelobredefürdieabwechslung, 2917, 2932, lied",4,1784-06-25 12:00:00
301,"spielkarten, findung, card, 23, hungarn",1,1784-06-25 12:00:00
302,"religionsübungen, maassgabe, toleranzgrundsätze, ungestöhrt, eingeführ",1,1784-06-25 12:00:00
303,"baugründe, fleischmanisches, haus, caffeehaus, haarbeutelgewölbe",5,1784-06-25 12:00:00
304,"sultan, selmi, thronfolger, neve, grossherrn",2,1784-06-25 12:00:00
306,"convoc, widerspruch, welcher, , ",2,1784-06-25 12:00:00
308,"schneiderin, schneiderm, wihelm, schneidermeist, schneiderns",2,1784-06-25 12:00:00
309,"schreischreiben, lüzerne, ernann, entworfen, abschied",2,1784-06-25 12:00:00
310,"hofagentens, bauer, holz, vermögen, gewilliget",1,1784-06-25 12:00:00
315,"subscription, pfänder, 1786, kundschaftsbogen, einkommenden",4,1784-06-25 12:00:00
318,"jurisdict, pcto, gerichtsordnung, erblande, richteramtshand",1,1784-06-25 12:00:00
320,"aufferordentlichen, kange, germassen, erbstatthal, hungarn",2,1784-06-25 12:00:00
322,"nachrichtigen, avt, schwerdfeger, zusammenfluss, begüterte",2,1784-06-25 12:00:00
324,"vierteljahr, nachtlichter, schachtel, brennen, oel",1,1784-06-25 12:00:00
326,"hönigwasser, waterin, uiberzüg, gesteller, verzollung",4,1784-06-25 12:00:00
327,"heurige, widder, stücke, stück, kurscher",3,1784-06-25 12:00:00
328,"löbl, bourne, reitenauer, sentent, schust",9,1784-06-25 12:00:00
329,"spitlb, allg, 28, 24, am",2,1784-06-25 12:00:00
331,"bücher, lektüre, buchh, liebhaber, bibliothekdien",10,1784-06-25 12:00:00
332,"pcto, indemnisat, revocar, tutelarts, residui",3,1784-06-25 12:00:00
335,"erzbischöfl, marq, botschafter, , ",3,1784-06-25 12:00:00
336,"auffinden, archiven, gründet, hinlängliche, aufzuheben",1,1784-06-25 12:00:00
339,"20kr, meilenarten, ropa, eu, 32",2,1784-06-25 12:00:00
340,"kauflustige, gewöhulichen, einfinden, fällige, bemeld",3,1784-06-25 12:00:00
342,"vergleichung, erheblich, wienerelle, wienerge, derellen",6,1784-06-25 12:00:00
346,"freyjah, kalvarienberg, paulinern, pitel, metropolitandomka",3,1784-06-25 12:00:00
348,"pens, weigner, haasin, stift, heil",2,1784-06-25 12:00:00
349,"bedient, schlafrockschneiders, gewilliget, saniyni, fitta",4,1784-06-25 12:00:00
350,"königl, der, dem, von, ",3,1784-06-25 12:00:00
355,"reichsgräfl, reichsritterl, amtskanzley, reichsfreyherrl, der",4,1784-06-25 12:00:00
356,"hauptjahr, märkte, verzeichniss, folget, einiger",1,1784-06-25 12:00:00
359,"urherzüg, bloffe, gesteller, lann, waderln",1,1784-06-25 12:00:00
363,"fortsetzung, folgt, allerh, künftig, continuation",3,1784-06-25 12:00:00
365,"proir, peto, leiningische, landesregierung, deneg",2,1784-06-25 12:00:00
367,"preindl, thol, preuss, nachricht, joseph",1,1784-06-25 12:00:00
374,"11250, 3800, reste, feilbietung, 1100",2,1784-06-25 12:00:00
375,"unterhandlungen, vollen, gele, anweisung, nöthige",1,1784-06-25 12:00:00
383,"fortepiano, musikliebhaber, pleyel, quartetten, klavier",2,1784-06-25 12:00:00
384,"iucioperca, fischwasser, perca, 1tes, fische",2,1784-06-25 12:00:00
386,"juden, zugelassen, kauf, drittel, judenschaft",4,1784-06-25 12:00:00
387,"unterzeichneter, genehmigung, unterstützung, allerhöchster, doktor",1,1784-06-25 12:00:00
389,"gemahlten, platten, fischen, konspekt, titelvignette",3,1784-06-25 12:00:00
391,"appel, appell, gümbel, warnemünde, dertaun",4,1784-06-25 12:00:00
394,"27, 28, 11, 11½, grad",13,1784-06-25 12:00:00
396,"staatsbothe, genehmen, bereitwillig, bezug, dingnisse",2,1784-06-25 12:00:00
399,"amtsverwaltung, unmittelbarkeit, bergische, bam, betr",8,1784-06-25 12:00:00
400,"kais, kumin, ludov, serl, kuhr",1,1784-06-25 12:00:00
402,"wehedorns, satzbrief, satzbriefe, briefe, kirchlechnerische",1,1784-06-25 12:00:00
406,"proviantmarkt, richter, scheibs, dominik, rath",1,1784-06-25 12:00:00
407,"genthümlich, erfechsente, 1772er, fasses, bisam",3,1784-06-25 12:00:00
410,"nachmittagsstunden, verordnung, hochlöbl, dies, folgende",5,1784-06-25 12:00:00
411,"schedlische, obligation, obligationen, obligatio, kimmeriische",2,1784-06-25 12:00:00
414,"dienstbar, joch, trautmannsdorf, rötz, deto",4,1784-06-25 12:00:00
415,"terni, terno, estraten, deti, ambo",2,1784-06-25 12:00:00
416,"bewilligung, hochlöbl, demnach, einer, genehmhal",1,1784-06-25 12:00:00
417,"exemplare, gefälligst, interessiren, band, verlässt",2,1784-06-25 12:00:00
418,"kerschner, burggräfin, unterwölbling, confirmat, kreul",4,1784-06-25 12:00:00
419,"mayerische, mayer, gläubiger, wechselbriefe, friederich",5,1784-06-25 12:00:00
420,"landesregierung, wissenschaft, jedermans, jedermanns, entschliessung",2,1784-06-25 12:00:00
423,"phil, philos, doct, vols, kengires",2,1784-06-25 12:00:00
424,"haus, , , , ",2,1784-06-25 12:00:00
425,"leop, morbis, leonh, valentin, bürgl",6,1784-06-25 12:00:00
426,"tembergische, panierherr, archivor, eifriger, verdienstvolle",2,1784-06-25 12:00:00
428,"nussdorf, baleyschen, ferlinie, 1771, löwen",1,1784-06-25 12:00:00
429,"wagner, schlagfl, gaffe, grinzing, schneid",2,1784-06-25 12:00:00
431,"genuggethan, quoten, kongre, petizionen, 2912",1,1784-06-25 12:00:00
434,"ente, siebenbirger, postzug, schimmel, schwarz",1,1784-06-25 12:00:00
435,"burgl, wanzka, fütterer, gauber, verwilliger",4,1784-06-25 12:00:00
438,"50, eingefetzten, 7mo, armeninstitut, vermächtniss",4,1784-06-25 12:00:00
439,"schw, , , , ",1,1784-06-25 12:00:00
446,"obbestimm, sommerein, zufinden, binder, hofstatt",4,1784-06-25 12:00:00
449,"burgermeister, protr, rath, stadtrichter, rostock",2,1784-06-25 12:00:00
452,"niemand, nichts, tluckische, nepom, nietsch",1,1784-06-25 12:00:00
455,"wiener, zeitung, anhang, 1785, 1473",3,1784-06-25 12:00:00
456,"1786, jäner, dritten, zweyten, schätzung",9,1784-06-25 12:00:00
462,"cridämasse, ermannische, seilgeboten, gehörten, möchten",1,1784-06-25 12:00:00
464,"silberfarber, schwimmer, gleichfärbigen, ausgearbeitet, verfer",1,1784-06-25 12:00:00
465,"windstill, west, klein, mklm, nwmtlm",21,1784-06-25 12:00:00
466,"militvm, milit, mixt, mixti, in",1,1784-06-25 12:00:00
470,"nachtzeugtrüherl, grundbuche, schachteln, materie, ley",2,1784-06-25 12:00:00
472,"hochwürd, einem, hocherwehnte, gespannen, hochfürstl",3,1784-06-25 12:00:00
475,"ritu, riemerstr, riegele, ritschel, mütz",2,1784-06-25 12:00:00
476,"nachricht, löschenkohl, signat, meldbrief, sign",1,1784-06-25 12:00:00
479,"fleischhackerm, fleischm, alt, fleisch, am",2,1784-06-25 12:00:00
482,"2604, 2603, kinderzucht, glaubensregeln, kristenthum",2,1784-06-25 12:00:00
483,"efendi, hairi, ahmed, rihaja, nafif",2,1784-06-25 12:00:00
484,"tribum, titl, fidi, æternum, 16tes",1,1784-06-25 12:00:00
487,"oest, isch, engl, , ",1,1784-06-25 12:00:00
488,"integrum, rovacs, adjunkt, activum, adel",3,1784-06-25 12:00:00
492,"bestandlustige, vorbestimmten, herrschast, herrschastl, früh",4,1784-06-25 12:00:00
494,"mitlm, klein, schwachs, lessing, minireren",6,1784-06-25 12:00:00
496,"oester, oesterr, wilh, altes, eisen",1,1784-06-25 12:00:00
497,"margaret, lady, lindsay, fordyce, einkünfte",2,1784-06-25 12:00:00
498,"zähne, bandagen, bruchbänder, operationen, präserviren",12,1784-06-25 12:00:00
500,"gust, septemb, termine, au, juli",2,1784-06-25 12:00:00
505,"leopoldst, 87, 65, alt, 67",2,1784-06-25 12:00:00
506,"kaiserische, söhne, kaiserl, fisciadjunctus, carolov",1,1784-06-25 12:00:00
507,"disciplineædisciplineae, burgerregim, grundherrlichkeit, grundherrlichkeiten, privilegio",2,1784-06-25 12:00:00
508,"hanszinsbe, wurftabellen, besoldungs, dienstbothen, münz",1,1784-06-25 12:00:00
513,"speckerische, gläubiger, bansysche, schuldenfond, baadischen",5,1784-06-25 12:00:00
514,"schuhm, würkl, schäl, schich, abök",1,1784-06-25 12:00:00
516,"uibeländ, sperlern, zereyhändlern, ckermeisters, stixneusiedel",2,1784-06-25 12:00:00
519,"wolfg, glaserergewölb, kärntnerstrasse, wolf, wolfen",1,1784-06-25 12:00:00
530,"algier, dej, pforte, sieraskier, tribut",4,1784-06-25 12:00:00
532,"berlin, kupf, ohne, wintermonat, gemel",1,1784-06-25 12:00:00
533,"zehend, lota, gadus, bestand, gart",3,1784-06-25 12:00:00
536,"andre, schuft, satke, alsterg, schuster",2,1784-06-25 12:00:00
539,"wechselbrief, mecsery, betrimscher, wechselbriefe, registrator",2,1784-06-25 12:00:00
543,"stegerin, stromer, leoy, schweinhändl, 76",2,1784-06-25 12:00:00
547,"nunc, restitut, revis, execut, restirut",10,1784-06-25 12:00:00
548,"elfen, beinene, holzes, tabatieren, gat",1,1784-06-25 12:00:00
549,"ungarn, lehner, nächste, schöndorfer, welchendie",3,1784-06-25 12:00:00
550,"zeitungsblätter, zeitungskomtoir, auskunft, nähere, licit",2,1784-06-25 12:00:00
555,"deutschen, ausausfindigmachung, angeb, vorhandenen, montecucolischen",2,1784-06-25 12:00:00
557,"predigerkloster, klostergüter, aufgehobe, eingezogenen, exjesuiten",2,1784-06-25 12:00:00
559,"seyboth, sebast, rechneyamt, furt, appel",2,1784-06-25 12:00:00
560,"1485, licit, 2928, 2925, 187",4,1784-06-25 12:00:00
561,"kämpf, gebe, schrift, joch, kirche",1,1784-06-25 12:00:00
562,"gebeck, hötzerne, theilische, binderhütte, schindeln",1,1784-06-25 12:00:00
564,"ungarischer, verdrängt, bedürfnissehinlänglich, spitalhaus, schweinbart",4,1784-06-25 12:00:00
569,"ungeb, eccl, , , ",1,1784-06-25 12:00:00
571,"theres, alsterg, vivat, , ",8,1784-06-25 12:00:00
572,"beschluss, künftig, einzuberuffen, vorzuladen, fürzuladen",1,1784-06-25 12:00:00
573,"grundmaass, gruberische, 31, gläubiger, gruber",2,1784-06-25 12:00:00
574,"errur, erzherzogl, bischöfl, erzherzogin, colockza",1,1784-06-25 12:00:00
576,"leipz, damn, eichstädt, expens, parit",1,1784-06-25 12:00:00
582,"ratheder, bandmach, band, letzter, dritter",1,1784-06-25 12:00:00
584,"burgerspitalsgrundbuch, herrnals, chemnach, gesonnen, einzusehen",1,1784-06-25 12:00:00
-1,"deutschen, ungarn, böhmen, hungarn, deutsche",785,1786-01-25 16:00:00
0,"galizien, jnn, generalen, oberstlieutenant, kavallerie",12,1786-01-25 16:00:00
1,"nachben, gesichtspomade, seifengeist, eosden, körnerfrucht",31,1786-01-25 16:00:00
2,"flotte, linienschiffen, sfax, hafen, fregate",8,1786-01-25 16:00:00
3,"mönche, seelsorge, pfarre, sekularisirt, ankleben",5,1786-01-25 16:00:00
4,"kästen, tische, zinn, licitando, sessel",36,1786-01-25 16:00:00
5,"klebet, domaine, anherren, glorwürdi, scepter",3,1786-01-25 16:00:00
6,"männlichen, russland, weiblichen, karlsbad, vorgänge",7,1786-01-25 16:00:00
7,"königl, kömgl, thom, elis, ",3,1786-01-25 16:00:00
8,"zimmern, zimmer, kuchel, stock, keller",25,1786-01-25 16:00:00
9,"horvath, üb, cherheit, zucht, gäste",1,1786-01-25 16:00:00
10,"ungarn, wasser, gefrorne, regengüsse, eis",19,1786-01-25 16:00:00
11,"passy, entleibt, herabhan, verheerende, entsetzlichsten",8,1786-01-25 16:00:00
12,"deutschen, böhmen, deutsche, buchhandlung, buchhändler",13,1786-01-25 16:00:00
13,"schaaflerey, schaafe, contra, schenone, schöndorfferische",11,1786-01-25 16:00:00
14,"kunin, materialhandlung, mezgerzunft, wolodimer, 1083",4,1786-01-25 16:00:00
16,"schützer, getrennt, bessten, meinem, volkes",1,1786-01-25 16:00:00
17,"velquocunquealiotitulo, befunden, anzuhören, jure, sicher",6,1786-01-25 16:00:00
18,"flammen, hauptmauern, stokwerk, viehhause, gehalgehaltenen",6,1786-01-25 16:00:00
19,"wissenschaf, dänemark, stockholm, akademie, febr",2,1786-01-25 16:00:00
21,"haus, steiningerisches, anonnisches, glausauerisches, spitzerisches",18,1786-01-25 16:00:00
24,"non, etiam, obstantibus, constitutionibus, contrariis",2,1786-01-25 16:00:00
25,"schätzung, dritten, zweyten, termine, beysatz",17,1786-01-25 16:00:00
26,"profess, stiftung, munds, desvor, rechnungsfach",7,1786-01-25 16:00:00
27,"persönlich, convoc, eingeantwortet, hinlänglich, entweder",11,1786-01-25 16:00:00
28,"gläubiger, krigischische, pisselys, schüllische, schimpfische",13,1786-01-25 16:00:00
29,"enbindung, grossfürstinn, tochter, febr, maria",1,1786-01-25 16:00:00
30,"binnen, wochen, legitimiren, täg, nächsten",7,1786-01-25 16:00:00
32,"effekten, batthyanische, schiegls, zinnerische, effecten",13,1786-01-25 16:00:00
33,"schwarzbraunen, szluiner, bukvich, rusa, glat",1,1786-01-25 16:00:00
34,"residenzstadt, schuldigen, bewilliget, magistrat, massavertretters",9,1786-01-25 16:00:00
35,"dasselselbe, tervüren, vauxhall, lautem, gries",3,1786-01-25 16:00:00
36,"blumen, gefüttert, lakirt, mitwerbern, vorderdach",6,1786-01-25 16:00:00
37,"eckelische, invest, mecklenburg, herzogthum, pcto",2,1786-01-25 16:00:00
38,"redern, churfürstl, stelle, sei, ner",1,1786-01-25 16:00:00
40,"franc, frantzosen, frantzösische, frantzösischen, frantzösis",1,1786-01-25 16:00:00
41,"residenzstadt, haupt, bekannt, macht, magistrate",15,1786-01-25 16:00:00
42,"misfälligen, 1564, ehrenbezeu, zustreichen, belästigung",3,1786-01-25 16:00:00
44,"grossbritannien, londen, britannien, brittannien, gross",1,1786-01-25 16:00:00
45,"papierlieferungen, buchdrucker, darum, melden, papier",2,1786-01-25 16:00:00
46,"foderung, verschuldeten, förmlichen, anmeldung, erstgedacht",7,1786-01-25 16:00:00
47,"einla, reitkünstenliebhaber, genugthuung, gegebene, montags",2,1786-01-25 16:00:00
48,"wein, weine, gebürg, weingärten, gute",5,1786-01-25 16:00:00
49,"früh, licit, kauflustige, kaufen, geden",9,1786-01-25 16:00:00
51,"septemb, domainenadmini, domainenadministrations, brennholz, grundbuchsamte",5,1786-01-25 16:00:00
53,"lachenbauer, burgerl, augustin, burgersp, mayrberger",1,1786-01-25 16:00:00
54,"moren, fratres, rome, appel, contra",1,1786-01-25 16:00:00
56,"königl, xxxandem, kolonins, gxxxllxxx, jglau",1,1786-01-25 16:00:00
58,"kaufen, strate, burgerspitalsgrundbuch, mittlerweile, lens",2,1786-01-25 16:00:00
59,"stephanie, jüngere, französ, zweyte, herr",1,1786-01-25 16:00:00
60,"staatsschulden, entlehnte, tilgung, gewidmet, geld",1,1786-01-25 16:00:00
64,"schmiedleins, jnsektenlehre, kupf, kennt, system",1,1786-01-25 16:00:00
67,"tungsblat, augsburgische, lemberg, genom, zei",1,1786-01-25 16:00:00
69,"gräfl, verwalteramte, amtskanzley, hofdekeret, lubomirs",9,1786-01-25 16:00:00
72,"kais, serl, kai, regierende, beede",1,1786-01-25 16:00:00
73,"rathen, darum, sie, an, ",10,1786-01-25 16:00:00
74,"maximilian, kriegsagenten, bestellten, sprüche, erzherzogthum",4,1786-01-25 16:00:00
79,"1615, vorgevorgetragen, zauberlexikon, artificiosa, turgeschichte",2,1786-01-25 16:00:00
80,"münster, cons, samuel, wolf, freyherrn",1,1786-01-25 16:00:00
83,"stadtkanzley, bedingnisse, einzusehen, inzwischen, weiteren",1,1786-01-25 16:00:00
85,"konkurses, gerichte, lande, bewegliche, befindlich",6,1786-01-25 16:00:00
87,"enschaft, oktob, rechtmässige, verlas, oktober",2,1786-01-25 16:00:00
88,"kommission, ausführung, erneuernden, generalpacht, generalpächter",3,1786-01-25 16:00:00
89,"landesfürstl, magistrate, magistrat, daiber, dlle",8,1786-01-25 16:00:00
90,"deutschen, deutsche, pcto, kollnischen, hauptkalender",5,1786-01-25 16:00:00
95,"drittelfälle, prech, linie, bezug, staab",2,1786-01-25 16:00:00
96,"keitl, bemackeln, electrisiren, vertreibet, angeküttet",4,1786-01-25 16:00:00
97,"gräfl, von, der, sephst, lilien",3,1786-01-25 16:00:00
98,"landrecht, hie, anlangen, weil, kund",1,1786-01-25 16:00:00
99,"essenzen, licit, amort, pöllin, allerh",2,1786-01-25 16:00:00
101,"niederlande, 2042, vereinigte, holland, amsterdam",2,1786-01-25 16:00:00
105,"generalkommando, bäude, unentgeltlich, kanzley, 3ten",1,1786-01-25 16:00:00
109,"lazarethhaus, glaubrechtin, glaubrecht, a1mo, gilgenberg",3,1786-01-25 16:00:00
110,"gewechselten, konsisto, währte, patris, kardinälen",1,1786-01-25 16:00:00
111,"sämmtliche, erschienen, abends, königl, des",1,1786-01-25 16:00:00
112,"verkaufen, täglich, paulusgrund, rossmarkt, beyfliessenden",6,1786-01-25 16:00:00
113,"freyherrl, wagensomprins, rechneyamt, tabor, furt",4,1786-01-25 16:00:00
114,"febr, kirchenordnung, neuhübel, königgräz, bandgeschichte",9,1786-01-25 16:00:00
115,"90000, jekts, mary, virginien, sterl",1,1786-01-25 16:00:00
119,"2046, ertrunkene, mannsperson, ro, ausmass",1,1786-01-25 16:00:00
120,"eimer, gebirgweine, fässer, kallenberg, verkauft",9,1786-01-25 16:00:00
121,"löhnung, erhielten, doppelte, anemoni, gemeinen",1,1786-01-25 16:00:00
123,"plattensteine, abgetre, mautamte, schliffene, rauhe",1,1786-01-25 16:00:00
125,"leipz, ungeb, neapel, oenip, wälseggisch",2,1786-01-25 16:00:00
128,"namhaft, sachwalter, beyzumessen, diensam, einzuschreiten",2,1786-01-25 16:00:00
129,"eltern, nachkömmlingen, erblassers, getheilet, erbschaft",17,1786-01-25 16:00:00
130,"betr, 3000, holz, weiss, contra",1,1786-01-25 16:00:00
131,"neugebohr, spatzierfahrt, caserta, taufe, prinzessinen",2,1786-01-25 16:00:00
137,"erzherzog, carditello, rianna, einfande, niederkunft",2,1786-01-25 16:00:00
141,"preises, stündlich, anfragen, kön, kauflustige",1,1786-01-25 16:00:00
142,"fregate, million, assunzionist, pemiche, piaster",2,1786-01-25 16:00:00
143,"realitäten, machherndls, humls, neumayers, fuchsische",4,1786-01-25 16:00:00
148,"jul, 164, erstbesagten, december, leopoldstadt",1,1786-01-25 16:00:00
153,"wirthschaftsgeräthschaften, schaafe, hindange, kühe, uafauf",4,1786-01-25 16:00:00
154,"jure, residenzstadt, magistrate, anzuhören, vorgehen",3,1786-01-25 16:00:00
156,"rechtssache, gerichtsordnung, erblanden, ausgeführet, sonach",2,1786-01-25 16:00:00
157,"gnügens, leselust, lesefreunden, ausleihen, freundinnen",1,1786-01-25 16:00:00
161,"löbl, des, von, zarus, frepherrl",1,1786-01-25 16:00:00
162,"detto, opern, fürs, klavier, il",2,1786-01-25 16:00:00
163,"ungarn, böhmen, ungarischen, adels, hauptsäch",7,1786-01-25 16:00:00
164,"portugall, lisabon, portugal, lissabon, auss",1,1786-01-25 16:00:00
165,"papfarb, nenbögen, fazeten, dessein, schneckenfedern",1,1786-01-25 16:00:00
167,"verordnung, nes, löbl, dies, ei",1,1786-01-25 16:00:00
169,"garnisonregi, mentern, findet, statt, ses",1,1786-01-25 16:00:00
170,"andrä, traisen, oest, unterthanen, herrschaft",2,1786-01-25 16:00:00
171,"lustige, magistrat, kauf, besagten, tägen",1,1786-01-25 16:00:00
175,"ferdinand, erzherzog, lambardey, sterreichischen, beatrix",2,1786-01-25 16:00:00
177,"hausmeister, beym, 1135, bestandnehmers, bestehen",6,1786-01-25 16:00:00
178,"hernals, böhmen, gräfl, kutsch, ist",1,1786-01-25 16:00:00
180,"superintendenten, burgerspitals, spitalmeister, rungsverordnung, bandfabrik",2,1786-01-25 16:00:00
181,"kreit, thomas, kleebinder, kohlischer, spiegelritter",1,1786-01-25 16:00:00
183,"uiberreichung, rungsantritte, eigenhändige, adlerordens, höchstderoselben",1,1786-01-25 16:00:00
196,"königl, die, königi, thrones, seine",1,1786-01-25 16:00:00
199,"bestimmung, unbekannt, bisher, jhre, noch",1,1786-01-25 16:00:00
200,"juden, formulare, judenplatzes, gewürzhändler, anzeigszettel",3,1786-01-25 16:00:00
202,"uhrschlüssel, woran, stahlenes, stahlener, ranftl",2,1786-01-25 16:00:00
204,"reinlolb, christ, 30, jesu, kinde",1,1786-01-25 16:00:00
206,"rentamt, bezahlen, soll, haben, pension",1,1786-01-25 16:00:00
208,"jnländer, demie, aka, ausländer, mitglieder",1,1786-01-25 16:00:00
210,"wien, deutsche, vienne, beygesetzten, ordenscommenda",2,1786-01-25 16:00:00
214,"deutschen, enzimmerarbeiten, riozet, erzeigung, frauenspersonen",1,1786-01-25 16:00:00
218,"böhmen, indlichkeit, 2063, pisely, vikoveze",1,1786-01-25 16:00:00
219,"1786, 1785, nachricht, 1784, ok",4,1786-01-25 16:00:00
220,"einsperren, abfassen, bill, ewig, besondere",1,1786-01-25 16:00:00
226,"kammerjungfer, frauenzimmer, reisenden, suchet, jährigen",1,1786-01-25 16:00:00
227,"angezeuget, fiskalamte, oneriret, 493, 38",3,1786-01-25 16:00:00
229,"zinshaus, bezeichne, lerchen, 107, danzugeben",5,1786-01-25 16:00:00
230,"willkommen, jemals, ankündigung, muss, war",1,1786-01-25 16:00:00
231,"hagenbrnnn650, hagenbrunn, 650, herrschaftl, juli",2,1786-01-25 16:00:00
235,"1786, wien, 1785, august, juden",12,1786-01-25 16:00:00
241,"burgl, fizel, geschätzt, ybbs, obbesagt",5,1786-01-25 16:00:00
243,"domprobst, abo, dokt, doct, chirurgus",1,1786-01-25 16:00:00
245,"kolps, haus, jhre, königl, kasp",1,1786-01-25 16:00:00
246,"mixt, verordnung, täge, folgende, juli",1,1786-01-25 16:00:00
249,"geendiget, ausgesetzt, sammlung, märz, mart",1,1786-01-25 16:00:00
250,"gaten, reval, fre, gesandt, bereits",1,1786-01-25 16:00:00
252,"landkutschierung, eingangsermeldten, steinakirchen, anboth, stadtmagistrat",2,1786-01-25 16:00:00
257,"theaterkalender, büzow, turnier, mendelssohn, spinoza",1,1786-01-25 16:00:00
258,"henleiter, päcke, kunsthändler, fassel, verkauft",2,1786-01-25 16:00:00
261,"spolii, arresti, pcto, gefängnisse, trettungsfälle",1,1786-01-25 16:00:00
262,"deutsche, nachgedruckte, leydnerzeitung, pünktlich, spätestens",1,1786-01-25 16:00:00
264,"tinermönch, viol, ähnlicher, viterbo, thea",1,1786-01-25 16:00:00
268,"rechne, nachleben, jch, jhm, parlamente",1,1786-01-25 16:00:00
269,"wimmer, burgl, franz, sey, wirthshaus",1,1786-01-25 16:00:00
270,"verkaufen, anzufragen, hausinhaber, haus, 334",6,1786-01-25 16:00:00
276,"wiserin, magdalena, hertzogin, ertz, maria",1,1786-01-25 16:00:00
278,"fahrnisse, schwarzgruberische, griessls, bittlerische, schamözerische",8,1786-01-25 16:00:00
279,"zusätzen, leipzig, begleitet, garde, nachricht",1,1786-01-25 16:00:00
281,"weine, weyl, befehl, , ",5,1786-01-25 16:00:00
286,"kapracischen, kaprarischen, verbrandt, parlamentshof, gerichtl",3,1786-01-25 16:00:00
289,"zufinden, schloss, daselbst, licit, ein",2,1786-01-25 16:00:00
292,"landesfürstl, landsfürstl, camm, dem, grossfürstl",1,1786-01-25 16:00:00
294,"freyherrl, amtskanzley, schwadorf, amts, bestandskontract",1,1786-01-25 16:00:00
295,"densschluss, digungen, belei, weigerten, abgetretten",2,1786-01-25 16:00:00
300,"eisfelders, haus, winterm, wintermon, winter",1,1786-01-25 16:00:00
302,"abergläubischer, andächte, jrrthümern, beeifert, aberglauben",1,1786-01-25 16:00:00
303,"kaffeehaus, gässel, kaffeehause, winfässer, kramerischen",4,1786-01-25 16:00:00
305,"wallis, kindlichen, anlasse, genheiten, jrrung",1,1786-01-25 16:00:00
306,"convoc, widerspruch, welcher, , ",1,1786-01-25 16:00:00
307,"1581, licit, 1658, 1659, 1640",1,1786-01-25 16:00:00
315,"pfänder, kundschaftsbogen, versetzt, unberichtigt, einkommenden",4,1786-01-25 16:00:00
318,"geschätzt, gerichtl, meistbietenden, durch, ist",1,1786-01-25 16:00:00
320,"bürgerschaft, committenten, gewindsmänner, volkstribunen, thatsachen",1,1786-01-25 16:00:00
322,"spezialrevüe, manövre, tafel, abermals, audienz",1,1786-01-25 16:00:00
323,"beunruhi, pünktlichste, ermahnt, rikanischen, eingegangene",1,1786-01-25 16:00:00
324,"nachtlichter, sicherzustellen, thorgasse, hausnumer, dresse",1,1786-01-25 16:00:00
326,"allerfeinsten, wixe, putzen, fläschel, weich",2,1786-01-25 16:00:00
328,"löbl, bourne, restitut, modo, appel",2,1786-01-25 16:00:00
331,"bücher, bibliothekdien, andertes, lektüre, drittes",5,1786-01-25 16:00:00
332,"indemnis, pcto, überkommener, cent, garnitur",1,1786-01-25 16:00:00
340,"kauflustige, obbemeldten, ort, convoc, melden",1,1786-01-25 16:00:00
344,"konservirten, bruchband, alchymistische, elektrisirmaschine, teinische",1,1786-01-25 16:00:00
346,"gescheide, portiunkulaablasses, kollerischenhaus, gallus, saales",2,1786-01-25 16:00:00
351,"preussischen, churfürstl, hungarn, preuss, preussische",1,1786-01-25 16:00:00
352,"apost, nämlich, se, jhre, auch",1,1786-01-25 16:00:00
355,"reichsgräfl, amtskanzley, reichsfreyherrl, der, von",1,1786-01-25 16:00:00
357,"bruchstücke, ungeheuren, wildbahn, häu, strom",2,1786-01-25 16:00:00
359,"spezies, alhiesig, löbl, sind, diese",1,1786-01-25 16:00:00
363,"folgt, fortsetzung, continuation, künftig, folget",3,1786-01-25 16:00:00
365,"landesregierung, unablässig, wohlstandes, zweige, verfügungen",3,1786-01-25 16:00:00
370,"zettel, aufenthalts, gendwo, unterstand, polizeyamte",1,1786-01-25 16:00:00
373,"buchdruckern, holzapfel, impress, privil, pcto",1,1786-01-25 16:00:00
375,"stete, gutgesinnten, menschenfreund, insbeson, entzücken",1,1786-01-25 16:00:00
384,"hüterhäusel, kontraktspunkten, behälter, fischbehälter, fisch",2,1786-01-25 16:00:00
386,"juden, judenschaft, zugelassen, possessionsunfähiger, possessionsfähigkeit",2,1786-01-25 16:00:00
389,"malerschule, anlei, kupferstecher, systematische, zeichen",1,1786-01-25 16:00:00
391,"appel, appell, gümbel, warnemünde, dertaun",3,1786-01-25 16:00:00
394,"zu10, zu15, deneimer, diemaass, 1568",1,1786-01-25 16:00:00
407,"klafter, eichen, prigl, stöck, brenn",2,1786-01-25 16:00:00
410,"nachmittagsstunden, hochlöbl, verordnung, gewöhnlichen, august",1,1786-01-25 16:00:00
412,"brücke, issen, bauäm, reissende, hauptheilen",2,1786-01-25 16:00:00
416,"bewilligung, hochlöbl, gnädigster, einer, genehmhal",1,1786-01-25 16:00:00
420,"wissenschaft, jedermans, jedermanns, innländiinnländischer, ueberkommung",5,1786-01-25 16:00:00
423,"phil, philos, prof, doct, kengires",3,1786-01-25 16:00:00
424,"haus, , , , ",2,1786-01-25 16:00:00
429,"wagnerische, effekten, wagner, wagneris, wagners",1,1786-01-25 16:00:00
432,"merirt, pränu, abnahme, jahrgang, bandes",1,1786-01-25 16:00:00
441,"jmhof, contra, fürstl, jnsiegel, jsabella",1,1786-01-25 16:00:00
444,"peruckenmacher, verwilli, leopoldstadt, gegentheil, get",1,1786-01-25 16:00:00
445,"polizeyamt, erleichtern, exemplarien, gedruckten, unentgeltlich",1,1786-01-25 16:00:00
446,"obbestimm, obbestimten, halbhüt, lazenhof, währungergasse",5,1786-01-25 16:00:00
448,"anmerk, übersetzt, vers, word, lingier",1,1786-01-25 16:00:00
449,"pfullendorf, burgermeister, rath, contra, stadtrichter",1,1786-01-25 16:00:00
455,"wiener, zeitung, anhang, 1786, 1621",3,1786-01-25 16:00:00
456,"filatorium, pro3tiotermino, pfandrecht, eigenthume, gemeinschaftlichen",1,1786-01-25 16:00:00
459,"kupf, cassale, krems, vendôme, wäre",1,1786-01-25 16:00:00
464,"schlüsselgässel, lichtbraune, stutten, mängel, schwimmer",1,1786-01-25 16:00:00
472,"hochwürd, eines, hocherwehnte, gespannen, hochfürstl",1,1786-01-25 16:00:00
476,"nachricht, löschenkohl, signat, meldbrief, sign",1,1786-01-25 16:00:00
479,"fleischhackermeisters, stein, gewilliget, fleisch, stadt",1,1786-01-25 16:00:00
487,"oest, isch, engl, , ",1,1786-01-25 16:00:00
488,"adnum, absicht, integrum, activum, adel",1,1786-01-25 16:00:00
492,"agspach, trägt, früh, einzufinden, kanzley",2,1786-01-25 16:00:00
498,"bandagen, präserviren, hochhochgeehrten, bruchbeitel, nabelbruchbänder",1,1786-01-25 16:00:00
500,"pro2do, pro1mo, temb, septemb, august",4,1786-01-25 16:00:00
509,"kaiserl, kaisers, majest, excellenz, der",2,1786-01-25 16:00:00
513,"stockhamerische, bankalrealitäten, gläubiger, speckerische, uhderscher",2,1786-01-25 16:00:00
516,"josephsberg, steinakirchen, baders, badersgerechtigkeit, besitzend",2,1786-01-25 16:00:00
517,"nordmark, nürnb, dean, wirtens, gr",1,1786-01-25 16:00:00
519,"wolfische, gläubiger, wolfg, glaserergewölb, kärntnerstrasse",1,1786-01-25 16:00:00
525,"ckerbäckergewölbe, frhl, quemlichkeit, kärntnerthor, publikums",4,1786-01-25 16:00:00
533,"zelter, gart, zehend, gabr, zession",1,1786-01-25 16:00:00
539,"wechselbrief, wechselbriefe, schaldscheine, assekurationsscheine, betrimscher",2,1786-01-25 16:00:00
547,"nunc, restitut, revis, execut, restit",3,1786-01-25 16:00:00
553,"ollerspach, samtdendazugehörigen, nartz, lehnsbehausung, 551",1,1786-01-25 16:00:00
554,"becherweise, 1053, vaniglia, erdbeer, babina",2,1786-01-25 16:00:00
555,"auktionator, zehe, schulgasse, burian, talogen",1,1786-01-25 16:00:00
556,"statthauptmann, gotthardi, händen, franz, norden",1,1786-01-25 16:00:00
560,"2057, 549, licit, 1329, 3003",2,1786-01-25 16:00:00
568,"koch, kick, appel, contra, rosenbergers",1,1786-01-25 16:00:00
570,"tragoedieætragoedieae, emendatæemendatae, heydenburgischeshaus, sophoclis, trägniss",2,1786-01-25 16:00:00
581,"electricität, äusernde, electrische, kehrwische, entsteht",1,1786-01-25 16:00:00
584,"grundstube, burgerspitals, anzumelden, früh, licit",1,1786-01-25 16:00:00
-1,"deutschen, deutsche, böhmen, ungarn, türken",1243,1789-03-29 00:00:00
0,"türken, ungarn, schanze, tschaiken, feindliche",89,1789-03-29 00:00:00
1,"statt, terressen, erbämlich, sauvaigne, bestängig",59,1789-03-29 00:00:00
2,"fregaten, linienschiffen, flotte, kutter, linienschiffe",22,1789-03-29 00:00:00
3,"kardinalen, konmissarius, monsignore, sbara, kronkardinalatsbiret",2,1789-03-29 00:00:00
4,"sessel, tische, kästen, spiegel, verschiedene",43,1789-03-29 00:00:00
5,"königl, auszeichnesten, calixt, diensteifers, märzmo",14,1789-03-29 00:00:00
6,"türken, juden, russischen, russische, russen",30,1789-03-29 00:00:00
8,"kuchel, zimmern, zimmer, ebener, stock",32,1789-03-29 00:00:00
9,"recep, kupfertafel, pferde, hierunter, heuboden",6,1789-03-29 00:00:00
10,"angerichtet, poper, fluthen, ellen, weggerissen",18,1789-03-29 00:00:00
11,"fieber, simptomen, fleckenausbruch, kopfschmerzen, derje",3,1789-03-29 00:00:00
12,"deutschen, deutsche, büchern, bücher, gesetze",23,1789-03-29 00:00:00
13,"schäflerey, schäflerswohnung, schmidische, schaafvieh, schoiters",11,1789-03-29 00:00:00
14,"vorderöst, palmischen, vormünder, verordneten, freyherrl",1,1789-03-29 00:00:00
15,"staatsverfassung, erklärung, gesetz, mirabeau, rechte",5,1789-03-29 00:00:00
16,"rettet, eure, seraing, rettungsmitteln, seufzen",5,1789-03-29 00:00:00
17,"ansprüche, vorzuladen, eingangserwehnter, anzuhören, verlassenschaftsabhandlung",9,1789-03-29 00:00:00
18,"gespert, erlitt, verehrungswerthen, einkehrenden, brand",2,1789-03-29 00:00:00
19,"dänemark, erschweren, schweden, neutralität, wohlgegründeten",10,1789-03-29 00:00:00
20,"durchl, wilh, guardarobba, didak, se",1,1789-03-29 00:00:00
21,"haus, sibertisches, brauerswohnung, gerstners, böhmerisches",27,1789-03-29 00:00:00
23,"1734, anno, 1730, wienn, biss",1,1789-03-29 00:00:00
24,"lectio, auctum, colcollectio1937, animadversionibus, stradæstradae",7,1789-03-29 00:00:00
25,"dritten, zweyten, schätzung, termin, termine",29,1789-03-29 00:00:00
26,"dalmatien, ungarn, präsentation, studenten, stiftung",7,1789-03-29 00:00:00
27,"convoc, entweder, verlassenschaft, persönlich, ansprüche",35,1789-03-29 00:00:00
28,"gläubiger, bondir, rotterischer, ferkelische, stainische",34,1789-03-29 00:00:00
29,"gräfinn, anna, maria, praschma, mailath",5,1789-03-29 00:00:00
30,"wochen, binnen, satzbrief, jahr, tägen",11,1789-03-29 00:00:00
31,"erscheinenzuendedesjulius1789, vierzehnten, 1320, 400s, jahrhundertes",2,1789-03-29 00:00:00
32,"effekten, bücher, schiegls, zinnerische, effecten",24,1789-03-29 00:00:00
33,"fite, herzens, tugend, kurze, beförderung",1,1789-03-29 00:00:00
34,"feilbietung, magistrate, residenzstadt, anlangen, gewilliget",19,1789-03-29 00:00:00
35,"besuch, abgestattet, dort, gestern, einen",1,1789-03-29 00:00:00
36,"weingärten, waldbäume, walbäume, saamen, stück",9,1789-03-29 00:00:00
39,"kreuzerhöhung, eingefallenen, festes, geruheten, gelegenheit",1,1789-03-29 00:00:00
41,"residenzstadt, magistrate, bekannt, haupt, macht",16,1789-03-29 00:00:00
42,"unerfüllt, fensivtraktats, fruchtete, kontribution, zellenz",5,1789-03-29 00:00:00
43,"mössle, erzählungen, privil, summa, kinder",1,1789-03-29 00:00:00
45,"papier, format, bogen, druckten, gedruckten",5,1789-03-29 00:00:00
46,"foderung, verschuldeten, wenn, klage, förmlichen",20,1789-03-29 00:00:00
47,"sonntag, sammlung, keine, gehalten, war",1,1789-03-29 00:00:00
48,"weinmostes, güte, branntweins, vorjährigen, gebrauch",15,1789-03-29 00:00:00
49,"deutsche, kauflustige, einzufinden, licit, früh",31,1789-03-29 00:00:00
50,"entdecker, classenlotterie, 24966, uiberbringer, leopoldstädter",2,1789-03-29 00:00:00
51,"septemb, september, septembi, hofgerichtstafel, septem",6,1789-03-29 00:00:00
53,"jodok, burgerl, beyjodokweiss, leichnamschneider, weiss",4,1789-03-29 00:00:00
54,"history, ferguson, litteratur, roman, republic",1,1789-03-29 00:00:00
55,"möstl, königl, krems, kopp, kugler",1,1789-03-29 00:00:00
56,"königl, xxxandem, kolonins, gxxxllxxx, jglau",3,1789-03-29 00:00:00
57,"bertram, cilly, jenko, gebeth, carolivi",2,1789-03-29 00:00:00
59,"gängliches, 2366, zärtliche, dankbarkeit, verehrung",2,1789-03-29 00:00:00
60,"wenn, masse, verschuldeten, kompensationsrecht, abzutragen",4,1789-03-29 00:00:00
61,"30, 1214, 1187, 1213, 1168",16,1789-03-29 00:00:00
64,"zierinische, kupferamtsobligation, 1tes, kupf, kupfer",2,1789-03-29 00:00:00
65,"türken, kroatien, novi, türkischen, gefangenschaft",14,1789-03-29 00:00:00
68,"novemb, 24, zweyten, zum, november",3,1789-03-29 00:00:00
69,"gräfl, jagdnutzen, ortsgerichte, wald, jn",4,1789-03-29 00:00:00
73,"rathen, darum, sie, an, ",4,1789-03-29 00:00:00
74,"ungarn, laxenburg, verwalteramte, erben, rosalia",3,1789-03-29 00:00:00
79,"angehängt, kunstliebha, patholo, büste, balde",4,1789-03-29 00:00:00
80,"freyhrn, freyinn, duminique, summerau, vockel",6,1789-03-29 00:00:00
82,"clemen, toskanische, prinzesinn, tina, herzoglich",1,1789-03-29 00:00:00
83,"unddasdortige, ueppigkeit, terangefangeneundvonmirfortgesetzte, geistesruhe, anzulegende",2,1789-03-29 00:00:00
85,"konkurses, gerichte, eröffnung, lande, gesammte",12,1789-03-29 00:00:00
86,"religionsfondsgüter, bruderschafssfondsgüt, glaubenswahrheiten, tenlehren, religionsgüter",6,1789-03-29 00:00:00
87,"oktob, wochenmärkte, einfallet, werktag, feyertag",4,1789-03-29 00:00:00
88,"schärfsten, erlies, kriegskommission, naueste, untersuchen",1,1789-03-29 00:00:00
89,"landesfürstl, magistrate, denzst, köngl, magistrat",5,1789-03-29 00:00:00
90,"deutsche, deutschen, zeitungskomtoir, giebt, auskunft",1,1789-03-29 00:00:00
95,"unzen, statt, thle, dritter, vier",2,1789-03-29 00:00:00
96,"kostet, englischen, trocken, messer, brennen",1,1789-03-29 00:00:00
97,"gräfl, von, der, sephst, lilien",3,1789-03-29 00:00:00
98,"landrecht, senfel, ni, landrechtes, ansinnen",3,1789-03-29 00:00:00
99,"licit, amort, essenzen, pöllin, allerh",3,1789-03-29 00:00:00
101,"holländern, niederlande, niederlanden, erklärung, nahmen",3,1789-03-29 00:00:00
104,"talweise, zuhalten, quar, aussicht, gasse",1,1789-03-29 00:00:00
105,"lieut, general, adjutant, dem, secondleutenant",2,1789-03-29 00:00:00
109,"gabelkovesche, marzyscher, handelmanns, gläubig, gläub",3,1789-03-29 00:00:00
112,"verkaufen, täglich, haus, jnderleopoldstadtindersperlgasseist, altenlerchenfeld",6,1789-03-29 00:00:00
113,"freyherrl, gerarde, gerade, statt, herrs",5,1789-03-29 00:00:00
117,"pest, april, den, samstag, montag",1,1789-03-29 00:00:00
119,"2300, oesterr, ro, ausmass, 2788",1,1789-03-29 00:00:00
120,"eimer, eimerigen, gebirgsweine, weine, gewächsen",10,1789-03-29 00:00:00
121,"anemoni, turband, färbige, 1319, anemoniderprinz",4,1789-03-29 00:00:00
124,"bewilligter, 56, geschätzten, erhalten, behausung",1,1789-03-29 00:00:00
127,"prag, böhmen, fängt, werwer2299, lazansky",4,1789-03-29 00:00:00
128,"rechtsbehelfe, sachwalter, diensam, vertheidigung, wege",3,1789-03-29 00:00:00
129,"unterscheiden, ähnlich, unmöglich, einander, gestalt",1,1789-03-29 00:00:00
130,"ausgabe, franz, alt, weissmann, weiss",2,1789-03-29 00:00:00
132,"kaiserl, kaisersthée, kaiserspit, 69, 43",1,1789-03-29 00:00:00
134,"artariacomp, gangbare, verm, hombre, 12te",2,1789-03-29 00:00:00
140,"bernstein, alphabet, böhmen, kaiserl, solms",2,1789-03-29 00:00:00
141,"1102, buchbinder, wagen, pferd, markt",1,1789-03-29 00:00:00
143,"realitäten, eckerische, ezmannstorferische, hauckische, grossoldische",9,1789-03-29 00:00:00
145,"auftrag, einkonm, missbilige, menkönnte, jch",1,1789-03-29 00:00:00
149,"octavo, octob, extrablat, octobris, chestern",1,1789-03-29 00:00:00
153,"prag, lande, vieh, pfunde, ungarn",5,1789-03-29 00:00:00
154,"nöthig, jancke, schwaighof, altenlengbach, plankhensternischen",3,1789-03-29 00:00:00
156,"jenik, tretung, unkö, rechtssache, angebrachte",1,1789-03-29 00:00:00
157,"bescheidene, schichtschreiber, ungestimmer, zetter, authoren",3,1789-03-29 00:00:00
159,"geldabsonde, erneuernn, behörden, todtenträgern, abstellung",1,1789-03-29 00:00:00
160,"raabisches, haus, hauptm, hausfr, hauskn",1,1789-03-29 00:00:00
161,"löbl, des, von, zarus, frepherrl",5,1789-03-29 00:00:00
163,"ungarn, ämtlichen, eingehoben, bühren, amtirung",3,1789-03-29 00:00:00
164,"portugall, lissabon, lisabon, oeynhausen, militarwe",2,1789-03-29 00:00:00
167,"verordnung, löbl, vermög, nes, eines",7,1789-03-29 00:00:00
169,"erböthig, beträgt, verlassen, fortfah, ssigiährige",1,1789-03-29 00:00:00
170,"arunkulen, oranien, prinz, arunculen, von",1,1789-03-29 00:00:00
171,"früh, dtr, obbestimmten, bestandlustigen, licit",4,1789-03-29 00:00:00
173,"luden, heure, zuschauern, feyer, fest",1,1789-03-29 00:00:00
177,"hausmeister, augenschein, anfragen, 289, wip",6,1789-03-29 00:00:00
178,"böhmen, kutsch, gebs, krankend, gross",2,1789-03-29 00:00:00
179,"unbe, kannt, vorzuladen, nöthig, dieselben",1,1789-03-29 00:00:00
180,"seifensiedermeister, klosterneuburg, untern, eigenen, melden",2,1789-03-29 00:00:00
182,"feuerwerk, stuwer, annenfestes, rostatischen, zurückgebliebe",2,1789-03-29 00:00:00
188,"wechselbriefe, ausgestellten, gesuche, glasergewerbs, inordineexe",3,1789-03-29 00:00:00
189,"99ste, augsburg, legt, genauverb, verin",2,1789-03-29 00:00:00
191,"volljähri, ehen, gähen, storben, 1788",2,1789-03-29 00:00:00
195,"1789, convoc, juli, karansebes, bogschan",40,1789-03-29 00:00:00
199,"unglücksfalles, verunglückter, verhehlen, wü, unverzügliche",2,1789-03-29 00:00:00
200,"juden, judenhaus, gentschitz, granaten, gentschütz",4,1789-03-29 00:00:00
202,"rekompens, emailliret, uhrkette, uhrplatt, emaille",6,1789-03-29 00:00:00
206,"oberkommission, vermögenssteuer, bedienstung, gulden, anstellung",4,1789-03-29 00:00:00
209,"lustsp, gutherzige, alte, jahnisches, perückenmachergewerb",1,1789-03-29 00:00:00
210,"stephanie, wien, deutsche, vienne, beygesetzten",1,1789-03-29 00:00:00
214,"deutschen, besitzt, sprache, pohlnische, körnichte",3,1789-03-29 00:00:00
216,"strohmeyer, stossberger, staltmeyer, nikolsburg, znaym",3,1789-03-29 00:00:00
218,"böhmen, ungarn, crediti, verstorben, jnfanterieregiments",12,1789-03-29 00:00:00
222,"1929, meteorologische, sternwarte, beobachtungen, nro",1,1789-03-29 00:00:00
226,"druckp, väterlicher, erwachsenen, lampe, weiblichen",1,1789-03-29 00:00:00
228,"fürstl, von, entschlieffe, cell, der",3,1789-03-29 00:00:00
229,"begnehmigung, mödlau, bochtiz, vorbehalt, eingeplanket",17,1789-03-29 00:00:00
230,"auswechslung, erfolgen, nächstens, bewilligung, soll",1,1789-03-29 00:00:00
234,"friediget, hoben, vollständig, magistrats, 1789",3,1789-03-29 00:00:00
236,"ansinnen, königl, auf, ine, niver",1,1789-03-29 00:00:00
237,"viii, sterl, , , ",1,1789-03-29 00:00:00
243,"feldchyrurgen, doct, dokt, chirurgus, arzt",1,1789-03-29 00:00:00
244,"auditoriate, artillerieregiments, löwenthal, penzenstein, oberstwachtmeister",1,1789-03-29 00:00:00
248,"umschalkin, umschalkische, fleischbeschauers, barbara, kreuzischen",1,1789-03-29 00:00:00
250,"remnitz, cons, ex, gräfl, retzer",2,1789-03-29 00:00:00
251,"adel, tagsschlusse, ausbedung, bewilligun, cherheitsakte",1,1789-03-29 00:00:00
252,"zwischenzeit, grundbuch, einsehen, hierwegen, gedachtes",1,1789-03-29 00:00:00
254,"frhr, ferner, frle, frider, fleischh",2,1789-03-29 00:00:00
256,"hungarn, wörer, korneuburg, mathias, burgerl",1,1789-03-29 00:00:00
257,"jahrgang, frauenzimmer, 1788, magazin, kupfern",1,1789-03-29 00:00:00
260,"landjä, germeisteramte, obersten, bürgerl, stadtrichter",1,1789-03-29 00:00:00
261,"lebenslauf, fing, schildern, kläger, gefangenen",1,1789-03-29 00:00:00
262,"deutsche, vorspiegelungen, versuchung, zusammengetret, finder",2,1789-03-29 00:00:00
264,"vidak, unterlieut, viol, vitriol, vitriolumdecypro",1,1789-03-29 00:00:00
269,"wirthshaus, bestand, wisbauer, anerinneren, behöriger",1,1789-03-29 00:00:00
270,"verkaufen, erdberg, haus, 158, anzufragen",4,1789-03-29 00:00:00
276,"zonardi, camerino, magdalena, herzoginn, maria",1,1789-03-29 00:00:00
277,"prchlickische, erben, hoheit, hornung, durchl",1,1789-03-29 00:00:00
278,"fahrnisse, madlenische, madruzzische, hruschkinsche, schwarzgruberische",8,1789-03-29 00:00:00
279,"sinicum, bayeri, museum, diarium, wiener",1,1789-03-29 00:00:00
280,"mangold, karl, joseph, adam, stellter",1,1789-03-29 00:00:00
281,"weine, weyl, befehl, , ",8,1789-03-29 00:00:00
284,"gesprengte, arunkulen, farben, verschiedenen, gesprangte",1,1789-03-29 00:00:00
286,"landgräfl, justizverwaltung, bierschanksgerechtigkeit, bestand, thürisches",2,1789-03-29 00:00:00
292,"einhebung, landesfürstl, landsfürstl, da, camm",1,1789-03-29 00:00:00
298,"fürstl, grast, von, dem, des",1,1789-03-29 00:00:00
300,"personals, wand, woh, tafeln, findet",1,1789-03-29 00:00:00
302,"religionsübung, rabaut, bestritt, etienne, religionssachen",1,1789-03-29 00:00:00
303,"kost, lehrmeistern, honnetes, balkon, wasch",3,1789-03-29 00:00:00
304,"serhöfe, thronfolger, selim, vorgängers, sultan",1,1789-03-29 00:00:00
307,"1626, rariff, 1655, 1658, licit",2,1789-03-29 00:00:00
308,"komptoir, schneider, schneidermeist, zeitungs, sucht",2,1789-03-29 00:00:00
311,"geschwindern, fehlerhaften, kostkinder, überlasse, originale",5,1789-03-29 00:00:00
314,"öster, österr, östl, nied, von",1,1789-03-29 00:00:00
315,"algemein, landesgubernium, dangelassen, pfänder, bedingnissen",4,1789-03-29 00:00:00
318,"gerichtsadvokaten, hof, gerichtsordnung, erblande, richteramtshand",1,1789-03-29 00:00:00
321,"laa, lusttragere, rabin, avisiren, dienerhaus",3,1789-03-29 00:00:00
323,"bahnen, uneinigkeit, benutzen, vaterlande, nachbarn",1,1789-03-29 00:00:00
327,"marchau, messet, 1989, kelwiesen, einmädig",3,1789-03-29 00:00:00
328,"löbl, seite, fürstl, bourne, reitenauer",6,1789-03-29 00:00:00
329,"unterzeichnen, samm, illum, gelde, abtheilung",2,1789-03-29 00:00:00
331,"bücher, bibliothekdien, andertes, lektüre, drittes",4,1789-03-29 00:00:00
332,"unkösten, unkosten, sächs, zahlt, statt",3,1789-03-29 00:00:00
335,"erzbischöfl, marq, botschafter, , ",1,1789-03-29 00:00:00
339,"40, gemeinnütziger, moralische, 96, obgleich",2,1789-03-29 00:00:00
340,"hah, wilfersdorf, lustigen, stunde, kauf",1,1789-03-29 00:00:00
343,"finkenstein, herzberg, kaiserl, uhlfeld, wienerisches",1,1789-03-29 00:00:00
344,"hauptgewerkschaftliche, jnnerbergischen, schuldobligazion, gazion, meisterische",1,1789-03-29 00:00:00
348,"stift, administrirte, pens, befiehlt, dorotheerstift",5,1789-03-29 00:00:00
352,"apost, se, da, nämlich, jhre",1,1789-03-29 00:00:00
355,"bestandkorpus, angeboth, adprotocollum, behö, rig",1,1789-03-29 00:00:00
359,"spezies, muthig, schichten, drangen, heran",2,1789-03-29 00:00:00
363,"folgt, fortsetzung, continuation, künftig, folget",4,1789-03-29 00:00:00
365,"landesregierung, staatsgüteradministratlon, eingeho, staatsgüteradministrations, dorotheergasse",4,1789-03-29 00:00:00
367,"brzinsko, erträgnissentwurfe, entfällt, pretiumfisci, thol",1,1789-03-29 00:00:00
369,"invigiliren, wornach, geistesgaben, 2302, sosindsie",2,1789-03-29 00:00:00
370,"gesetz, verbothen, vollziehen, verhaftneh, darf",5,1789-03-29 00:00:00
372,"talogen, 1183, verkaufs, buchhand, paul",2,1789-03-29 00:00:00
374,"1328, dessenge, exekuzionszug, franzzenegg, scharfenstein",2,1789-03-29 00:00:00
386,"juden, böhmen, judenschaft, zugelassen, kaufe",9,1789-03-29 00:00:00
389,"wohlgetroffenes, kunsthändlern, illuminirt, necker, einnahme",1,1789-03-29 00:00:00
398,"3000, belaufen, 1200, ungefähr, mag",1,1789-03-29 00:00:00
402,"satzbrief, ruhmtüchtig, verdientesten, anwei, lobsprüchen",2,1789-03-29 00:00:00
407,"pillichstorf, eimer, joch, gebünden, deto",6,1789-03-29 00:00:00
410,"frühstunde, pachtlustige, hierortige, hierortig, nachmittagsstunden",3,1789-03-29 00:00:00
411,"obligation, obligationen, schedlische, obligatio, kimmeriische",2,1789-03-29 00:00:00
413,"1791, 1789, convoc, cantorirungsquartier, hunyad",4,1789-03-29 00:00:00
414,"64, joch, rabensburg, eimer, eckers",5,1789-03-29 00:00:00
416,"hochlöbl, bewilligung, verwilligung, bestät, gnädigster",6,1789-03-29 00:00:00
417,"band, pränumerationspreis, einschickt, meranten, ladenpreis",3,1789-03-29 00:00:00
419,"mayerey, mayer, mayerische, mayerins, hofsgebäude",6,1789-03-29 00:00:00
420,"landesregierung, wissenschaft, wiener, allgemeinen, zeitung",1,1789-03-29 00:00:00
424,"haus, , , , ",8,1789-03-29 00:00:00
434,"faust, 4jähriger, reitpferde, hengst, hoh",2,1789-03-29 00:00:00
435,"montano, angelo, burgl, färbermeisters, wanzka",1,1789-03-29 00:00:00
438,"bankozettel, lohren, dreyfaltigkeit, 50, singerstrasse",2,1789-03-29 00:00:00
439,"schw, , , , ",1,1789-03-29 00:00:00
444,"leopoldstadt, heitzun, wagenremise, bratter, modern",1,1789-03-29 00:00:00
445,"risquiren, honorarium, gemeinnützigen, wohlfeiler, drucker",2,1789-03-29 00:00:00
447,"berioloi, florida, gräfinn, beutel, fürstl",1,1789-03-29 00:00:00
452,"anders, nichts, statt, tluckische, nepom",2,1789-03-29 00:00:00
455,"2337, wiener, zeitung, anhang, 1789",1,1789-03-29 00:00:00
459,"kupf, cassale, krems, vendôme, wäre",2,1789-03-29 00:00:00
462,"mayers, erben, willingerischen, erdödi, milutinovich",1,1789-03-29 00:00:00
464,"schwimmer, 2spänniges, spänniger, leiterwagen, neuer",3,1789-03-29 00:00:00
467,"gelieb, ausfällen, zaudern, harren, brüdern",1,1789-03-29 00:00:00
468,"dringendere, zufrieden, vorstellungen, antwort, versammlung",1,1789-03-29 00:00:00
474,"1303, 1710, 1705, 13, 20",1,1789-03-29 00:00:00
475,"rindvieh, riegele, ritschel, mütz, oll",1,1789-03-29 00:00:00
476,"löschenkohl, nachricht, signat, meldbrief, sign",2,1789-03-29 00:00:00
479,"fleischergewerbe, fleisch, verbindlich, erlediget, unentgeldlich",1,1789-03-29 00:00:00
480,"beamtens, güterabtret, maut, tagsatzung, angeordnet",1,1789-03-29 00:00:00
487,"oest, isch, engl, , ",1,1789-03-29 00:00:00
492,"grad, anzeigte, 11, falls, nur",1,1789-03-29 00:00:00
496,"oester, jn, oesterr, wilh, altes",1,1789-03-29 00:00:00
501,"regensburgischen, bischöflich, donaustauf, septemb, pfleggerichts",2,1789-03-29 00:00:00
504,"paulini, pauli, 138, gross, statt",2,1789-03-29 00:00:00
507,"bestand, herrschaft, grundherrlichkeit, grundherrlichkeiten, privilegio",1,1789-03-29 00:00:00
513,"bankalhaus, speckerische, gläubiger, uhderscher, wablesche",1,1789-03-29 00:00:00
523,"hochlöbl, verordnung, hochwürd, auf, eines",1,1789-03-29 00:00:00
526,"liebig, stockameisen, alstergasse, kauflustige, 1093beydemhauseigenthümer",6,1789-03-29 00:00:00
530,"dej, pascha, willfähriger, rossschweifen, tunis",2,1789-03-29 00:00:00
531,"setz, ausdruck, allgemeinen, willens, meinung",1,1789-03-29 00:00:00
537,"schneiderherberge, brücke, erfragen, mehrere, hohen",2,1789-03-29 00:00:00
539,"wechselbriefe, wechselbrief, schaldscheine, assekurationsscheine, betrimscher",1,1789-03-29 00:00:00
545,"gelbe, arunkulen, gefüllte, jonqui, quilien",1,1789-03-29 00:00:00
547,"varna, ging, verlautet, nunc, restitut",1,1789-03-29 00:00:00
548,"holzwerk, räder, holz, wägen, effekten",4,1789-03-29 00:00:00
549,"hubert, gzulayschenjnfanterieregimentswirdhiemit, jeszenovzky, grafsamuel, 2325",2,1789-03-29 00:00:00
550,"komtoir, zeitungskomtoir, zeitungs, gibt, gesucht",2,1789-03-29 00:00:00
553,"haunoldischen, jägerzeil, freygrunds, fütterer, zornischen",2,1789-03-29 00:00:00
559,"gelhütte, sedletz, oberstbat, gyulai, sebast",2,1789-03-29 00:00:00
560,"licit, 1329, 2353, 2321, 2355",5,1789-03-29 00:00:00
564,"ungarischen, papeische, herabgesetzet, heber, ersparen",2,1789-03-29 00:00:00
573,"grundbüchel, gruber, grumkow, hofgreissl, grundemann",2,1789-03-29 00:00:00
574,"erzherzogl, bischöfl, erzherzogin, colockza, kohlanin",1,1789-03-29 00:00:00
575,"kroatien, cumscacausa, dermeisters, szredieze, 1335",3,1789-03-29 00:00:00
582,"band, hefte, ausmachen, register, jedesmal",1,1789-03-29 00:00:00
584,"seidenvorraths, bokari, salzamt, landische, eduza",1,1789-03-29 00:00:00
-1,"deutschen, deutsche, böhmen, ungarn, 1791",1041,1790-10-29 04:00:00
0,"böhmen, türken, isis, ily, aura",20,1790-10-29 04:00:00
1,"bürg, angelegenst, pizzichi, zugeflogen, laitre",50,1790-10-29 04:00:00
2,"flotte, hood, lord, schiffe, schiffmühle",17,1790-10-29 04:00:00
3,"trompeterhaus, pendorf, kirche, gum, freyheiten",8,1790-10-29 04:00:00
4,"spiegel, tische, sessel, verschiedene, zinn",20,1790-10-29 04:00:00
5,"ketter, mishandlungen, potemkin, eides, erwähnte",6,1790-10-29 04:00:00
6,"türken, russen, braila, russland, petersburg",9,1790-10-29 04:00:00
7,"königl, kömgl, thom, elis, ",1,1790-10-29 04:00:00
8,"zimmern, keller, einem, kögelbahn, hühnerställen",10,1790-10-29 04:00:00
9,"pferde, schnellmaschine, pferdmühle, kostbarste, pferdhandls",6,1790-10-29 04:00:00
10,"erschütter, benützen, bemächtigen, erdbebens, suchten",1,1790-10-29 04:00:00
11,"schmerzlicheres, gerüget, weige, aufbewah, aufopferung",6,1790-10-29 04:00:00
12,"deutschen, vergrif, originalauflagen, buch, händler",13,1790-10-29 04:00:00
13,"schaaferey, schaafvieh, schneid, grundstücke, stadter",16,1790-10-29 04:00:00
14,"garischer, topanken, weltweisheit, baadergewerb, eise",5,1790-10-29 04:00:00
15,"eingesehen, tution, studentenauf, staatsrevolution, augemesseneren",5,1790-10-29 04:00:00
16,"euch, jhr, eure, habt, angeblichen",3,1790-10-29 04:00:00
17,"suttenbrun, maurerischen, schuldenhalber, thig, handeln",1,1790-10-29 04:00:00
19,"dänische, haga, terhandlungen, fortfährt, entwickeln",2,1790-10-29 04:00:00
21,"haus, hefeleisches, kaiserlechnerisches, führingisches, göllerisches",21,1790-10-29 04:00:00
25,"schätzung, dritten, zweyten, termine, termin",15,1790-10-29 04:00:00
26,"vorlesungen, erziehungschriften, kreissteuereinnehmer, unterricht, erwachse",6,1790-10-29 04:00:00
27,"convoc, persönlich, entweder, bevollmächtigten, verlassenschaft",19,1790-10-29 04:00:00
28,"gläubiger, zellnerinscher, glissenbauers, peitlischer, sachsischer",11,1790-10-29 04:00:00
29,"anna, bürg, grabltrag, scheidmayr, reichhalter",8,1790-10-29 04:00:00
30,"wochen, binnen, obligation, jahr, satz",11,1790-10-29 04:00:00
31,"eingeklagt, cumsuacausa, 6000, tionalwachen, reisewägen",4,1790-10-29 04:00:00
32,"effekten, schiegls, effecten, zinnerische, prätiosen",18,1790-10-29 04:00:00
33,"alt, anna, dienstm, mariah, martha",18,1790-10-29 04:00:00
34,"bietung, schuldigen, feil, geklagten, residenzstadt",14,1790-10-29 04:00:00
35,"übernachtet, mohr, vergangene, bruck, eintreffen",1,1790-10-29 04:00:00
36,"weingärten, blindholz, hülfreichs, theilhaftesten, anzupflanzen",11,1790-10-29 04:00:00
41,"magistrate, residenzstadt, thischen, anlangen, massevertretters",8,1790-10-29 04:00:00
42,"könig, königinn, kommissare, könige, düport",15,1790-10-29 04:00:00
43,"summa, darunter, kind, personen, kinder",11,1790-10-29 04:00:00
44,"grossbritannien, londen, britannien, brittannien, gross",1,1790-10-29 04:00:00
45,"welchessonstimnachdrucke, 1838, unleserlich, obendrein, schriebenes",3,1790-10-29 04:00:00
46,"forderung, verschuldeten, klage, förmlichen, glaubet",8,1790-10-29 04:00:00
48,"wein, weinzehende, pfropfen, weingartenbau, biegen",12,1790-10-29 04:00:00
49,"kauflustige, wähntem, licit, persenbeug, thes",6,1790-10-29 04:00:00
51,"geliefert, september, werk, sicher, ganze",2,1790-10-29 04:00:00
52,"alto, violon, violonc, pour, violoncelle",11,1790-10-29 04:00:00
53,"burgerl, 40, nachricht, bey, dem",2,1790-10-29 04:00:00
54,"clos, kontrerevolu, putirten, bisthum, anzutreten",2,1790-10-29 04:00:00
56,"königl, kolonins, jglau, xxxandem, gxxxllxxx",3,1790-10-29 04:00:00
57,"matth, preuss, gebeth, carolivi, päpstl",2,1790-10-29 04:00:00
59,"demokra, volution, schillings, system, betrachtungen",6,1790-10-29 04:00:00
60,"hockeschen, masse, sationsrecht, wenn, kompen",1,1790-10-29 04:00:00
61,"1115, 1180, amburgo, msi, 7ne",2,1790-10-29 04:00:00
63,"sonnenfest, harmoniemusik, flauten, bra, minen",4,1790-10-29 04:00:00
64,"metallener, brennpunkt, feile, kupf, durchschnitt",3,1790-10-29 04:00:00
65,"türken, osmanen, tulza, babada, braila",3,1790-10-29 04:00:00
66,"donaufischer, 1756, befinde, vorgemerkt, satzbrief",1,1790-10-29 04:00:00
67,"amort, 1791, 1796, 1783, wienerisch",8,1790-10-29 04:00:00
69,"gräfl, linge, verbesserung, reis, schleisreben",6,1790-10-29 04:00:00
70,"siechenh, alt, 80, augart, 79",12,1790-10-29 04:00:00
72,"kainzischer, erben, kais, serl, kai",2,1790-10-29 04:00:00
73,"rathen, darum, sie, an, ",7,1790-10-29 04:00:00
74,"vöslau, kainz, mauriz, kainzin, vösslau",5,1790-10-29 04:00:00
75,"veranlasset, august, bestimmt, hiezu, july",1,1790-10-29 04:00:00
79,"hauslehrer, gelien, nomen, oeko, 206",4,1790-10-29 04:00:00
80,"freyhrn, hans, freyherrl, dem, frey",1,1790-10-29 04:00:00
81,"missale, würde, kaiserl, das, niemalen",1,1790-10-29 04:00:00
83,"pantomimen, abwechseln, kaiserstadt, gesehen, nie",1,1790-10-29 04:00:00
85,"konkurses, gesammte, gerichte, öffnung, lande",6,1790-10-29 04:00:00
86,"frühpredigten, häuslicher, homiletische, wirthschaftskalender, schilchers",4,1790-10-29 04:00:00
87,"oktob, umstand, heisst, völker, erinnert",2,1790-10-29 04:00:00
88,"kommissare, pethian, barna, manbourg, vollmächtiget",4,1790-10-29 04:00:00
89,"landesfürstl, magistrat, magistrate, kais, dem",2,1790-10-29 04:00:00
90,"deutschen, zwilling, gotthard, leh, öffentlicher",3,1790-10-29 04:00:00
95,"tabackmühle, rädern, sepha, setz, 4te",5,1790-10-29 04:00:00
96,"fürs, verpfegsamt, knollmehlmühle, rindviehnutzung, salpeterlau",7,1790-10-29 04:00:00
97,"gräfl, von, der, sephst, lilien",12,1790-10-29 04:00:00
99,"amort, licit, essenzen, pöllin, allerh",4,1790-10-29 04:00:00
102,"1351, 1067, burgerspit, 64, stadt",3,1790-10-29 04:00:00
103,"glasier, blassbälge, deichelbohrmühle, zusammengesetzten, widerstande",5,1790-10-29 04:00:00
106,"schwankend, gerüchte, äusserst, london, kriege",1,1790-10-29 04:00:00
109,"hamberger, wasserbaur, ukolinzky, lehenkutsch, melchior",3,1790-10-29 04:00:00
110,"varrenne, generalkom, romeuf, bewachung, munizipalität",2,1790-10-29 04:00:00
112,"hälfte, fronten, rocaner, ruppische, erkundi",2,1790-10-29 04:00:00
113,"freyherrl, herrs, fluder, jahn, bogner",7,1790-10-29 04:00:00
114,"febr, den, februarii, februar, regierungsverlass",1,1790-10-29 04:00:00
115,"aufgezehret, ausgaben, millionen, angewiesen, livres",1,1790-10-29 04:00:00
116,"jn, stadt, der, fruh, neu",10,1790-10-29 04:00:00
120,"eimer, böhmischkrut, fangkehrergasse, 270, gebirgweine",4,1790-10-29 04:00:00
122,"josephst, josepha, stockameisenpl, traiteur, rötz",5,1790-10-29 04:00:00
123,"schlachtochsen, schlachtvieh, woche, beschliessen, platte",1,1790-10-29 04:00:00
124,"allg, alt, allgem, lichtent, 53",9,1790-10-29 04:00:00
126,"ulrichn6, lehnbedient, hemet, braunsperger, mayer",2,1790-10-29 04:00:00
127,"böhmen, prag, vermiethen, gemächlichen, vorbeypassiret",3,1790-10-29 04:00:00
128,"diensam, namhaft, beyzumessen, rechtsbehelfe, verabsäumung",10,1790-10-29 04:00:00
129,"geschwisterte, eheliche, tochter, ermanglung, befun",6,1790-10-29 04:00:00
130,"kassier, bayer, rudolph, leopoldst, alt",1,1790-10-29 04:00:00
133,"waldvogl, 1833, seelmoser, krankenwart, jos",1,1790-10-29 04:00:00
135,"math, hofinger, herrs, 60, alt",4,1790-10-29 04:00:00
136,"tagl, decher, hörman, welser, vorreiter",8,1790-10-29 04:00:00
142,"studiren, lateinischen, knaben, valencianotscher, unterricht",3,1790-10-29 04:00:00
143,"realitäten, erschafung, schnitzerische, elsnerische, eisnerische",9,1790-10-29 04:00:00
146,"krankenh, pappenh, goekingk, ubert, pozzi",8,1790-10-29 04:00:00
147,"lerchenf, alt, im, cors, theile",1,1790-10-29 04:00:00
149,"lorberbaum, daphne, octob, verwandelt, 13",1,1790-10-29 04:00:00
150,"dechslermeist, decemb, dedöcker, kreisamt, neuburg",1,1790-10-29 04:00:00
153,"kammeralbehörde, treibenden, viehhändlern, beuutzung, viertens",1,1790-10-29 04:00:00
154,"residenzstadt, vorgehen, zuladen, magistrate, sicher",10,1790-10-29 04:00:00
156,"rechtssache, erblanden, angebrachte, gerichtsordnung, ausgeführet",7,1790-10-29 04:00:00
157,"broschüren, wiederhall, journale, verleumde, nähren",1,1790-10-29 04:00:00
160,"haushelfte, hauptm, hausfr, hauskn, haushofmeist",1,1790-10-29 04:00:00
162,"musiquæmusiquae, polymelos, differentes, arrange, libitum",1,1790-10-29 04:00:00
165,"moisinsammet, 4sitziger, gallawagen, cra, ausgeschlagen",5,1790-10-29 04:00:00
166,"besson, luftreise, blanchard, gerstrasse, herauszugeben",1,1790-10-29 04:00:00
167,"matrosenvolk, verordnung, befolget, pressen, strenge",2,1790-10-29 04:00:00
168,"54, borst, delst, pfaller, bäckermeists",4,1790-10-29 04:00:00
170,"oran, hofzeitung, versuchen, umständliche, mauren",1,1790-10-29 04:00:00
171,"früh, erstbesagten, licit, kauflustigen, magistrate",7,1790-10-29 04:00:00
172,"cath, stief, eva, , ",7,1790-10-29 04:00:00
175,"böhmen, ferdinand, ferdinands, festungenunternommen, gebiethes",3,1790-10-29 04:00:00
176,"elis, harder, elion, jacobi, aria",4,1790-10-29 04:00:00
177,"erkundigen, hausmeister, jnhaber, gehören, theerhof",4,1790-10-29 04:00:00
178,"kutsch, böhmen, gebs, krankend, gross",2,1790-10-29 04:00:00
180,"hofrathundprofessorzu, keis, gmelin, betischer, alpha",1,1790-10-29 04:00:00
181,"kohlischer, immilitärsp, kobeck, krehlicka, kuchelgartn",6,1790-10-29 04:00:00
182,"ritterspiele, zahlreiches, zuschauer, beleuchtung, familie",1,1790-10-29 04:00:00
186,"kinskischen, anger, matzen, oest, philipp",3,1790-10-29 04:00:00
188,"ausfertigung, spör, zionsedikten, kuntengra, amortisazionsedikten",2,1790-10-29 04:00:00
190,"cath, catharina, catholis, cathar, cabrian",1,1790-10-29 04:00:00
195,"heinke, 1790, wechsel, 1789, juni",1,1790-10-29 04:00:00
199,"feldzugs, bringe, anschein, wenigsten, eröffnung",1,1790-10-29 04:00:00
201,"lohbreche, löbl, lobl, ludw, resolution",1,1790-10-29 04:00:00
202,"uhrblatstech, uhrgehäusmach, fruh, uhr, kettel",2,1790-10-29 04:00:00
204,"döderleins, christ, 36, jesu, kinde",1,1790-10-29 04:00:00
205,"barb, kärntnerstr, alt, barbarey, häfer",3,1790-10-29 04:00:00
206,"perzenten, hauptkas, aufkündbares, gesetzmässige, landgüter",3,1790-10-29 04:00:00
208,"lebel, balthas, bandmach, kellner, weinwirth",1,1790-10-29 04:00:00
210,"deutsche, wien, lergesellschaft, winterszeit, schauspie",1,1790-10-29 04:00:00
214,"deutschen, unterzeichnete, sprache, lehrgegenständen, kostkinder",4,1790-10-29 04:00:00
215,"böhmen, patent, unbefugte, kracksenträger, 1787",10,1790-10-29 04:00:00
216,"strasser, strumpfstrick, maschitz, herrs, anton",3,1790-10-29 04:00:00
218,"böhmen, rassierregimentsgericht, grafhohen, hruschowaa, saatzer",1,1790-10-29 04:00:00
222,"barometerstand, meteorologische, sternwarte, beobachtungen, 15",3,1790-10-29 04:00:00
225,"leopoldst, alt, anton, leopold, leopoldi",3,1790-10-29 04:00:00
227,"militsp, allg, 23, 34, alt",2,1790-10-29 04:00:00
228,"fürstl, von, entschlieffe, cell, der",2,1790-10-29 04:00:00
229,"ziegelofen, vorrech, thische, einzuholender, konkusmasse",1,1790-10-29 04:00:00
231,"empfangtags, sommeraufenthalt, juli, löbl, tan",5,1790-10-29 04:00:00
234,"1790, erscheinungsfall, willinger, feldkriegskommissa, ruckgebliebe",2,1790-10-29 04:00:00
239,"ǀǀ, zoll, 13, ǀǀgradǀǀgradǀǀgrad5ǀǀ15ober0ǀǀ18ober0ǀǀ16ober0, 13½",4,1790-10-29 04:00:00
240,"schuhmach, baldauf, schuh, zoll, breit",4,1790-10-29 04:00:00
245,"dressden, koppin, herrs, könig, jhre",3,1790-10-29 04:00:00
246,"berufungstagsatzung, vorschreiten, verordnung, veranlasst, abhandlungsache",3,1790-10-29 04:00:00
249,"mart, neustift, märz, alt, am",3,1790-10-29 04:00:00
251,"gesetzgebung, untersuchet, beschäftigen, punkte, dinge",1,1790-10-29 04:00:00
252,"675, minen, erkaufen, findlichen, herrschaftskanzley",1,1790-10-29 04:00:00
254,"flor, ofen, frle, frider, fleischh",2,1790-10-29 04:00:00
257,"jnländische, julius, begebenheiten, 1791, mittewoche",2,1790-10-29 04:00:00
261,"oeden, pfundner, burg, gefängnisse, trettungsfälle",2,1790-10-29 04:00:00
263,"oeuv, blas, , , ",1,1790-10-29 04:00:00
264,"viol, detti, vitriol, pour, vitriolumdecypro",5,1790-10-29 04:00:00
265,"churbayrische, schlaberischeshaus, instructionsab, 1640, 1704",2,1790-10-29 04:00:00
266,"zimmandels, gläubiger, zimmergs, zoll, zoraide",1,1790-10-29 04:00:00
267,"19, sperer, strotzisch, alt, lina",5,1790-10-29 04:00:00
269,"wimmer, michael, wirthshaus, bestand, wisbauer",1,1790-10-29 04:00:00
270,"217, alleegasse, verkaufen, inhaber, anzufragen",4,1790-10-29 04:00:00
273,"czarako, zelo, grossbritannische, grossfürstinn, hawke",1,1790-10-29 04:00:00
275,"edwy, elgiva, altenglische, dunstan, wunder",1,1790-10-29 04:00:00
277,"laufer, bürg, hoheit, hornung, durchl",1,1790-10-29 04:00:00
278,"deixische, fahrnisse, madruzzische, madlenische, schwarzgruberische",1,1790-10-29 04:00:00
279,"schauffische, pressburg, wiener, buchhandlung, kunst",3,1790-10-29 04:00:00
280,"alberti, albertusmagnusii, priv, jgnaz, adam",3,1790-10-29 04:00:00
281,"weine, weyl, befehl, , ",4,1790-10-29 04:00:00
286,"justiziair, poystorf, kier, grundgericht, stein",4,1790-10-29 04:00:00
288,"stadt, vor, der, thurm, ",4,1790-10-29 04:00:00
289,"schlosse, begleitet, zurück, burg, schloss",1,1790-10-29 04:00:00
295,"eure, vollenvollendung, legislatur, fandet, representanten",2,1790-10-29 04:00:00
298,"fürstl, des, grast, von, dahin",1,1790-10-29 04:00:00
299,"1796, nachricht, ungeb, change, florins",1,1790-10-29 04:00:00
302,"ceremonies, embrassé, religieuses, travaux, avoient",3,1790-10-29 04:00:00
303,"haarbeutelgewölbe, durchhaus, schmeckenden, lamm, bäckenstrasse",3,1790-10-29 04:00:00
306,"convoc, widerspruch, welcher, , ",2,1790-10-29 04:00:00
307,"1813, 1811, 1658, 1640, bänden",4,1790-10-29 04:00:00
308,"schneidermeist, gew, ettmann, kampmüllner, pizeck",7,1790-10-29 04:00:00
310,"hollermann, schwebbogen, 803, hoffmeister, persenbeug",3,1790-10-29 04:00:00
312,"verbesserte, auflage, 2te, filatorien, verbesserungen",4,1790-10-29 04:00:00
314,"österr, öster, östl, nied, von",2,1790-10-29 04:00:00
315,"erbfolgordnung, bauernstande, einzutreten, festgesetzte, gesetzlichen",1,1790-10-29 04:00:00
318,"landgerichtsver, walt, gerichtsordnung, ausgeführet, henden",2,1790-10-29 04:00:00
321,"aufkün, vorgesehenen, satzposten, bezah, uibernehmung",4,1790-10-29 04:00:00
323,"muthung, unterbrochen, friede, norden, gibt",1,1790-10-29 04:00:00
326,"bleyröhre, wasserdruckwerke, buttern, wasserhebmaschine, wunderliche",4,1790-10-29 04:00:00
327,"broch, berechnet, angesetzt, bo, bögen",4,1790-10-29 04:00:00
328,"löbl, bourne, dem, von, reitenauer",1,1790-10-29 04:00:00
329,"siechh, allg, 26, 25, hefte",2,1790-10-29 04:00:00
332,"späterhin, ration, pränume, gehenden, eintritt",1,1790-10-29 04:00:00
333,"1765, 1777, 14, eben, 1767",1,1790-10-29 04:00:00
334,"flandern, huldigung, gent, ausländische, begebenheiten",1,1790-10-29 04:00:00
336,"jedennoch, anfwandes, worbenen, eigenthume, beschreibungen",1,1790-10-29 04:00:00
339,"allg, 20, alt, 40, im",1,1790-10-29 04:00:00
340,"böhumischkrut, kauflustige, kön, amtskanzley, licit",1,1790-10-29 04:00:00
341,"1764, erschalten, frofroher, segenswünsche, 1760",1,1790-10-29 04:00:00
342,"verstorbene, juli, wien, sonntagspredigten, den",1,1790-10-29 04:00:00
349,"bedient, schlafrockschneiders, saniyni, leporin, fitta",3,1790-10-29 04:00:00
350,"königl, der, dem, von, ",1,1790-10-29 04:00:00
355,"reichsfreyherrl, amtskanzley, reichsgräfl, von, der",3,1790-10-29 04:00:00
357,"zug, gedrängt, ging, ausgezieret, volke",2,1790-10-29 04:00:00
358,"1795, franzosen, citat, regierungsverordnung, leihen",1,1790-10-29 04:00:00
362,"magd, fehringerin, wit, alt, ",2,1790-10-29 04:00:00
363,"fortsetzung, nächstens, folgt, continuation, künftig",1,1790-10-29 04:00:00
365,"subpræspraes, landesregierung, langt, derselben, oberamtsregierung",1,1790-10-29 04:00:00
370,"strafung, unnachsichtlich, belegt, festgesetzten, soll",3,1790-10-29 04:00:00
374,"göller, gegentheiligen, lilien, tharina, 2350",4,1790-10-29 04:00:00
376,"jupiter, verliebt, erzürn, besänftiget, juno",2,1790-10-29 04:00:00
383,"fortepiano, bäckenstrass, 790, grosses, verkaufen",5,1790-10-29 04:00:00
389,"deutschen, originalmanuskript, schwartzer, erbstatthalters, druckt",1,1790-10-29 04:00:00
397,"musikalienankündigung, musik, oper, parodie, music",1,1790-10-29 04:00:00
400,"kais, kumin, ludov, serl, kuhr",1,1790-10-29 04:00:00
402,"satzbrief, satzbriefe, briefe, kirchlechnerische, ruhmtüchtig",4,1790-10-29 04:00:00
404,"math, calculat, kind, alt, ",1,1790-10-29 04:00:00
408,"heinr, wassermautoffiziant, jfr, heider, schutzv",3,1790-10-29 04:00:00
410,"hochlöbl, nachmittag, juli, wer, uhr",1,1790-10-29 04:00:00
411,"obligation, obligationen, schedlische, obligatio, kimmeriische",2,1790-10-29 04:00:00
412,"schifbrücken, eise, brücken, schützen, 31",2,1790-10-29 04:00:00
413,"1791, juni, convoc, junius, wien",20,1790-10-29 04:00:00
416,"bewilligung, hochlöbl, einer, genehmhal, beförderet",3,1790-10-29 04:00:00
417,"schreibp, ordinären, schuber, band, 40",1,1790-10-29 04:00:00
419,"mayer, siechnh, znaym, wäscher, bede",2,1790-10-29 04:00:00
420,"theilnehmenden, wissenschaft, kannt, welches, hiemit",1,1790-10-29 04:00:00
424,"haus, , , , ",3,1790-10-29 04:00:00
425,"leop, morbis, leonh, valentin, bürgl",3,1790-10-29 04:00:00
434,"deutschen, tuche, soufflet, weismelirten, gebrämte",2,1790-10-29 04:00:00
448,"vers, word, lingier, englisch, typogr",4,1790-10-29 04:00:00
452,"nichts, sind, sie, tluckische, nepom",1,1790-10-29 04:00:00
455,"wiener, zeitung, anhang, 1791, 1797",3,1790-10-29 04:00:00
456,"messender, mentschütz, gründe, eröfnenden, sterer",1,1790-10-29 04:00:00
459,"kupf, cassale, krems, vendôme, wäre",2,1790-10-29 04:00:00
460,"stahr, augspurg, donnerstag, jenner, donnerstags",1,1790-10-29 04:00:00
462,"willingerischen, hofkriegsräthl, adactum, curat, erdard",2,1790-10-29 04:00:00
467,"verlor, muth, jch, nicht, unsere",1,1790-10-29 04:00:00
470,"grundbuchs, fürstl, grundbuche, gottl, reichsgräfl",1,1790-10-29 04:00:00
475,"riegele, mütz, oll, rieder, sebastian",3,1790-10-29 04:00:00
476,"nachricht, löschenkohl, signat, meldbrief, sign",1,1790-10-29 04:00:00
478,"deutschen, staatskunst, staatsmän, verlags, denkmalen",1,1790-10-29 04:00:00
487,"oest, isch, engl, , ",3,1790-10-29 04:00:00
492,"nachts, 11, war, uhr, es",1,1790-10-29 04:00:00
497,"margaret, alt, margareth, lady, poppin",3,1790-10-29 04:00:00
500,"min, nahm, sothaner, licitation, august",1,1790-10-29 04:00:00
503,"sephst, jo, durchl, jhre, düpont",1,1790-10-29 04:00:00
505,"leopoldst, leopoldt, 86, 66, 59",3,1790-10-29 04:00:00
507,"privilegio, grundherrlichkeit, grundherrlichkeiten, disciplineædisciplineae, burgerregim",2,1790-10-29 04:00:00
508,"anschaffen, gern, konnte, wollte, bürger",2,1790-10-29 04:00:00
513,"wablesche, gläubiger, speckerische, uhderscher, schuldenfond",1,1790-10-29 04:00:00
518,"unun, beytreten, dankbarer, sichje, terbrochen",1,1790-10-29 04:00:00
519,"glaserergewölb, 1078, kärtnerstrasse, grube, daniel",1,1790-10-29 04:00:00
526,"648, fleischhacker, bierhaus, käufer, sogenannten",1,1790-10-29 04:00:00
528,"1770, automen, pfeifenspiele, zeigern, esistihmaucheine",1,1790-10-29 04:00:00
533,"zession, gart, zehend, gabr, bestand",1,1790-10-29 04:00:00
535,"marx, 81, 63, alt, summa",2,1790-10-29 04:00:00
536,"handlungsdien, andre, huber, schuster, weingarten",1,1790-10-29 04:00:00
537,"brücke, 389, ramhart, eingeholet, gerichtsadvokaten",3,1790-10-29 04:00:00
540,"mariah, sterng, auster, alt, pauer",1,1790-10-29 04:00:00
543,"kuchelgartn, jos, 29, eisen, neuen",1,1790-10-29 04:00:00
544,"xiii, xviii, xvii, xlii, xiil",2,1790-10-29 04:00:00
553,"schwarzleithner, leitaberg, leonische, mannersdorf, bursche",2,1790-10-29 04:00:00
559,"sebast, mutsche, mutschelle, severin, befferhand",3,1790-10-29 04:00:00
568,"koch, zinger, bürg, wä, rosenbergers",2,1790-10-29 04:00:00
569,"ungeb, eccl, , , ",4,1790-10-29 04:00:00
571,"theres, alsterg, vivat, , ",1,1790-10-29 04:00:00
577,"alsterb, am, alsterbach, , ",1,1790-10-29 04:00:00
581,"maschinen, gespinste, wasserwerke, ununterzeichneten, entsprechende",3,1790-10-29 04:00:00
582,"bandmach, fellinger, band, letzter, dritter",1,1790-10-29 04:00:00
-1,"deutschen, böhmen, deutsche, 1795, hungarn",1739,1793-12-30 12:00:00
0,"feind, kanonen, kartätschen, feindliche, deutschen",73,1793-12-30 12:00:00
1,"körnerzehend, strümpfwirkermeisters, weinzehend, mittelm, übers",75,1793-12-30 12:00:00
2,"flotte, linienschiffen, fregaten, schiffe, mittelländischen",32,1793-12-30 12:00:00
3,"dorotheer, traiskirchen, livrebedienten, lchen, derren",8,1793-12-30 12:00:00
4,"sessel, frauenkleider, porzelain, zinn, tische",55,1793-12-30 12:00:00
5,"baters, hosstaat, gnadensbezeugungen, dictus, rückkommende",5,1793-12-30 12:00:00
6,"russland, russische, willanow, buxbuxhewden, vikoff",3,1793-12-30 12:00:00
7,"elis, königl, kömgl, thom, ",1,1793-12-30 12:00:00
8,"zimmern, keller, verlassen, wohnung, küche",43,1793-12-30 12:00:00
9,"englische, pferde, pferd, herrnkleppers, wägen",10,1793-12-30 12:00:00
10,"rührte, geweissagt, geworgeworden, schuttes, resoluzion",3,1793-12-30 12:00:00
11,"symptomen, sterbebette, scrophelkrantheit, unnatürliche, endlichdassin",10,1793-12-30 12:00:00
12,"deutschen, deutsche, 808, wohlfeile, gesetzte",10,1793-12-30 12:00:00
13,"schlossergs, chinesischer, ständige, mitge, verehrungswürdigen",28,1793-12-30 12:00:00
14,"perstanische, taverniers, filialkirchenfabrik, satllergs, allmendingen",5,1793-12-30 12:00:00
15,"franzosen, deutschen, frankreich, französischen, französische",45,1793-12-30 12:00:00
16,"unterredung, biblische, sünden, ich, seele",14,1793-12-30 12:00:00
17,"befund, forderungen, entweder, beybringung, bevollmächtigte",14,1793-12-30 12:00:00
18,"feuer, abgebrannten, brand, haubitz, brande",15,1793-12-30 12:00:00
19,"admiralschiffs, dänischen, schwedischen, kopenhagen, dänemark",6,1793-12-30 12:00:00
21,"haus, haushälfte, gewölber, hofmannisches, newatterisches",31,1793-12-30 12:00:00
23,"bauernmädchen, geadelte, sachini, 1707, 1724",4,1793-12-30 12:00:00
24,"liber, cum, folio, figuris, ligno",5,1793-12-30 12:00:00
25,"schätzung, dritten, zweyten, termin, darüber",31,1793-12-30 12:00:00
26,"ungarn, stiftung, gebürtigen, studenten, präsentation",19,1793-12-30 12:00:00
27,"convoc, persönlich, hinlänglich, sogewiss, entweder",35,1793-12-30 12:00:00
28,"gläubiger, murthischer, pillerscher, hauserscher, remscher",30,1793-12-30 12:00:00
29,"anna, heldin, maria, 697, 5736",14,1793-12-30 12:00:00
30,"binnen, wochen, sogewiss, ansprüche, 1795",20,1793-12-30 12:00:00
31,"kaufpreis, 850, 900, angesucht, geschätzt",3,1793-12-30 12:00:00
32,"effekten, zinnerische, wägen, schiegls, effecten",32,1793-12-30 12:00:00
33,"alt, mariah, anna, rosalia, theresia",41,1793-12-30 12:00:00
34,"schuldigen, feilbietung, magistrate, residenzstadt, liegenden",25,1793-12-30 12:00:00
35,"abendandachten, voltsrepräsentanten, prächtiges, mittagmahl, französischen",2,1793-12-30 12:00:00
36,"censurirung, verhältniss, früher, treiberey, ofenhitze",11,1793-12-30 12:00:00
37,"erndekranz, hiller, käppchen, ditters, rothe",3,1793-12-30 12:00:00
39,"czur, kormann, professors, wenzl, 33",1,1793-12-30 12:00:00
41,"magistrate, bekannt, anlangen, haupt, burgl",17,1793-12-30 12:00:00
42,"vorlegung, jekyll, nenlich, zurückberufung, fitzwilliam",1,1793-12-30 12:00:00
43,"summa, kind, darunter, personen, juni",20,1793-12-30 12:00:00
45,"papier, duplikate, gleichlautenden, exemplaren, freyspre",7,1793-12-30 12:00:00
46,"forderung, verschuldeten, klage, förmlichen, klasse",18,1793-12-30 12:00:00
48,"weine, 36, nesimisner, niass, geltel",11,1793-12-30 12:00:00
49,"licit, erscheinen, kauflustige, kauflustigen, 467",13,1793-12-30 12:00:00
51,"septemb, ende, wird, september, dem",1,1793-12-30 12:00:00
52,"princ, violoncello, violon, pour, clavecin",1,1793-12-30 12:00:00
53,"burgerl, heizmann, burgersp, strumpfwirk, bg",3,1793-12-30 12:00:00
54,"braschi, nepote, cina, serhalb, ansehnlichsten",2,1793-12-30 12:00:00
56,"königl, xxxandem, kolonins, gxxxllxxx, jglau",3,1793-12-30 12:00:00
57,"gebeth, gertr, caracciolo, stanisl, cæscaes",9,1793-12-30 12:00:00
58,"fälligen, dieten, mittg, gedenen, verlassenshaftssachen",2,1793-12-30 12:00:00
59,"gleichheits, heiliose, schwärmereyen, sowenigderblutigeund, einladend",5,1793-12-30 12:00:00
60,"wenn, verschuldeten, masse, gut, schuldig",17,1793-12-30 12:00:00
61,"1374, 1065, 1157, 1185, bastey",4,1793-12-30 12:00:00
63,"blonden, trompeten, harfe, taxischen, paucken",2,1793-12-30 12:00:00
67,"amort, 1795, 1796, rüg, ansbach",7,1793-12-30 12:00:00
69,"gräst, ortsgerichte, gräfl, rath, reis",4,1793-12-30 12:00:00
70,"alt, 75, 78, 79, allg",16,1793-12-30 12:00:00
71,"böhmen, 424, 430, krug, joseph",42,1793-12-30 12:00:00
72,"geseen, bucht, juan, kais, wolle",1,1793-12-30 12:00:00
73,"rathen, darum, sie, an, ",46,1793-12-30 12:00:00
74,"platzerischen, joch, deto, mitterer, elias",6,1793-12-30 12:00:00
75,"gottf, sommermonaten, sommersprossen, menischer, frühlings",4,1793-12-30 12:00:00
76,"stinnischen, puppil, 364, perathoner, existenz",1,1793-12-30 12:00:00
79,"kolorits, schmeichlet, bildet, sehenswürdigen, detail",8,1793-12-30 12:00:00
80,"freytagsreisen, spindler, freyhen, freysprechung, freyhrn",7,1793-12-30 12:00:00
83,"vorstädte, biesigen, städtische, steueramt, bürgerl",3,1793-12-30 12:00:00
84,"nunzius, päpstliche, rachmittags, zeremoniel, ruffo",5,1793-12-30 12:00:00
85,"konkurses, eröffnung, gesammte, czech, gerichte",15,1793-12-30 12:00:00
86,"christkatholischer, religionsunterricht, sonn, evangelien, heiligen",1,1793-12-30 12:00:00
88,"1877, gesetze, umgearbeitet, begie, vogelfrey",2,1793-12-30 12:00:00
89,"landesfürstl, magistrate, landesfürsil, magistrat, landesfürssl",13,1793-12-30 12:00:00
90,"erössneten, seeoffizier, vlies, singer, frauenzimmer",1,1793-12-30 12:00:00
91,"schw, schwachs, gersten, schwach, kornvon46bis56",7,1793-12-30 12:00:00
92,"ehew, ah, , , ",19,1793-12-30 12:00:00
95,"fayau, teinfaltstr, prieur, bourbotte, besetzung",2,1793-12-30 12:00:00
96,"brettern, maschinen, hütten, von, liquers",1,1793-12-30 12:00:00
97,"gräfl, von, der, sephst, lilien",3,1793-12-30 12:00:00
98,"landrechte, wirket, vereinten, dedewirket, obderensischen",5,1793-12-30 12:00:00
99,"licit, amort, essenzen, pöllin, allerh",1,1793-12-30 12:00:00
100,"hochfürstl, hochw, jhro, jhrer, hochfl",1,1793-12-30 12:00:00
101,"nachtrag, amsterdam, holland, haag, 7ne",2,1793-12-30 12:00:00
102,"salzgriess, stadt, gestorb, 1368, 1173",7,1793-12-30 12:00:00
103,"witierungslaufe, gallus, conc, konv, vom",3,1793-12-30 12:00:00
105,"cigonye, korporal, preussische, lieutenant, georg",2,1793-12-30 12:00:00
108,"freyhäfen, hull, glasgow, liverpool, 1757",2,1793-12-30 12:00:00
109,"hreglianovichscher, landkram, gloggnitz, gläubiger, hornsteiner",12,1793-12-30 12:00:00
110,"sitter, veld, beglaubigungsschreiben, gras, van",1,1793-12-30 12:00:00
111,"kökönigs, eingeräumt, 1843, augustenburg, gekocht",1,1793-12-30 12:00:00
112,"juden, deutschen, verkaufen, vorstadtgrund, abnahm",11,1793-12-30 12:00:00
113,"freyherrl, herrs, prohaska, rasmeister, zeberbaum",8,1793-12-30 12:00:00
116,"jn, stadt, der, fruh, neu",10,1793-12-30 12:00:00
119,"1120, 47, graben, alt, am",1,1793-12-30 12:00:00
120,"eimer, fass, 1760er, 51, grossrussbach",9,1793-12-30 12:00:00
121,"opalstein, anbrüche, anemoni, bestand, turband",1,1793-12-30 12:00:00
122,"josephst, rivolls, schutzu, klampferer, josepha",5,1793-12-30 12:00:00
123,"grundherrlichkeiten, spitalmeister, hochleithen, ehedessen, uiberländ",5,1793-12-30 12:00:00
124,"allg, alt, 43, barmb, 55",21,1793-12-30 12:00:00
125,"leipz, bamb, ungeb, neapel, botan",2,1793-12-30 12:00:00
126,"wanka, bauernmurk, jngenieurakademie, oberlieut, zimmergs",3,1793-12-30 12:00:00
128,"beyzumessen, vertheidigung, sachwalter, wege, diensam",4,1793-12-30 12:00:00
129,"gegegenstand, tante, trennte, lebewohl, schwester",2,1793-12-30 12:00:00
130,"franz, klaviermeist, dolhopf, bablinger, schwertfeg",8,1793-12-30 12:00:00
131,"tageslicht, thon, radziwil, louisa, entzogen",2,1793-12-30 12:00:00
132,"kaiserspit, kaiserl, kaisersthée, 69, 43",1,1793-12-30 12:00:00
133,"persvektiv, garien, allmanach, dannreiter, 1838",3,1793-12-30 12:00:00
134,"kammermusik, went, hoffer, doll, herrs",3,1793-12-30 12:00:00
135,"math, 430, flissenschuh, wober, kölbel",15,1793-12-30 12:00:00
136,"tagl, magbes, küberl, himler, freywagner",8,1793-12-30 12:00:00
139,"höcksteiner, überneh, apotheke, dessentwegen, hauptstrasse",1,1793-12-30 12:00:00
140,"erfahrungsseelenlehre, klausen, jacobs, grundriss, walter",3,1793-12-30 12:00:00
141,"pferde, 6jährig, verkaufen, faust, wallachen",12,1793-12-30 12:00:00
142,"ausländische, begebenheiten, spanien, madrid, lateinischen",1,1793-12-30 12:00:00
143,"realitäten, schuchische, realizäten, scheuchenbauers, fromwaldische",11,1793-12-30 12:00:00
144,"welkersdorf, dobereberg, weinzebende, ottob, ellmau",2,1793-12-30 12:00:00
146,"krankenh, pappenh, goekingk, ubert, pozzi",15,1793-12-30 12:00:00
147,"thle, cors, theile, hautb, bände",1,1793-12-30 12:00:00
149,"betittelt, chestern, eclio, octob, or",1,1793-12-30 12:00:00
152,"goldbeck, pfründl, gold, mach, wirt",1,1793-12-30 12:00:00
154,"vorgehen, sidenzstadt, sicher, anzuhören, hiermit",8,1793-12-30 12:00:00
156,"angebrachte, erblanden, bestellet, kurator, rechtssache",3,1793-12-30 12:00:00
160,"wapper, harb, hauptm, hiob, löhnbedient",5,1793-12-30 12:00:00
161,"zarus, löbl, la, des, frepherrl",1,1793-12-30 12:00:00
162,"deutsche, opera, 30, il, clarinetti",6,1793-12-30 12:00:00
163,"ungarn, pressburgerkomitat, holländ, krieger, ungarisch",3,1793-12-30 12:00:00
164,"portugali, thättig, derportugiesischehandelistwiedersehr, geworben, ausländische",2,1793-12-30 12:00:00
165,"wagen, eisenen, lakirt, achsen, füttert",5,1793-12-30 12:00:00
167,"verordnung, löbl, leröchste, cachauer, kündiget",4,1793-12-30 12:00:00
168,"alt, wieden, 65, versorg, 58",14,1793-12-30 12:00:00
169,"ssigiährige, schlagst, gerotteten, aussätzigen, acht",7,1793-12-30 12:00:00
170,"oranischen, zem, schärfe, kur, gezeigt",1,1793-12-30 12:00:00
171,"früh, kauflustigen, magistrate, käufer, obbestimmten",4,1793-12-30 12:00:00
172,"cath, stief, eva, , ",11,1793-12-30 12:00:00
173,"munizipalität, amster, dam, eingesetzt, gemeinde",1,1793-12-30 12:00:00
176,"elis, harder, elion, jacobi, aria",7,1793-12-30 12:00:00
177,"hauseigenthümerin, kundigen, obbemeldtem, hausmeister, zeder",6,1793-12-30 12:00:00
178,"böhmen, kutsch, krankend, syndik, gebs",6,1793-12-30 12:00:00
181,"krayslisches, spiegelritter, kozebue, haushälste, eyns",7,1793-12-30 12:00:00
186,"kleinmayerschen, klagenfurt, edlen, buchhandlung, kinskischen",2,1793-12-30 12:00:00
188,"thurner, 1790, ausgesträt, gebörige, amortisatio",1,1793-12-30 12:00:00
189,"deutschen, frankfurt, dutch, heirathen, brandenburgischen",5,1793-12-30 12:00:00
190,"reisingerin, catharina, cath, catholis, cathar",1,1793-12-30 12:00:00
191,"dierorte, gowizischen, reifingerischen, reisinger, well",1,1793-12-30 12:00:00
196,"königl, die, königi, thrones, seine",1,1793-12-30 12:00:00
197,"unschädliche, wande, lebendigen, trennen, unschuldige",1,1793-12-30 12:00:00
199,"steigen, glaubte, pohlen, gar, derselbe",1,1793-12-30 12:00:00
200,"juden, wod, rangt, begegnungen, begehrt",1,1793-12-30 12:00:00
201,"ludw, löbl, lobl, resolution, traget",1,1793-12-30 12:00:00
203,"krankenbette, greises, lings, jüng, eines",2,1793-12-30 12:00:00
204,"rise, sus, zeugmachergs, christus, christian",2,1793-12-30 12:00:00
205,"barb, häfer, fragner, trager, barbarey",4,1793-12-30 12:00:00
206,"pension, 5000, hastings, aussetzen, bewilligen",2,1793-12-30 12:00:00
208,"alt, czech, militärsp, 20, jvan",23,1793-12-30 12:00:00
209,"bitsfey, kadet, bastian, silbernen, se",1,1793-12-30 12:00:00
210,"nro, wien, deutsche, vienne, beygesetzten",4,1793-12-30 12:00:00
211,"augsb, 1tes, heft, augsp, augsbug",2,1793-12-30 12:00:00
214,"deutschen, gepfrüft, farbencostüm, worstellung, privaterzieher",3,1793-12-30 12:00:00
216,"strohmayr, löhnkutsch, mich, strodl, stoll",1,1793-12-30 12:00:00
222,"12th, barometer, beobachtungen, meteorologische, barometerstand",9,1793-12-30 12:00:00
225,"leopoldst, antonia, vessely, mustkus, alt",8,1793-12-30 12:00:00
227,"allg, alt, 23, 28, alle",4,1793-12-30 12:00:00
228,"fürstl, von, entschlieffe, cell, der",3,1793-12-30 12:00:00
229,"unterdöbling, diesfxälligen, weun, röhrnböckin, edarischeshaus",1,1793-12-30 12:00:00
230,"beschleunigung, abzuhelfen, möglichste, uebel, empfehlen",2,1793-12-30 12:00:00
231,"bewilligung, juni, löbl, bochlöbl, verlobung",9,1793-12-30 12:00:00
234,"legitimirenden, abgehandelt, sogewiss, 1795, convoc",7,1793-12-30 12:00:00
236,"ine, kauzley, spinnereyfakt, erlassene, königl",2,1793-12-30 12:00:00
237,"viii, sterl, , , ",3,1793-12-30 12:00:00
241,"burgl, schwarz, simon, bekannt, habe",2,1793-12-30 12:00:00
243,"madon, wundarzt, gertraud, dokt, doct",2,1793-12-30 12:00:00
245,"kasp, koll, tandl, prag, jhre",3,1793-12-30 12:00:00
246,"verordnung, hocklöbl, docklöbl, juni, hochlöbl",3,1793-12-30 12:00:00
249,"mart, himmelpfortgr, anna, alt, märz",1,1793-12-30 12:00:00
250,"reüschel, paul, retzer, retractus, reverendiss",1,1793-12-30 12:00:00
252,"auskunfe, mathhause, grundbuchsamte, wen, früh",2,1793-12-30 12:00:00
253,"zustand, reichs, juden, des, reichshofrathsagent",1,1793-12-30 12:00:00
254,"wage, frle, triest, michaelerplatze, wollach",6,1793-12-30 12:00:00
257,"jnländische, begebenheiten, digsterfreiheit, 1795, wiener",8,1793-12-30 12:00:00
258,"letztere, verkauft, ha, waren, ben",1,1793-12-30 12:00:00
259,"starkss, stills, starks, jenner, stark",3,1793-12-30 12:00:00
261,"trettungsfälle, vermöchte, geldstrafe, erle, zuzubringen",7,1793-12-30 12:00:00
262,"deutsche, obersthofpostamte, gerlischen, rauhensteingasse, stallungsweise",2,1793-12-30 12:00:00
264,"viol, vitriol, vitriolumdecypro, blauer, elixier",1,1793-12-30 12:00:00
265,"schwandtneri, joan, bresslau, 1751, 4to",1,1793-12-30 12:00:00
266,"zimmergs, abtheiiung, at, ziegler, gebeth",4,1793-12-30 12:00:00
267,"alt, lerchenf, fitzthum, aufgeg, subjekt",10,1793-12-30 12:00:00
269,"wirthshaus, kalve, widtmann, herl, bestand",5,1793-12-30 12:00:00
270,"verkaufen, 587, brodsitzer, bedingniss, anzufragen",3,1793-12-30 12:00:00
272,"rosswart, rossmann, oberkanonier, rossau, castoreum",2,1793-12-30 12:00:00
273,"krönungsceremonie, sultaninnen, drey, majestäten, jhro",2,1793-12-30 12:00:00
276,"saagmüller, edle, magdalena, hertzogin, ertz",1,1793-12-30 12:00:00
277,"muhin, handelsm, hoheit, hornung, durchl",1,1793-12-30 12:00:00
281,"weine, weyl, befehl, , ",4,1793-12-30 12:00:00
286,"ortsgericht, grundgericht, gräfl, löbl, thürisches",2,1793-12-30 12:00:00
288,"stadt, vor, der, thurm, ",5,1793-12-30 12:00:00
289,"buden, zerne, werbtreibenden, schlossplatze, höl",1,1793-12-30 12:00:00
290,"deutschen, eharten, atilass, einleitungs, 1689",1,1793-12-30 12:00:00
294,"cantineau, amtskanzley, jntendant, herz, licit",3,1793-12-30 12:00:00
295,"präsident, grasveld, unbedeckt, sieyes, ratifikazion",1,1793-12-30 12:00:00
298,"fürstl, grast, des, von, dahin",2,1793-12-30 12:00:00
300,"wintermonaten, witwitterungszeichen, terungszeichen, tom, künstliche",2,1793-12-30 12:00:00
302,"boshaft, pasquillantisch, revisions, widrig, religions",3,1793-12-30 12:00:00
303,"fleischhackergewerb, caffeehaus, schahdenrüssel, karmeliterhaus, weinschanks",5,1793-12-30 12:00:00
306,"convoc, widerspruch, welcher, , ",1,1793-12-30 12:00:00
307,"1861, 1658, 1659, 1693, licit",4,1793-12-30 12:00:00
308,"schneidermeist, scharinger, rumgaudy, schneiderm, schneiderns",2,1793-12-30 12:00:00
310,"todgefundene, holzhausen, hofmann, mannsperson, verwalter",2,1793-12-30 12:00:00
311,"lmprimatur, ausgestrichenen, visionsamte, unbedingte, unbedingt",4,1793-12-30 12:00:00
313,"derband, bottoni, 1588, morbis, venetiis",1,1793-12-30 12:00:00
315,"unberichtigt, versatzamte, pfänder, 1794, 1795",3,1793-12-30 12:00:00
317,"freywilli, venzion, zerrüttung, aufzuopfern, vertheidi",2,1793-12-30 12:00:00
318,"charente, departements, peinlichen, erblande, gerichtsordnung",2,1793-12-30 12:00:00
320,"hungarn, republik, allianz, holland, haag",7,1793-12-30 12:00:00
321,"zehends, eingehollet, 1142, grundbuchskanzley, dorotheer",2,1793-12-30 12:00:00
322,"publiken, ausborgung, waarengeschäftes, hochverehrlichsten, umarmung",3,1793-12-30 12:00:00
323,"verileren, tikeln, losungswort, wiedereinsetzung, anzuhoffen",2,1793-12-30 12:00:00
324,"nordlicht, vom, licht, lampen, lampe",1,1793-12-30 12:00:00
327,"anrechnen, mitkommt, bogen, kupferstich, geliefert",3,1793-12-30 12:00:00
328,"löbl, bourne, dem, von, reitenauer",2,1793-12-30 12:00:00
329,"gemahlene, satt, conchylien, laur, ankündigung",2,1793-12-30 12:00:00
331,"exemplarien, buchs, bücher, bibliothekdien, andertes",1,1793-12-30 12:00:00
332,"unterpfand, prozent, belaufen, höher, langet",1,1793-12-30 12:00:00
333,"7200, 1767, gewil, liget, 1765",1,1793-12-30 12:00:00
336,"censoren, censor, censur, censursbewilligung, aufbewahren",24,1793-12-30 12:00:00
339,"20, 40, prodiuk, senio, milltarsp",5,1793-12-30 12:00:00
345,"karflustige, 73, neustift, inpulvere, burgl",1,1793-12-30 12:00:00
346,"durchmärsche, twenthe, mengebrache, werdemnach, gemünzte",2,1793-12-30 12:00:00
348,"pens, prohask, ribela, gaupp, käm",4,1793-12-30 12:00:00
349,"bedient, schlafrockschneiders, saniyni, leporin, fitta",7,1793-12-30 12:00:00
351,"preussischen, gesandten, hungarn, preuss, preussische",1,1793-12-30 12:00:00
355,"reichsfreyherrl, reichsgräfl, amtskanzley, von, richlisky",1,1793-12-30 12:00:00
356,"gehalt, ziehen, soll, jahr, jahrs",1,1793-12-30 12:00:00
358,"1795, citat, einstwellen, berilner, mandatarti",17,1793-12-30 12:00:00
359,"hausthie, thieren, wilden, sowohl, ren",1,1793-12-30 12:00:00
361,"wohlthaten, danksagung, erhaltenen, leben, vielen",1,1793-12-30 12:00:00
362,"magd, fehringerin, wit, alt, ",5,1793-12-30 12:00:00
363,"folgt, fortsetzung, continuation, künftig, folget",2,1793-12-30 12:00:00
365,"administrations, grundbuchsamte, staatsgüter, allhiesig, löbl",1,1793-12-30 12:00:00
368,"paris, exemplaire, magnifique, glich, geschrieben",4,1793-12-30 12:00:00
370,"schmähschrift, abgemessenen, anstössigkeit, angegriffenen, uebertreter",3,1793-12-30 12:00:00
371,"deleg, chim, joa, baruch, banatischen",5,1793-12-30 12:00:00
374,"brillantringes, ovalen, 280, ausbietung, feilbietung",5,1793-12-30 12:00:00
376,"mondes, zirkel, mondsbrüchen, aussehen, sonne",3,1793-12-30 12:00:00
377,"schuhma, chers, gedenken, forderungen, ansprüche",1,1793-12-30 12:00:00
381,"gelungene, nikolaithurm, frauenkirche, anstrengung, thürme",1,1793-12-30 12:00:00
382,"beth, ihrs, ge, dziali, merida",1,1793-12-30 12:00:00
383,"fortepiano, piano, grosses, verkaufen, forte",10,1793-12-30 12:00:00
384,"fischkäuflerin, vorwissen, ursula, schestdackhin, bewilligung",5,1793-12-30 12:00:00
386,"juden, judenschaft, uiberrest, erkaufenden, zugelassen",3,1793-12-30 12:00:00
387,"privatschreiben, bestimmte, nachrichten, gedruckt, ben",1,1793-12-30 12:00:00
389,"lederband, vollständigen, oue, goldmann, deirers",3,1793-12-30 12:00:00
394,"28, 27, grad, 21, 6½",3,1793-12-30 12:00:00
399,"amtsverwaltung, konv, sitzungen, gräfl, speigen",3,1793-12-30 12:00:00
402,"satzbrief, fernere, briefe, 13, satzbriefe",2,1793-12-30 12:00:00
404,"math, calculat, kind, alt, ",3,1793-12-30 12:00:00
407,"615, 2537, földwarer, verheis, erdely",1,1793-12-30 12:00:00
408,"heiderisches, heinr, huas, heil, wassermautoffiziant",3,1793-12-30 12:00:00
409,"schotten, zun, stifts, anansprüche, hepp",2,1793-12-30 12:00:00
410,"bewilligung, nachmittag, löbl, juli, wer",1,1793-12-30 12:00:00
411,"obligation, obligationen, schedlische, obligatio, kimmeriische",2,1793-12-30 12:00:00
414,"quadrat, sticklberg, joch, schmied, eisene",2,1793-12-30 12:00:00
416,"bewilligung, hochlöbl, mi, einer, genehmhal",2,1793-12-30 12:00:00
417,"angekündigten, möglichst, band, geringen, wünschen",2,1793-12-30 12:00:00
418,"brodsitz, kreutzer, kuefstein, kerschner, kirchberg",1,1793-12-30 12:00:00
419,"mayerhoferischer, löhnkutsch, mayer, gläubiger, mayerische",2,1793-12-30 12:00:00
420,"jedermanns, wissenschaft, regierung, landes, bekannt",3,1793-12-30 12:00:00
424,"haus, , , , ",4,1793-12-30 12:00:00
425,"leop, morbis, leonh, valentin, bürgl",5,1793-12-30 12:00:00
428,"derlagsverwandten, fresacher, 1771, ausgestellten, 10000",1,1793-12-30 12:00:00
429,"wagner, wagners, wagnerscher, apothek, rebeka",8,1793-12-30 12:00:00
431,"fox, bemerkun, provisorischen, behielt, stimmen",2,1793-12-30 12:00:00
432,"warnenden, belehrenden, spiele, nationen, völker",2,1793-12-30 12:00:00
435,"hubmer, burgl, andreas, hubiner, ansuchen",4,1793-12-30 12:00:00
438,"50, barmd, legrosenpfleg, liebenfrauenpfleg, säckelamt",3,1793-12-30 12:00:00
439,"schw, , , , ",1,1793-12-30 12:00:00
441,"raitoffiz, jtalien, jnsiegel, jsabella, getheilet",2,1793-12-30 12:00:00
445,"revisionsamte, drucke, zulassung, originals, auflage",15,1793-12-30 12:00:00
446,"obbestimm, rauflusti, destimmt, obbestimmien, obgemelolen",3,1793-12-30 12:00:00
448,"word, vers, lingier, englisch, typogr",1,1793-12-30 12:00:00
455,"wiener, zeitung, anhang, 1795, 1881",3,1793-12-30 12:00:00
456,"laingasse, schiffwirth, atz, porze, geräth",1,1793-12-30 12:00:00
464,"dazugebörigen, scheuledern, gallageschirr, ausgenäzt, oden",1,1793-12-30 12:00:00
466,"milit, militvm, mixt, mixti, in",5,1793-12-30 12:00:00
467,"dahier, mir, geben, nebst, unsere",1,1793-12-30 12:00:00
468,"ausschuss, wohlfahrts, ausschusses, ausschüssen, anklageacte",5,1793-12-30 12:00:00
476,"nachricht, löschenkohl, signat, meldbrief, sign",3,1793-12-30 12:00:00
478,"konfiskazion, buchhändler, verbothen, strafe, bücher",18,1793-12-30 12:00:00
479,"fleischm, 63, alt, fleisch, am",1,1793-12-30 12:00:00
482,"maistre, marlier, papiervelin, bible, imprimées",1,1793-12-30 12:00:00
484,"werf, magazine, titl, tion, besonderen",1,1793-12-30 12:00:00
487,"oest, isch, engl, , ",3,1793-12-30 12:00:00
488,"activum, integrum, adel, accordiret, adnum",3,1793-12-30 12:00:00
489,"knoll, nigl, kö, alt, areiern",1,1793-12-30 12:00:00
493,"leipzig, ansgefallen, manufakturisten, jubilate, leipziger",2,1793-12-30 12:00:00
494,"schwachs, mitlm, klein, lessing, stark",4,1793-12-30 12:00:00
495,"zeichnissen, tionskatalogen, lizita, nähmliche, beobachten",3,1793-12-30 12:00:00
496,"oetting, wilh, simon, oesterr, oester",2,1793-12-30 12:00:00
497,"margaret, agnes, alt, 58, 60",4,1793-12-30 12:00:00
498,"bandagen, patient, bruchbandes, präserviren, bruchbänder",4,1793-12-30 12:00:00
500,"septemb, termine, juli, august, dritten",9,1793-12-30 12:00:00
503,"düpont, jubil, durchl, jhre, sephst",1,1793-12-30 12:00:00
504,"paulus, apostel, pauli, paul, paulini",1,1793-12-30 12:00:00
505,"leopoldst, erhard, 80, alt, 40",3,1793-12-30 12:00:00
507,"grundherrlichkeit, grundherrlichkeiten, oest, privilegio, herrschaft",6,1793-12-30 12:00:00
510,"varra, unentschiedenen, katalo, pampluna, bedeutende",1,1793-12-30 12:00:00
513,"uhderscher, billecks, gläubiger, auszuleihen, grueber",4,1793-12-30 12:00:00
514,"abök, schuhmach, würkl, schuhm, schäl",1,1793-12-30 12:00:00
517,"nürnb, dean, nordmark, wirtens, gr",1,1793-12-30 12:00:00
518,"pränumerationen, ohnescheinekeinezeitungverabfolgenzulassen, abhoh, zeitung, 1845",2,1793-12-30 12:00:00
519,"niemerge, kärntnerstrasse, 960, wolfen, einzuhohlen",3,1793-12-30 12:00:00
520,"casp, labella, dibrusseles, arunculen, arnunculen",1,1793-12-30 12:00:00
525,"beschäftigungsuchender, widmen, gegenständen, schlange, unterrichte",1,1793-12-30 12:00:00
526,"349, kauflustigen, gewöhnlichen, 842, dietzlerischen",4,1793-12-30 12:00:00
532,"berlin, wintermonat, gemel, verlautet, eintreffen",3,1793-12-30 12:00:00
533,"zehend, bestand, gart, gabr, zession",2,1793-12-30 12:00:00
535,"marx, 97, alt, summa, darunter",1,1793-12-30 12:00:00
537,"396, brücke, hofagenten, mündlich, brosslern",4,1793-12-30 12:00:00
539,"wechselbriefe, wechselbrief, schaldscheine, assekurationsscheine, betrimscher",6,1793-12-30 12:00:00
540,"mariah, alt, jgnaz, sterng, auster",4,1793-12-30 12:00:00
543,"marksteiner, krenhandler, schneidergs, haberl, 76",2,1793-12-30 12:00:00
544,"xviii, xvii, xiii, xiil, xlii",9,1793-12-30 12:00:00
548,"holz, anpflantzung, holzarten, burgsdorf, fortkommen",3,1793-12-30 12:00:00
549,"mottingeramte, puppillenkassa, cuirassler, ausbleiden, sinzendorsichen",1,1793-12-30 12:00:00
552,"ther, alt, , , ",1,1793-12-30 12:00:00
553,"beyträ, milder, 236, stranzendorf, ungenannten",1,1793-12-30 12:00:00
557,"michaelbayrischen, buchsamte, zurückgereiset, erstgebornen, zufolge",3,1793-12-30 12:00:00
559,"sebast, severin, courette, geslastert, befferhand",2,1793-12-30 12:00:00
560,"1694, licit, 2964, 2355, 3003",1,1793-12-30 12:00:00
565,"langenkell, kayserl, kayserling, definidefinitortor, zwey",1,1793-12-30 12:00:00
567,"reissend, verkaufs, staatsgüter, elsass, gelegenen",1,1793-12-30 12:00:00
572,"anzusuchen, verleihung, entschieden, einzuberuffen, vorzuladen",2,1793-12-30 12:00:00
573,"raulfürst, grenadier, silbernen, gruber, grumkow",1,1793-12-30 12:00:00
577,"alsterb, am, alsterbach, , ",3,1793-12-30 12:00:00
584,"ungarn, erkauftes, schabdenrüssel, tischler, publikum",3,1793-12-30 12:00:00
-1,"deutschen, deutsche, hungarn, kroatien, türken",2271,1795-08-01 16:00:00
0,"böhmen, feind, deutschen, 615, armee",71,1795-08-01 16:00:00
1,"ebendas, säme, blühten, velleda, grossherzogl",108,1795-08-01 16:00:00
2,"flotte, schiffe, argo, kreutzt, schiff",19,1795-08-01 16:00:00
3,"bischof, zusammenflusse, froher, biläums, ergetzungen",6,1795-08-01 16:00:00
4,"tische, sessel, weiche, kästen, verschiedene",40,1795-08-01 16:00:00
5,"biedermänner, hing, gemessene, gegenstande, eingegangenen",4,1795-08-01 16:00:00
6,"manhatdenpetersburgertraktatvom, theilungstraktate, mani, füllen, 1795",7,1795-08-01 16:00:00
7,"königl, thom, kömgl, elis, ",2,1795-08-01 16:00:00
8,"küche, zimmern, zimmer, ebener, erde",64,1795-08-01 16:00:00
9,"pferde, pferdwart, reitzeug, wägen, lernet",8,1795-08-01 16:00:00
10,"müh, greisseln, zufrieret, grössten, brodbacken",1,1795-08-01 16:00:00
11,"zeichneter, krankheitsumständen, hauptverlag, bewährt, verschleiss",14,1795-08-01 16:00:00
12,"deutschen, deutsche, buchhändler, buchhandlung, blumauerschen",25,1795-08-01 16:00:00
13,"scheberl, schlossergs, directe, schuhmach, schenken",36,1795-08-01 16:00:00
14,"schlei, erasmus, dekanwahl, rec, anwaldschaft",13,1795-08-01 16:00:00
15,"franzosen, frankreich, französischen, französische, directorium",32,1795-08-01 16:00:00
16,"sünde, dachtsübungen, altarssakramente, wiederfalle, messzeit",2,1795-08-01 16:00:00
17,"vorgehen, ansprüche, anwalds, forderungen, jure",13,1795-08-01 16:00:00
18,"siegte, verhaftet, verfol, vergnügten, ausgeplündert",1,1795-08-01 16:00:00
19,"dermannländische, sü, eingetroffene, angetreten, staatsrath",2,1795-08-01 16:00:00
21,"haus, haushälfte, leichtlisches, hofbaurische, pflegerisches",41,1795-08-01 16:00:00
23,"mitkupfern, mobilar, prodigalitätserklärung, wachtel, serst",7,1795-08-01 16:00:00
24,"adnotationibus, recensuit, interpretatione, lectionis, volumina",11,1795-08-01 16:00:00
25,"zweyten, dritten, schätzung, termine, termin",55,1795-08-01 16:00:00
26,"stiftung, präsentation, gebürtigen, laibach, krain",25,1795-08-01 16:00:00
27,"convoc, verlassenschaft, persönlich, ansprüche, entweder",24,1795-08-01 16:00:00
28,"gläubiger, deimlinscher, bajanatischer, csamesiascher, oesterlein",30,1795-08-01 16:00:00
29,"anna, maria, dienstm, schillinger, aschmüller",14,1795-08-01 16:00:00
30,"binnen, wochen, sogewiss, erkläret, anzubringen",30,1795-08-01 16:00:00
31,"behält, batav, disposition, 5000, allein",1,1795-08-01 16:00:00
32,"effekten, hofmannische, schiegls, zinnerische, effecten",21,1795-08-01 16:00:00
33,"alt, dienstm, anna, mariah, theresia",64,1795-08-01 16:00:00
34,"schuldigen, feilbietung, geschätzten, sidenzstadt, anlangen",45,1795-08-01 16:00:00
35,"feilgeboten, schächtgen, laignelot, verhaf, frühstück",4,1795-08-01 16:00:00
36,"tabakgewölbe, obstbäume, blumen, baumgärtnerey, obstsorten",15,1795-08-01 16:00:00
37,"wetzdorf, hauer, bedient, klein, karl",2,1795-08-01 16:00:00
38,"zalaweck, herrs, churfürstl, chur, jhro",1,1795-08-01 16:00:00
39,"verpflegs, karrat, fürdas, oberverwalter, jahr179625",2,1795-08-01 16:00:00
41,"sidenzstadt, magistrate, haupt, bekannt, anlangen",29,1795-08-01 16:00:00
42,"zeihungallendenjenigenseinerunterthanen, pflichtetsicheinevolleundgänzlichever, derkönigvonsardinienver, bürgertugend, constituzion",3,1795-08-01 16:00:00
43,"summa, darunter, kind, personen, juny",21,1795-08-01 16:00:00
44,"london, gebund, edinburgh, erregt, grossbritannien",6,1795-08-01 16:00:00
45,"schreibp, druckpapier, papiere, beschloss, abschrift",3,1795-08-01 16:00:00
46,"forderung, verschuldeten, klage, förmlichen, klasse",5,1795-08-01 16:00:00
48,"strumpfstrickergs, seydelische, kusswein, tieffenbacherischer, tyrolerweine",5,1795-08-01 16:00:00
49,"kauflustige, licit, früh, obbestimmten, tägen",21,1795-08-01 16:00:00
50,"lose, postpapier, kurzbeckischen, abgedruckt, lotterie",1,1795-08-01 16:00:00
52,"violin, kupfern, papier, violon, pour",1,1795-08-01 16:00:00
53,"burgerl, burgersp, stauber, passl, burgerspit",7,1795-08-01 16:00:00
55,"königl, kugler, andrä, bedient, möstl",2,1795-08-01 16:00:00
56,"königl, xxxandem, kolonins, gxxxllxxx, jglau",2,1795-08-01 16:00:00
57,"simphonie, riccardo, hartman, hinterl, reitkn",5,1795-08-01 16:00:00
58,"hauspfleger, burgerspitalsgrundstube, eingeholet, lens, besagtes",1,1795-08-01 16:00:00
59,"französ, franzband, französischen, gebund, tairischen",9,1795-08-01 16:00:00
60,"masse, wenn, verschuldeten, pfandrechts, kompensations",5,1795-08-01 16:00:00
61,"1037, 1177, 1023, 1192, 1073",7,1795-08-01 16:00:00
63,"bassist, leak, sängerinnen, gelebter, virtuo",1,1795-08-01 16:00:00
64,"kupf, kupfer, 48, carlsruhe, kupfern",31,1795-08-01 16:00:00
66,"postbuch, diez, postkarte, angränzenden, 1764",2,1795-08-01 16:00:00
67,"1796, amort, may, wien, citat",69,1795-08-01 16:00:00
69,"reiswagen, gräfl, effekten, amtskanzley, reis",4,1795-08-01 16:00:00
70,"alt, 79, versorgh, landstr, 75",31,1795-08-01 16:00:00
71,"25, joseph, anton, franz, johann",42,1795-08-01 16:00:00
74,"pantschowa, verstorbenen, enenkl, kurz, satzbrief",11,1795-08-01 16:00:00
75,"priv, august, da, bis, july",1,1795-08-01 16:00:00
76,"pulver, storax, schierling, rosen, zimmet",86,1795-08-01 16:00:00
78,"damahlige, bergschlosses, raitenau, welsberg, landesverord",1,1795-08-01 16:00:00
79,"manigfaltigen, kunstgallerie, bildenden, beynahe, müllers",9,1795-08-01 16:00:00
80,"freyhrn, freyinnen, getta, manna, erbinnen",10,1795-08-01 16:00:00
83,"stadtpfarren, stadt, städten, residentz, kaiserstadt",1,1795-08-01 16:00:00
85,"eröffnung, konkurses, gesammte, oest, gerichte",6,1795-08-01 16:00:00
86,"zenz, evangelien, steln, gemeinnützliche, epi",8,1795-08-01 16:00:00
88,"kommission, rathe, drouets, sitzung, tractates",3,1795-08-01 16:00:00
89,"landesfürstl, magistrat, feisperg, amtsdien, feldsberg",7,1795-08-01 16:00:00
90,"jnländische, allergnä, bidermann, begebenheiten, digsterfreiheit",4,1795-08-01 16:00:00
91,"capitapapaverisalbi, mohn, köpfe, 38616, 386",12,1795-08-01 16:00:00
92,"ehew, ah, , , ",28,1795-08-01 16:00:00
94,"pharmakopäe, genüber, rötzl, militär, oesterreichische",1,1795-08-01 16:00:00
95,"thle, 4tes, heft, bänd, rauhensteing",14,1795-08-01 16:00:00
96,"salth, sectionen, aufgeknüpft, weigert, verwandeln",2,1795-08-01 16:00:00
97,"gräfl, von, der, sephst, lilien",5,1795-08-01 16:00:00
98,"landrechts, cess, erstgedacht, landrecht, andurch",6,1795-08-01 16:00:00
99,"licit, amort, essenzen, pöllin, allerh",1,1795-08-01 16:00:00
100,"staatskon, weckh, trolle, hofkanzelist, hirt",1,1795-08-01 16:00:00
101,"amsterdam, beurnonville, aussen, hergestellt, ral",2,1795-08-01 16:00:00
102,"elend, 1177, haarmarkt, salzgriess, alt",6,1795-08-01 16:00:00
103,"simplex, gemeines, bleyweiss, ditot, braunsteif",4,1795-08-01 16:00:00
105,"russal, generalmaj, artill, adjutant, general",2,1795-08-01 16:00:00
106,"vische, unverträglich, habt, verabsäu, semonville",2,1795-08-01 16:00:00
108,"fragte, 1753, london, fahren, friedrich",1,1795-08-01 16:00:00
109,"linderer, glanzschleif, eisenmayer, walkshofer, adlmann",4,1795-08-01 16:00:00
110,"buona, unterhändlern, direktorium, naparte, buo",2,1795-08-01 16:00:00
112,"stadlmayrin, färbergewerb, verkaufen, obrigkeitlichen, vorwissen",4,1795-08-01 16:00:00
113,"freyherrl, herrs, kuttmayr, rodauer, innhaber",6,1795-08-01 16:00:00
115,"millionen, sterling, milliarden, pfund, ausgaben",4,1795-08-01 16:00:00
116,"jn, stadt, der, fruh, neu",6,1795-08-01 16:00:00
117,"westindien, april, briefe, gehen, zum",1,1795-08-01 16:00:00
119,"78990, 79195, 78889, ro, ausmass",3,1795-08-01 16:00:00
120,"eimer, 89, gebirgweine, loiberstorfer, gumpoldskircher",8,1795-08-01 16:00:00
122,"josepha, josephst, currentg, joem, nassöck",11,1795-08-01 16:00:00
124,"allg, alt, barmh, cath, 43",19,1795-08-01 16:00:00
125,"leipz, ungeb, unbek, neapel, wälseggisch",23,1795-08-01 16:00:00
126,"alt, wieden, mariahilferstr, kalchgruber, viehmayer",6,1795-08-01 16:00:00
128,"rechtsbehelfe, verabsäumung, namhaft, sachwalter, diensam",2,1795-08-01 16:00:00
130,"franz, mölkerbast, kühfussg, weissmann, leinwandhändler",7,1795-08-01 16:00:00
132,"kaiserl, kaisersthée, kaiserspit, 69, 43",1,1795-08-01 16:00:00
133,"staatsherr, grundbuchssatzes, ausgefertig, schulter, mahlmühle",2,1795-08-01 16:00:00
134,"hofer, hohh, hofkanzlist, hoog, höffnger",10,1795-08-01 16:00:00
135,"math, thury, alt, 26, wieden",9,1795-08-01 16:00:00
136,"tagl, brandstätter, wetzler, eckenhauser, käudl",17,1795-08-01 16:00:00
137,"oiraa, azara, lität, kirchenstaat, spanische",2,1795-08-01 16:00:00
138,"1773, aufl, romæromae, vol, schöne",2,1795-08-01 16:00:00
140,"bernh, böhmen, kaiserl, bernstein, alphabet",1,1795-08-01 16:00:00
141,"verkaufen, pferdstallung, anzufragen, 160, renngasse",6,1795-08-01 16:00:00
142,"ebendieselbe, lateinischer, sprache, 30, spanien",1,1795-08-01 16:00:00
143,"realitäten, weissische, hauckische, mähringerische, haukische",9,1795-08-01 16:00:00
144,"major, löhr, salzburgern, mamulla, wodnianzky",1,1795-08-01 16:00:00
146,"krankenh, pappenh, goekingk, ubert, pozzi",20,1795-08-01 16:00:00
147,"jnstitutio, bände, thle, rechtes, 2ter",16,1795-08-01 16:00:00
150,"decemb, adjek, deklina, deklination, deklinirt",1,1795-08-01 16:00:00
152,"goldundsilberarbeiter5545, schickh, bürgl, gold, joseph",1,1795-08-01 16:00:00
153,"kalbin, zerart, zweyjährige, kalb, schwei",2,1795-08-01 16:00:00
154,"vorgehen, sicher, daniel, erbrecht, wollrathischen",11,1795-08-01 16:00:00
155,"zuruf, herrschaften, fürsten, aller, nebst",1,1795-08-01 16:00:00
157,"überlässt, tadel, schmack, werkchen, diesmal",5,1795-08-01 16:00:00
158,"anatomisches, musäum, venetiis, venedig, gottl",1,1795-08-01 16:00:00
160,"hauptg, hauptm, wacha, hausantheile, nassivera",6,1795-08-01 16:00:00
162,"opera, bänden, machiavelli, derbänden, baretti",2,1795-08-01 16:00:00
163,"ungarn, aufgestell, milit, königreich, böhmen",1,1795-08-01 16:00:00
165,"glasfenster, truckmüllerischer, staatswagen, mahls, jetzt",2,1795-08-01 16:00:00
167,"verordnung, löbl, auf, hochlöbl, eines",2,1795-08-01 16:00:00
168,"alt, 66, rossau, 54, gistratursadjunkt",12,1795-08-01 16:00:00
169,"778, busspsalmen, atlant, abzuhohlen, kalbledernen",6,1795-08-01 16:00:00
171,"obbestimmten, früh, daher, kauflustige, licit",15,1795-08-01 16:00:00
172,"cath, stief, eva, , ",10,1795-08-01 16:00:00
174,"ungarn, zips, obergespann, kämmerer, wirkli",2,1795-08-01 16:00:00
175,"unterzeichnet, ferdinand, böhmen, braunschweig, ferdinands",1,1795-08-01 16:00:00
176,"elis, aria, harder, elion, jacobi",12,1795-08-01 16:00:00
177,"gudennschen, hausmeister, 604, bestandliebhaber, eisenhutterischen",4,1795-08-01 16:00:00
178,"böhmen, kutsch, grosskr, gräfl, zur",7,1795-08-01 16:00:00
179,"schönheitsregeln, giriret, bewährte, wirksames, zufällen",4,1795-08-01 16:00:00
180,"titulaturen, hinweglassung, rectoren, doctoren, entstehung",2,1795-08-01 16:00:00
181,"kleebinder, jgnaz, königshofer, tagl, jakob",4,1795-08-01 16:00:00
182,"feuerwerk, kirchtagsbaum, elysiums, lottchen, gefilden",3,1795-08-01 16:00:00
188,"satzbrief, habendes, unkräftig, ausgefertigte, wesswegen",4,1795-08-01 16:00:00
189,"ausgezeichneter, zuversicht, verehrung, erwarte, deutschland",1,1795-08-01 16:00:00
190,"cath, zeugamt, lebzelter, catharina, catholis",2,1795-08-01 16:00:00
191,"abwesende, gebürtige, znai, lebszeiten, merkreises",3,1795-08-01 16:00:00
195,"1789, bonhomme, revenans, puissée, pétrillon",1,1795-08-01 16:00:00
199,"erthellt, umwäl, hoffnungen, baboeuf, aufgegeben",4,1795-08-01 16:00:00
200,"judisch, juden, vlies, rabbiner, platz",1,1795-08-01 16:00:00
203,"mediz, mitgliede, mitglieder, kind, darunter",2,1795-08-01 16:00:00
204,"christ, jesu, anwend, katecheten, kinde",7,1795-08-01 16:00:00
205,"barb, fuselierkorps, barbarey, häfer, dietzin",6,1795-08-01 16:00:00
206,"trostreiche, provinzial, machung, vinz, finanz",1,1795-08-01 16:00:00
208,"militärsp, alt, 19, bede, 21",8,1795-08-01 16:00:00
209,"seitenstück, nirgends, überall, jahnische, eraclito",4,1795-08-01 16:00:00
210,"vienne, wien, deutsche, beygesetzten, ordenscommenda",3,1795-08-01 16:00:00
211,"augsb, augsp, augsbug, conv, augs",2,1795-08-01 16:00:00
214,"deutschen, griechen, sprache, deutsch, pädagogik",11,1795-08-01 16:00:00
216,"strodl, geschänk, erhaltenden, stoll, stadler",9,1795-08-01 16:00:00
218,"böhmen, gallizischer, arzieren, abtheilung, cuirassierregimente",3,1795-08-01 16:00:00
220,"dekre, beschäftigte, stem, sy, gewisses",1,1795-08-01 16:00:00
222,"barometer, meteorologische, sternwarte, barometerstand, 12",10,1795-08-01 16:00:00
223,"frankf, frank, sebastian, gehollten, torik",17,1795-08-01 16:00:00
225,"leopoldst, expeditor, moriz, getauften, registrator",4,1795-08-01 16:00:00
226,"damengarderob, spitz, effekten, frauenstift, frauenstifts",3,1795-08-01 16:00:00
227,"allg, allgem, alt, 38, spaninger",9,1795-08-01 16:00:00
228,"fürstl, von, entschlieffe, cell, der",9,1795-08-01 16:00:00
229,"waarenlager, körblerisches, materialwaar, wollenzeug, zerey",3,1795-08-01 16:00:00
230,"situations, plane, zeichnen, gründliche, anleitung",1,1795-08-01 16:00:00
231,"juni, bewilligung, gräfl, frühjahrs, exezizium",9,1795-08-01 16:00:00
234,"1796, convoc, sogewiss, hinlänglich, abgehandelt",18,1795-08-01 16:00:00
237,"viii, sterl, , , ",2,1795-08-01 16:00:00
239,"ǀǀ, millepedes, asseln, magnesianitri, salpetermagnesie",33,1795-08-01 16:00:00
240,"schuhmach, schuh, zoll, breit, juden",1,1795-08-01 16:00:00
241,"burgl, mathiassche, berl, dieshalb, bedingnisse",3,1795-08-01 16:00:00
242,"unbekannten, geistlichen, päpstl, eines, priesters",1,1795-08-01 16:00:00
243,"unterchirurg, chirurg, goller, pichler, doct",2,1795-08-01 16:00:00
246,"verordnung, mixt, juni, allhiesig, hiesig",8,1795-08-01 16:00:00
247,"1810, 1809, 1816, 1798, pfund",3,1795-08-01 16:00:00
248,"einzumengen, freundschaftlichste, munizipalität, sterdam, beruhiget",1,1795-08-01 16:00:00
250,"rehrl, nungsoffiz, depositenamts, reumiller, magistr",3,1795-08-01 16:00:00
251,"parlamentsstrasse, stabels, reihen, dicken, park",1,1795-08-01 16:00:00
252,"braunen, hirsch, thurm, lemberg, wirthshaus",1,1795-08-01 16:00:00
253,"reichl, schneid, juden, reichs, reichshofrathsagent",1,1795-08-01 16:00:00
254,"frle, florhamer, verwaist, frider, fleischh",3,1795-08-01 16:00:00
256,"hungarn, körnerzehend, hoferischer, klings, wiesen",5,1795-08-01 16:00:00
257,"1796, naturhistorischer, blumenbach, jederheft3, 12ter",3,1795-08-01 16:00:00
258,"seitel, gebrauchszetel, bouteille, verkauft, schaafwolle",6,1795-08-01 16:00:00
259,"schrift, ab, jenner, ibid, mjttwoch",1,1795-08-01 16:00:00
260,"kallmarfy, stadtrichter, sammelten, rathhause, bürgerschaft",1,1795-08-01 16:00:00
261,"boeuf, densvorschläge, gefängnisse, auswechs, gegenseitig",2,1795-08-01 16:00:00
262,"deutsche, finder, brieftasche, redliche, ersucht",5,1795-08-01 16:00:00
264,"vitriol, vitriolumdecypro, blauer, elixier, viol",11,1795-08-01 16:00:00
266,"zählungen, zoraide, zimmergs, herbst, zoll",3,1795-08-01 16:00:00
267,"alt, 19, staatsgüteradministrat, nikel, 33",8,1795-08-01 16:00:00
268,"berufen, parlament, parlamentswahl, lius, neues",3,1795-08-01 16:00:00
269,"wirthshaus, wielander, bestand, gläubiger, wisbauer",6,1795-08-01 16:00:00
270,"festgemacht, abgeredet, magazine, hausinhaber, verkaufen",1,1795-08-01 16:00:00
272,"castoreum, bibergeil, rossau, rossbacher, rossmann",7,1795-08-01 16:00:00
275,"geschichte, nirgends, uiberall, jahrhunderts, dreyzehnten",9,1795-08-01 16:00:00
278,"fahrnisse, madruzzische, hruschkinsche, demelmayers, schwarzgruberische",7,1795-08-01 16:00:00
279,"eckbänden, gebund, rück, 13, diarium",1,1795-08-01 16:00:00
280,"lederergs, albertin, adam, caspar, stellter",2,1795-08-01 16:00:00
281,"weine, weyl, befehl, , ",4,1795-08-01 16:00:00
282,"poda, zujauchzte, anderson, aldermann, candidaten",1,1795-08-01 16:00:00
284,"gefärbtem, lasurblauem, gyps, abdrücken, einfassung",2,1795-08-01 16:00:00
286,"thürisches, thürischs, ortsgericht, ortsgerichte, waarenlager",7,1795-08-01 16:00:00
288,"stadt, vor, der, thurm, ",5,1795-08-01 16:00:00
294,"schwadorf, amtskanzley, vorgeladen, scheinen, licit",4,1795-08-01 16:00:00
295,"stimmen, directorium, entschied, opposizions, parlamen",3,1795-08-01 16:00:00
297,"darwar, demeter, griech, monsig, mons",1,1795-08-01 16:00:00
299,"1796, ungeb, citat, grafeneck, junius",29,1795-08-01 16:00:00
300,"krankensesseltrag, winter, bandmach, jakob, 40",2,1795-08-01 16:00:00
301,"kartenplänen, card, karten, hungarn, mit",4,1795-08-01 16:00:00
302,"religion, religions, griechen, gerbewaffnung, föderativen",3,1795-08-01 16:00:00
306,"convoc, widerspruch, welcher, , ",1,1795-08-01 16:00:00
307,"1658, 1638, 1659, 1812, 1645",9,1795-08-01 16:00:00
308,"schneidermeist, brodtrager, polloni, butz, streitt",6,1795-08-01 16:00:00
310,"handlungsbuchhalt, hortl, holzinger, holzmann, hausmeist",3,1795-08-01 16:00:00
311,"annehmlichkeit, beschreibung, sache, lang, ganze",2,1795-08-01 16:00:00
312,"auflage, verbesserte, originalauflage, münztabelle, neueste",13,1795-08-01 16:00:00
315,"kundschaftsbogen, mobilienpfänder, richtigt, versatzamte, einkommenden",2,1795-08-01 16:00:00
317,"hausdurchsuchun, angaben, anstellen, überzeugen, wahrheit",1,1795-08-01 16:00:00
318,"erblande, gerichtsordnung, entschieden, sucht, geführet",2,1795-08-01 16:00:00
320,"haarlem, ermahnt, kommene, proklamazion, provinzial",1,1795-08-01 16:00:00
322,"publikum, jnsecten, ködern, sortiments, hochzuverehren",3,1795-08-01 16:00:00
323,"separat, bundesgenossen, meiden, erwecken, verdacht",1,1795-08-01 16:00:00
326,"haut, älternden, vorbringt, schminken, glätte",2,1795-08-01 16:00:00
327,"steif, gebund, 56, merkw, lochners",7,1795-08-01 16:00:00
329,"hefte, 26, 21ten, allg, 37",3,1795-08-01 16:00:00
331,"bücher, buch, gläubiger, bibliothekdien, andertes",2,1795-08-01 16:00:00
332,"überkommener, rathen, 2000dd, wechsel, zahlung",2,1795-08-01 16:00:00
335,"erzbischöfl, marq, botschafter, , ",1,1795-08-01 16:00:00
339,"steif, gebund, 2me, planches, 20",4,1795-08-01 16:00:00
340,"kauflustige, einfinden, vorgemeldten, ort, licit",6,1795-08-01 16:00:00
345,"inpulvere, pulver, sandbeeren, blätter, 95",25,1795-08-01 16:00:00
346,"ländlichen, breitenfurt, aufenthalte, wohnenden, angenehmen",1,1795-08-01 16:00:00
348,"pens, hussard, wittigauer, rara, editio",4,1795-08-01 16:00:00
349,"bedient, leporin, fitta, schlafrockschneiders, saniyni",10,1795-08-01 16:00:00
353,"pfründl, pflaster, pfeffer, pimplin, pfund",13,1795-08-01 16:00:00
355,"reichsfreyherrl, reichsgräfl, amtskanzley, von, richlisky",6,1795-08-01 16:00:00
356,"fenden, erstrecken, lau, jnteressen, bereit",2,1795-08-01 16:00:00
358,"1795, regierungsverordnung, leihen, seinigen, ehegattin",10,1795-08-01 16:00:00
361,"empfehlenselbeihreraufmerksamkeitbesondersin, rücksichtderanzeigeallermerkwürdigenortschaften, schmeicheln, kenner, beyfall",1,1795-08-01 16:00:00
362,"magd, fehringerin, wit, alt, ",4,1795-08-01 16:00:00
365,"landesregierung, bestättiget, nistrazionen, gesetzmässige, provinzial",4,1795-08-01 16:00:00
366,"zusammen, pavia, viefville, sagunto, visiers",1,1795-08-01 16:00:00
367,"preuss, thol, preussis, thlr, ca",3,1795-08-01 16:00:00
368,"abzusenden, jnstitut, gallerie, national, paris",1,1795-08-01 16:00:00
369,"rechtmässigkeit, beweiset, vertheidigen, strenge, wichtigkeit",1,1795-08-01 16:00:00
370,"anmasst, bestraft, verfügungen, strenge, gesetz",2,1795-08-01 16:00:00
371,"deleg, clavier, abschrift, detto, aufs",7,1795-08-01 16:00:00
372,"rennerin, reisinger, paul, zufiel, schönberger",1,1795-08-01 16:00:00
373,"holzversilb, buchdruckern, buchdrucker, jgnaz, hof",1,1795-08-01 16:00:00
374,"hartacker, ried, angehörig, oberdöbling, beklagten",1,1795-08-01 16:00:00
380,"nied, nistrationsregistrat, admi, henn, ",1,1795-08-01 16:00:00
383,"fortepiano, gutes, verkaufen, gutesfortepiano, es",5,1795-08-01 16:00:00
384,"gehilf, fischm, weiser, fischen, am",1,1795-08-01 16:00:00
385,"nigricant, nigl, kö, wje, spricht",1,1795-08-01 16:00:00
387,"gedruckt, niederlagsin, nenthaler, jakisch, ankünankündigung",1,1795-08-01 16:00:00
389,"rösels, frösche, ausgemalten, 257, kupfertafeln",1,1795-08-01 16:00:00
392,"brosch, 48, 24, 45, 798",6,1795-08-01 16:00:00
402,"satzbrief, satzbriefe, obligation, obligationen, briefe",11,1795-08-01 16:00:00
404,"math, calculat, kind, alt, ",4,1795-08-01 16:00:00
408,"drittes, heft, heinr, heil, heiderisches",1,1795-08-01 16:00:00
410,"453, nachmittagsstunden, regierungs, bewilligung, hoher",1,1795-08-01 16:00:00
411,"obligation, zahlungsextrakt, obligationen, schedlische, obligatio",2,1795-08-01 16:00:00
412,"verschanzt, brücke, jenseits, po, stark",1,1795-08-01 16:00:00
414,"joch, melkerischen, marchfelde, viehtrieb, hamplisches",4,1795-08-01 16:00:00
416,"hochlöbl, mittelst, bewilligung, einen, durch",4,1795-08-01 16:00:00
417,"band, sauberes, titelblatt, belaufen, bände",4,1795-08-01 16:00:00
418,"kollhaneck, löhenwagenamtsaufseh, kirschnermeister, kirchschlögers, 1230",3,1795-08-01 16:00:00
419,"mayerischer, billhofer, zeugmachergs, gläubiger, mayerische",3,1795-08-01 16:00:00
420,"darnachachtung, jedermanns, wissenschaft, anordnung, höchste",1,1795-08-01 16:00:00
425,"leop, morbis, leonh, valentin, bürgl",5,1795-08-01 16:00:00
427,"beruhigen, einladen, massregeln, directorium, musste",1,1795-08-01 16:00:00
429,"wagner, 17, elisabeth, alt, wagneris",1,1795-08-01 16:00:00
431,"fox, tooke, gardner, schritt, stimme",6,1795-08-01 16:00:00
432,"mund, lippen, ergaben, angestell, digt",1,1795-08-01 16:00:00
434,"deutschen, verkaufen, reitpferde, schwarzbrauner, 7jähriger",2,1795-08-01 16:00:00
439,"schw, , , , ",1,1795-08-01 16:00:00
441,"jnstrumentmach, jnsiegel, jsabella, getheilet, folio",1,1795-08-01 16:00:00
443,"pair, hood, verpool, havokesbury, jrländische",1,1795-08-01 16:00:00
444,"süssenbrunn, leopoldau, schlosse, theresianisch, ritterakademie",3,1795-08-01 16:00:00
446,"obbestimm, weissischen, melk, rössel, wirthshaus",4,1795-08-01 16:00:00
448,"englisch, vers, worte, word, lingier",4,1795-08-01 16:00:00
452,"deux, pas, nichts, tluckische, nepom",1,1795-08-01 16:00:00
453,"paris, bastien, 17851789, edition, 1778",5,1795-08-01 16:00:00
455,"wiener, zeitung, anhang, 1796, 1642",5,1795-08-01 16:00:00
456,"termin, dritten, schätzungswerth, obgedachte, festgesetzt",4,1795-08-01 16:00:00
459,"kupf, cassale, krems, vendôme, wäre",6,1795-08-01 16:00:00
462,"handlungsdien, ertl, franz, erben, willingerischen",1,1795-08-01 16:00:00
463,"beaurain, mayence, topographique, basle, rhin",1,1795-08-01 16:00:00
464,"schwimmer, rüstwagen, braun, fuchstutte, rothtüchene",4,1795-08-01 16:00:00
466,"milit, militvm, mixt, mixti, in",6,1795-08-01 16:00:00
467,"besorg, einsicht, nisse, unsere, kais",1,1795-08-01 16:00:00
468,"finanz, ausschuss, auswärtigenangelegenheitengewiesen, diesachewurdeandenausschussder, solder",3,1795-08-01 16:00:00
470,"grundbuche, reichsgräfl, korrekte, gräfl, 1691",6,1795-08-01 16:00:00
475,"rihrl, riemergs, zeugmachergs, mayer, riegele",2,1795-08-01 16:00:00
482,"betrachtungsreden, gemüthsversammlung, carmeliten, ortmann, wahrheiten",1,1795-08-01 16:00:00
486,"böhmen, feldzügen, nürnberg, feldzug, erbfol",1,1795-08-01 16:00:00
488,"adel, integrum, activum, accordiret, adnum",1,1795-08-01 16:00:00
494,"lackner, dienstm, schwachs, mitlm, klein",1,1795-08-01 16:00:00
495,"gestochenen, titel, vignette, vignetten, männchen",6,1795-08-01 16:00:00
497,"margaret, furtner, wäscher, 29, alt",2,1795-08-01 16:00:00
498,"bandagen, präserviren, bauchgurten, bruchbeutel, stischer",1,1795-08-01 16:00:00
505,"leopoldst, 67, alt, 69, 78",6,1795-08-01 16:00:00
507,"originalobligation, herrschaftl, herrschaft, grundherrlichkeit, grundherrlichkeiten",3,1795-08-01 16:00:00
513,"rechnungsoffiz, bankoobligatton, bankoobligation, depositen, speckerische",3,1795-08-01 16:00:00
514,"maurers, grim, würkl, ehew, schuhm",1,1795-08-01 16:00:00
515,"lerstett, sonnenrosenaujour, sai, brillantene, gefasst",1,1795-08-01 16:00:00
516,"hohenrupersdorf, spitznaglin, thurybrückel, 219, cirten",1,1795-08-01 16:00:00
517,"nürnb, dean, nordmark, wirtens, gr",4,1795-08-01 16:00:00
519,"glaserergewölb, löwengrube, mannskleidermacher, 1112, kärntnerstrasse",1,1795-08-01 16:00:00
520,"casp, esestetto, polonoise, labella, dibrusseles",2,1795-08-01 16:00:00
525,"tungslustigen, pach, herrschaftl, stunde, obbestimmten",3,1795-08-01 16:00:00
526,"909, gatter, wollzeil, 873, 899",4,1795-08-01 16:00:00
533,"garnis, gart, zehend, gabr, zession",1,1795-08-01 16:00:00
534,"bieth, kardinale, gesindel, allent, verdoppelt",1,1795-08-01 16:00:00
535,"marx, 84, alt, summa, darunter",2,1795-08-01 16:00:00
539,"wechselbriefe, assekurationsscheine, wechselbrief, schaldscheine, betrimscher",4,1795-08-01 16:00:00
540,"mariah, pauer, kern, herrs, maria",3,1795-08-01 16:00:00
541,"1776, pfund, advente, feistriz, dijon",1,1795-08-01 16:00:00
542,"1774, pfund, allergerechtest, rescripts, erlassenen",1,1795-08-01 16:00:00
543,"holzscheiber, ziegeldeckergs, jnnenheiter, leimsied, dietz",5,1795-08-01 16:00:00
548,"kolorirt, hartem, machoni, holz, getäuscht",3,1795-08-01 16:00:00
549,"ssenkriege, sinzendorfschen, unterschottenlehen, 7jährigen, preu",2,1795-08-01 16:00:00
552,"ther, alt, , , ",1,1795-08-01 16:00:00
559,"sebast, severin, dem, gelhütte, courette",1,1795-08-01 16:00:00
565,"langenkell, kayserl, kayserling, definidefinitortor, zwey",1,1795-08-01 16:00:00
567,"verkäufliche, einträglichen, thigen, gewerbe, erblich",2,1795-08-01 16:00:00
568,"rosenbergers, koch, gläubiger, rosenberg, kisslisches",6,1795-08-01 16:00:00
569,"ungeb, eccl, , , ",6,1795-08-01 16:00:00
571,"theres, alsterg, vivat, , ",1,1795-08-01 16:00:00
573,"grunstädter, bürgl, herrs, jgnatz, mich",2,1795-08-01 16:00:00
574,"erzherz, erzherzogl, bischöfl, erzherzogin, colockza",1,1795-08-01 16:00:00
575,"kroatien, ziskus, kantonsgerichte, warasdiner, edikte",4,1795-08-01 16:00:00
576,"leipz, querfol, neefe, damn, eichstädt",11,1795-08-01 16:00:00
577,"alsterb, am, alsterbach, , ",4,1795-08-01 16:00:00
580,"1763, jährungszeit, liege, verflossen, aufbewahret",1,1795-08-01 16:00:00
581,"webermittel, opferkuh, aufzunehmen, freywillig, bewogen",4,1795-08-01 16:00:00
582,"band, letzter, dritter, franç, 4tes",7,1795-08-01 16:00:00
583,"deutschen, böhmen, zutreffende, schuber, unterhal",4,1795-08-01 16:00:00
584,"kapuzinern, 1121, verkaufgewölb, bestverfertigter, schloisneckischen",3,1795-08-01 16:00:00
-1,"deutschen, böhmen, deutsche, hungarn, ungarn",1577,1797-03-02 20:00:00
0,"lake, feind, carrick, cloone, witwen",53,1797-03-02 20:00:00
1,"citat, titelkupf, perückenmachergewerbs, ueberländwiese, accomp",72,1797-03-02 20:00:00
2,"flotte, schiffe, kanonen, hafen, alexandria",31,1797-03-02 20:00:00
4,"sessel, tische, verschiedene, licitando, bettgewand",57,1797-03-02 20:00:00
5,"gemeinden, ward, königl, alle, ein",1,1797-03-02 20:00:00
6,"geschäftsführung, gebirgsleuten, czallen, szür, ergänzet",2,1797-03-02 20:00:00
7,"königl, kömgl, thom, elis, ",1,1797-03-02 20:00:00
8,"zimmer, kuchel, küche, stallung, stock",48,1797-03-02 20:00:00
9,"pferd, thierspital, krankheiten, kastri, kurzeit",8,1797-03-02 20:00:00
10,"zerschmetterte, stritt, keulen, zernichten, felsen",1,1797-03-02 20:00:00
11,"geblieb, wennington, mouriez, unterscheidend, laubte",5,1797-03-02 20:00:00
12,"deutschen, buchhandlung, deutsche, dollischen, büchern",18,1797-03-02 20:00:00
13,"schilcher, schulzische, müller, schafwolle, schmelzer",34,1797-03-02 20:00:00
14,"ühnliche, aufage, grundbuch, jrmentraud, wundergaben",5,1797-03-02 20:00:00
15,"deutschen, pol, französischen, franzosen, französische",46,1797-03-02 20:00:00
16,"unentbehrlichsten, erfahrungen, gesammelt, betrübten, glück",5,1797-03-02 20:00:00
17,"pfand, amte, pferdarzney, pfandtheile, entsprechenden",9,1797-03-02 20:00:00
18,"stanz, leichenhügel, genberge, glimmte, steckt",4,1797-03-02 20:00:00
19,"abgemacht, ministeria, vorsichtsregeln, requisizions, däne",3,1797-03-02 20:00:00
20,"didak, durchl, wilh, guardarobba, se",1,1797-03-02 20:00:00
21,"haus, pamperlisches, hallbergisches, brauneckerisches, jetzingerisches",35,1797-03-02 20:00:00
24,"literaria, notitia, præmittiturpraemittitur, fabulæfabulae, accedunt",8,1797-03-02 20:00:00
25,"zweyten, schätzung, dritten, termin, termine",47,1797-03-02 20:00:00
26,"deutschen, schule, bauernmarkte, baillet, schülerin",9,1797-03-02 20:00:00
27,"bevollmächtigten, persönlich, entweder, verlauf, hinlänglich",30,1797-03-02 20:00:00
28,"gläubiger, kontischer, denckscher, sattler, renzinger",31,1797-03-02 20:00:00
29,"dienstm, anna, maria, jodlbayer, pohlhamner",10,1797-03-02 20:00:00
30,"binnen, wochen, ungarn, sogewiss, obligation",25,1797-03-02 20:00:00
31,"664, dassdas, 096, erhellte, verlängerten",2,1797-03-02 20:00:00
32,"effekten, prätiosen, effecten, pratiosen, weissische",30,1797-03-02 20:00:00
33,"alt, mariah, anna, rosalia, theresia",24,1797-03-02 20:00:00
34,"schuldigen, feilbietung, sidenzstadt, anlangen, magistrate",38,1797-03-02 20:00:00
35,"hauptreffen, kerns, stanz, dauerte, morgens",1,1797-03-02 20:00:00
36,"blumen, tulpen, hundert, holländische, loth",12,1797-03-02 20:00:00
37,"göthe, benkowitz, hutten, johanne, ulrich",3,1797-03-02 20:00:00
38,"zass, gläubiger, churfürstl, chur, jhro",1,1797-03-02 20:00:00
41,"sidenzstadt, anlangen, magistrate, haupt, bekannt",30,1797-03-02 20:00:00
43,"summa, kind, darunter, personen, september",15,1797-03-02 20:00:00
44,"epoche, englands, thaten, geschichte, machen",1,1797-03-02 20:00:00
45,"gedruckt, druckpapier, papier, steif, blau",4,1797-03-02 20:00:00
46,"forderung, verschuldeten, klage, förmlichen, masse",17,1797-03-02 20:00:00
47,"sonntagspredigten, belieb, presse, letzte, theil",1,1797-03-02 20:00:00
48,"weine, weinfässer, garderobe, leere, fässer",13,1797-03-02 20:00:00
49,"einzufinden, licit, kauflustige, früh, oktober",15,1797-03-02 20:00:00
51,"septemb, september, unvorher, angekündig, gesehenen",7,1797-03-02 20:00:00
52,"violon, pour, clavecin, violoncelle, le",86,1797-03-02 20:00:00
53,"mayrberger, burgerl, bürgerl, röcker, burgersp",8,1797-03-02 20:00:00
54,"derspänstig, siedieselbenochimmer, ausübten, consuln, fühlbar",2,1797-03-02 20:00:00
56,"königl, xxxandem, kolonins, gxxxllxxx, jglau",7,1797-03-02 20:00:00
57,"polfranceschi, lafayette, accomp, on, forte",3,1797-03-02 20:00:00
58,"theresienbades, sorgfältigsten, spekt, korrekturen, rennthore",2,1797-03-02 20:00:00
59,"französ, französischen, sechsten, republik, vary",15,1797-03-02 20:00:00
60,"wenn, masse, verschuldeten, gut, vermögens",11,1797-03-02 20:00:00
61,"1110, amburgo, msi, 7ne, 140",1,1797-03-02 20:00:00
63,"musikteller, waldhorn, musikliebhabern, trompetenmacher, zinellen",2,1797-03-02 20:00:00
64,"kupf, kupfer, kupfern, tafeln, geweicht",24,1797-03-02 20:00:00
65,"türken, bascha, türkisch, pascha, anspinnungen",4,1797-03-02 20:00:00
67,"1796, amort, 1798, pensionsstande, böckstall",5,1797-03-02 20:00:00
69,"gräfl, feilbietung, ortsgerichte, reis, der",4,1797-03-02 20:00:00
70,"versorgh, alt, 80, allg, 79",11,1797-03-02 20:00:00
71,"andreas, joseph, franz, johann, reingruber",7,1797-03-02 20:00:00
73,"rathen, darum, sie, an, ",6,1797-03-02 20:00:00
74,"erzherzogthume, vorlanden, stellten, waldtheil, zungswerthe",3,1797-03-02 20:00:00
75,"summerer, kais, july, augusti, maynstrom",1,1797-03-02 20:00:00
79,"berkräfte, hochschätz, migniatur, bartolozischer, bändchen",13,1797-03-02 20:00:00
80,"angeschlossene, unbehoben, beträ, freyherrl, zugedacht",3,1797-03-02 20:00:00
81,"bonaparte, beys, höchste, gegeben, hand",1,1797-03-02 20:00:00
83,"kaiserstadt, besucht, einheimischen, gelagert, baaden",3,1797-03-02 20:00:00
85,"czech, konkurses, eröffnung, gesammte, gerichte",12,1797-03-02 20:00:00
86,"gretsch, vortrages, fasslichkeit, hausvätern, christkatholische",4,1797-03-02 20:00:00
87,"oktob, oktober, gewöhnl, oktobers, bewilligung",10,1797-03-02 20:00:00
88,"kommission, cuperus, fünfe, kriegsvorgänge, eingetre",2,1797-03-02 20:00:00
89,"aschbach, magistrat, markts, aschbech, 3705",6,1797-03-02 20:00:00
90,"deutschen, deutsche, schmidbaurische, auktions, hofr",4,1797-03-02 20:00:00
91,"schw, eingegangenesubscriptionen246, zugeldgeschlagenennaturalien4627, 19741424358392, 1durchhausbüchsen142836315605822989351",3,1797-03-02 20:00:00
92,"ehew, ah, , , ",3,1797-03-02 20:00:00
95,"stumpf, thle, 4te, bändchen, theile",11,1797-03-02 20:00:00
97,"gräfl, von, der, sephst, lilien",8,1797-03-02 20:00:00
98,"landrechte, nuel, ema, landrecht, landrechten",7,1797-03-02 20:00:00
99,"licit, amort, essenzen, pöllin, allerh",56,1797-03-02 20:00:00
102,"jnngasse, brücke, gistrats, salzgries, 82",4,1797-03-02 20:00:00
103,"tököly, robespierre, carnot, columb, suwarow",31,1797-03-02 20:00:00
105,"militarischen, privatsekretär, undjnspecteur, oberstwachtm, vins",3,1797-03-02 20:00:00
106,"drehte, erschwert, singör, rehde, vereinigt",1,1797-03-02 20:00:00
109,"gilgenberg, psychologischen, reflexionen, kerner, heydenreich",11,1797-03-02 20:00:00
110,"moire, rastadt, angeführten, memoire, gesandt",1,1797-03-02 20:00:00
112,"freyer, wohlgebau, aussicht, alstervorstadt, verkaufen",10,1797-03-02 20:00:00
113,"pernhuber, beed, kuhn, herrs, freyherrl",2,1797-03-02 20:00:00
116,"jn, stadt, der, fruh, neu",13,1797-03-02 20:00:00
119,"ro, ausmass, 2788, 2997, grundes",17,1797-03-02 20:00:00
120,"eimer, petronell, korn, 1796er, höflein",4,1797-03-02 20:00:00
121,"anemoni, deto, turband, färbige, regenbogen",1,1797-03-02 20:00:00
122,"josephst, gumpend, jäger, simon, alt",2,1797-03-02 20:00:00
124,"barmh, renng, allg, alt, cath",5,1797-03-02 20:00:00
125,"leipz, ungeb, neapel, oenip, wälseggisch",19,1797-03-02 20:00:00
126,"kollmann, weinwirth, schlager, schutzv, alstervorst",2,1797-03-02 20:00:00
127,"bemälde, kamilla, prag, jugend, gebunden",1,1797-03-02 20:00:00
128,"sachwalter, namhaft, verabsäumung, rechtsbehelfe, bestellen",23,1797-03-02 20:00:00
130,"franz, hansen, tabactrafik, weissgarbergewerb, malinka",8,1797-03-02 20:00:00
134,"spitzmach, hofer, artaria, moser, aeltern",3,1797-03-02 20:00:00
135,"math, ruech, anstreich, bg, windmühl",6,1797-03-02 20:00:00
136,"tagl, reif, moser, hartl, tagw",3,1797-03-02 20:00:00
140,"ausser, kaiserl, böhmen, den, bernstein",1,1797-03-02 20:00:00
141,"pferde, postzüge, lorenzerhaus, kögel, transporte",11,1797-03-02 20:00:00
143,"realitäten, wambachersche, altingerische, hauckische, weissische",4,1797-03-02 20:00:00
144,"likirer, terallee, hofriemerhaus, wägenmaler, prat",2,1797-03-02 20:00:00
146,"krankenh, pappenh, goekingk, ubert, pozzi",9,1797-03-02 20:00:00
147,"cors, hautb, theile, basson, thle",21,1797-03-02 20:00:00
150,"dedöcker, decemb, gläubiger, kreisamt, neuburg",3,1797-03-02 20:00:00
152,"hottola, goldarbeit, gold, franz, mach",1,1797-03-02 20:00:00
153,"ungarn, vieh, täglichen, verkehr, gränzämter",7,1797-03-02 20:00:00
154,"diesälligen, schellin, rizy, 365, magdale",1,1797-03-02 20:00:00
155,"ausgezeichneten, bevollmächtig, achtung, versichern, kaisers",1,1797-03-02 20:00:00
156,"rechtssache, gerichtsordnung, angebrachte, erblanden, entschieden",16,1797-03-02 20:00:00
157,"interessantesten, unempfindlich, auswahl, getreu, herausgeber",2,1797-03-02 20:00:00
160,"haushofmeist, hauptm, hausantheil, zollner, hauskn",5,1797-03-02 20:00:00
162,"deutschen, 30, pour, opera, mozart",23,1797-03-02 20:00:00
163,"ungarn, böhmen, ungarischen, hungaris, ungarischer",2,1797-03-02 20:00:00
168,"alt, 68, falcetti, exnonne, berzoni",8,1797-03-02 20:00:00
169,"tuchlaub, unt, leipz, alt, fortfah",2,1797-03-02 20:00:00
171,"früh, obbestimmten, kauflustigen, magistrat, sätzlern",9,1797-03-02 20:00:00
172,"cath, stief, eva, , ",4,1797-03-02 20:00:00
173,"fructidor, glänzender, trift, ausfallen, räthen",1,1797-03-02 20:00:00
176,"elis, elion, harder, jacobi, aria",6,1797-03-02 20:00:00
177,"einzuholen, hausmeister, nähere, auskunft, beym",6,1797-03-02 20:00:00
178,"böhmen, kutsch, penisch, traurig, dienstm",5,1797-03-02 20:00:00
179,"geschlechtes, stöbers, erwog, meisterhand, ahmliche",7,1797-03-02 20:00:00
181,"kollfellner, gläubiger, kleebinder, kohlischer, krayslisches",2,1797-03-02 20:00:00
189,"schill, frankfurt, cours, hamburg, achtet",4,1797-03-02 20:00:00
190,"cath, cabrian, waarensensal, turrini, katharina",5,1797-03-02 20:00:00
199,"geendigt, zweifel, diess, sache, ausser",2,1797-03-02 20:00:00
204,"christ, 45, wien, jesu, kinde",1,1797-03-02 20:00:00
205,"barb, 139, fr, barbarey, alt",6,1797-03-02 20:00:00
208,"vontosa, bims, rukner, militärsp, alt",2,1797-03-02 20:00:00
209,"perückenmachergewerb, jahnisches, pulvermacherin, altebollone, moni",4,1797-03-02 20:00:00
210,"vignette, gestochenen, deutsche, wien, titel",2,1797-03-02 20:00:00
214,"deutschen, netzen, retisch, stricken, nähen",3,1797-03-02 20:00:00
215,"patent, rauchtabak, tonsverwaltung, specialpatent, güterbesitzer",2,1797-03-02 20:00:00
216,"schodterer, chyrurgus, chyrurgischen, radicirten, gesonnen",3,1797-03-02 20:00:00
217,"1798, böhmen, september, wien, lech",40,1797-03-02 20:00:00
218,"böhmen, ungarn, diesseitige, anforderung, generalfeldzeugmeister",10,1797-03-02 20:00:00
220,"finanzwesen, steuerüberla, tabacksteuer, feyerten, führungen",1,1797-03-02 20:00:00
222,"still, 11⅓, 12½, meteorologische, sternwarte",5,1797-03-02 20:00:00
223,"frankf, flinderlschlag, durchgesehene, brody, frank",7,1797-03-02 20:00:00
225,"leopoldst, chriftina, alois, alt, leopold",3,1797-03-02 20:00:00
226,"seelengrösse, weibliche, anhange, nebst, einem",1,1797-03-02 20:00:00
227,"allg, bede, 38, alt, sobald",6,1797-03-02 20:00:00
228,"fürstl, von, entschlieffe, cell, der",5,1797-03-02 20:00:00
230,"versprach, bothschafter, erklärung, diese, weiterem",1,1797-03-02 20:00:00
234,"gleichbesagte, ausmessung, uibernehmung, einschreiten, 213",5,1797-03-02 20:00:00
241,"burgl, horn, sicht, schönsten, kompagnie",4,1797-03-02 20:00:00
242,"kostenthal, rottern, weltpriest, päpstl, priesters",1,1797-03-02 20:00:00
243,"krankeninstit, doct, dokt, chirurgus, arzt",1,1797-03-02 20:00:00
246,"hofdekrets, nied, folge, august, verordnung",1,1797-03-02 20:00:00
247,"1798, krems, 1799, gezeichnet, geographischen",33,1797-03-02 20:00:00
250,"reubell, retzer, reverendiss, retractus, reconvent",2,1797-03-02 20:00:00
253,"reichskanzl, juden, reichs, reichshofrathsagent, reichshofrathskonklust",1,1797-03-02 20:00:00
254,"athelin, wothenstern, fritsch, dienstm, familie",2,1797-03-02 20:00:00
256,"hablinischer, kolessel, hungarn, gläubiger, erben",2,1797-03-02 20:00:00
257,"jnländische, sonnabend, begebenheiten, 1798, september",1,1797-03-02 20:00:00
258,"verkaufen, zaus, azibe, kasa, wägen",7,1797-03-02 20:00:00
260,"jnventurskommissar, feneck, sämmtl, stadtmagistrats, rötz",3,1797-03-02 20:00:00
262,"deutsche, obersthofpostamte, bestallungsweise, 983, rauhensteingasse",3,1797-03-02 20:00:00
263,"oeuv, blas, , , ",33,1797-03-02 20:00:00
264,"viol, eybler, quintetto, avec, vitriol",11,1797-03-02 20:00:00
266,"zweytertheil, zintl, pfründl, zimmergs, zoll",2,1797-03-02 20:00:00
267,"alstervorst, 19, alt, lerchenf, laimgr",1,1797-03-02 20:00:00
269,"wirzburg, stadimayer, wirth, wirthshaus, bestand",2,1797-03-02 20:00:00
270,"verkaufen, gistratsratifikation, verkäufern, abzuschliessen, haus",5,1797-03-02 20:00:00
272,"rossau, markl, hausmeist, castoreum, bibergeil",3,1797-03-02 20:00:00
275,"jahrhunderts, geistergeschichte, zwölften, zehnten, jahrhunderte",15,1797-03-02 20:00:00
277,"ditl, mafeischer, schuhmach, erben, hoheit",2,1797-03-02 20:00:00
278,"fahrnisse, weigls, fahrnmisse, weitzl, madruzzische",2,1797-03-02 20:00:00
279,"allemande, wiener, rémarques, adelung, abrégé",2,1797-03-02 20:00:00
281,"weine, weyl, befehl, , ",1,1797-03-02 20:00:00
284,"farben, aurunkeln, gesprengte, deto, urunkeln",2,1797-03-02 20:00:00
285,"joschay, gläubiger, durchl, jhro, sr",3,1797-03-02 20:00:00
286,"ortsgerichte, fürstl, landgericht, thürisches, ortsgericht",3,1797-03-02 20:00:00
288,"stadt, vor, der, thurm, ",9,1797-03-02 20:00:00
293,"gestorbenen, testaments, denzstadt, resi, terlassung",31,1797-03-02 20:00:00
299,"1796, change, florins, 1797, nro",2,1797-03-02 20:00:00
300,"winterisches, haus, winterm, wintermon, winter",2,1797-03-02 20:00:00
302,"hinwegzu, dünket, religionsgebräuche, aufgeklärt, verbindlichkeiten",1,1797-03-02 20:00:00
303,"mahlmühle, caffeehaus, 2920, schlösselgasse, belie",5,1797-03-02 20:00:00
304,"beys, egypten, sultan, verunstaltet, ungehor",2,1797-03-02 20:00:00
305,"beför, wallis, nied, derung, grafen",1,1797-03-02 20:00:00
306,"convoc, widerspruch, welcher, , ",23,1797-03-02 20:00:00
308,"schneidermeist, eulog, schneider, reinthaller, tschick",4,1797-03-02 20:00:00
310,"holzinger, schmied, schmiedmeist, hoborka, lorenz",3,1797-03-02 20:00:00
311,"gimnasien, erzogene, sittliche, bedingung, erbietet",7,1797-03-02 20:00:00
312,"editio, accurata, verbesserte, auflage, neueste",9,1797-03-02 20:00:00
314,"östl, österr, öster, nied, dem",1,1797-03-02 20:00:00
315,"pfänder, versetzt, 1798, versteigerung, kundschaftsbogen",3,1797-03-02 20:00:00
318,"richteramtshand, übertragen, lungen, adeliche, schieden",3,1797-03-02 20:00:00
322,"publik, genommen, re, selbst, sich",1,1797-03-02 20:00:00
326,"luftpumpe, stiefel, zugehör, einiger, einem",3,1797-03-02 20:00:00
327,"steif, raubritter, sternenkranz, broschirt, gebund",7,1797-03-02 20:00:00
328,"löbl, bourne, dem, von, reitenauer",1,1797-03-02 20:00:00
329,"allg, 27, alt, im, hefte",1,1797-03-02 20:00:00
331,"bibliothekdien, bücher, andertes, lektüre, drittes",2,1797-03-02 20:00:00
339,"steif, gebund, 40, riemerstr, 20",3,1797-03-02 20:00:00
340,"kauflustige, obbestimmten, licit, einzufinden, dorfrichters",10,1797-03-02 20:00:00
342,"sonntagspredigten, oberösterreich, tyrol, wien, schaft",3,1797-03-02 20:00:00
348,"pens, eipeldanerbriefe, eipeldauerbriefe, pross, rentes",5,1797-03-02 20:00:00
349,"bedient, schlafrockschneiders, saniyni, leporin, fitta",2,1797-03-02 20:00:00
353,"pfründl, hofstetter, pfeffer, pflaster, stamp",2,1797-03-02 20:00:00
355,"nelson, artaria, reichsfreyherrl, schreibung, sir",1,1797-03-02 20:00:00
357,"schiffzug, ansehen, diensten, gestanden, zug",1,1797-03-02 20:00:00
361,"verbindet, besuche, empfiehlt, beehret, abzustatten",4,1797-03-02 20:00:00
362,"magd, wit, fehringerin, alt, ",5,1797-03-02 20:00:00
363,"fortsetzung, secunda, zweiten, folgt, editio",2,1797-03-02 20:00:00
365,"unterhält, befugnisse, beschlagschmidte, landesregierung, thierspital",2,1797-03-02 20:00:00
366,"zusammen, pavia, viefville, sagunto, visiers",1,1797-03-02 20:00:00
371,"deleg, temeswarer, banat, aufgestell, milit",2,1797-03-02 20:00:00
374,"gegentheiligen, feilbietung, kaufschillingsrest, 5250, perückenmacher",10,1797-03-02 20:00:00
383,"fortepiano, gebeitztes, überspielte, schwibogen, gutes",4,1797-03-02 20:00:00
389,"staatswirthe, stieglitz, kupfertafeln, seelengrösse, gestochenem",5,1797-03-02 20:00:00
392,"brosch, 48, 45, 798, 40",20,1797-03-02 20:00:00
394,"gebun, steif, broschirt, jst, fl",1,1797-03-02 20:00:00
398,"unterwaldner, helvetische, 30kr, übermacht, luzern",2,1797-03-02 20:00:00
399,"amtsverwaltung, speigen, gräfl, oest, jeden",5,1797-03-02 20:00:00
401,"gefüllte, leibfarbe, violblaue, hyacinthen, hyacinten",1,1797-03-02 20:00:00
404,"math, calculat, kind, alt, ",3,1797-03-02 20:00:00
406,"richter, judicis, atzel, curiæcuriae, grossbitannien",1,1797-03-02 20:00:00
408,"heinlisches, heinr, haus, heil, heiderisches",1,1797-03-02 20:00:00
410,"prüfungen, dauern, heuer, feuerwerk, fangen",2,1797-03-02 20:00:00
411,"obligation, obligationen, obligatio, angenommen, schedlische",13,1797-03-02 20:00:00
414,"waarenlager, materialwaarren, schafschafferische, 8242, 411",1,1797-03-02 20:00:00
417,"band, bände, erschienenen, zween, zelne",4,1797-03-02 20:00:00
419,"pens, mayer, jgnaz, mayerische, gläubiger",1,1797-03-02 20:00:00
424,"haus, , , , ",3,1797-03-02 20:00:00
429,"wagner, 2ter, theil, wagneris, wagners",2,1797-03-02 20:00:00
431,"connor, fox, merkt, arthur, übereinstimmten",1,1797-03-02 20:00:00
432,"vertilgt, gewaffneter, schreckliche, unterste, erbarmen",1,1797-03-02 20:00:00
434,"fuchs, dukaten, siebenbürger, blassen, hembergschen",5,1797-03-02 20:00:00
435,"burgl, färbermeisters, jetzin, eigenthümlich, johanna",6,1797-03-02 20:00:00
438,"judeng, 50, alt, 50000, im",1,1797-03-02 20:00:00
440,"landrichlandrichters, causarumregaliumdirector, szeckely, maylath, palatinal",1,1797-03-02 20:00:00
446,"obbestimm, satzgläubiger, kaufusti, diesfälligen, kauflusti",2,1797-03-02 20:00:00
447,"augenarzt, universtät, unbehobenen, berr, aufgenommener",1,1797-03-02 20:00:00
448,"lingier, englischen, vers, word, englisch",4,1797-03-02 20:00:00
452,"tluckische, nietsch, nichts, gläubiger, nepom",2,1797-03-02 20:00:00
455,"wiener, zeitung, anhang, 2869, 2949",2,1797-03-02 20:00:00
459,"kupf, krems, cassale, vendôme, mit",2,1797-03-02 20:00:00
462,"milutinovich, milutinoviche, erben, gläubiger, willingerischen",3,1797-03-02 20:00:00
464,"schwimmer, stäb, eisenen, reisekallesch, reisebastard",6,1797-03-02 20:00:00
466,"milit, militvm, mixt, mixti, in",1,1797-03-02 20:00:00
468,"erörterung, mitgetheilt, vorschläge, taback, antrag",1,1797-03-02 20:00:00
470,"grundbuchssätze, grundbuchsbeamt, erbauungsbuch, gemeinen, grundbuche",3,1797-03-02 20:00:00
475,"ritschel, riegler, ritt, dienstm, gläubiger",4,1797-03-02 20:00:00
476,"meldbrief, nachricht, löschenkohl, signat, sign",2,1797-03-02 20:00:00
479,"hauermeisters, fleisch, gewilliget, fleischm, worden",2,1797-03-02 20:00:00
482,"3018, möstlschen, christkatholischer, religionsunterricht, buchhandlungen",1,1797-03-02 20:00:00
484,"titl, æternum, fidi, tribum, 16tes",2,1797-03-02 20:00:00
487,"oest, engl, isch, , ",3,1797-03-02 20:00:00
488,"optimas, editiones, collata, integrum, ad",1,1797-03-02 20:00:00
492,"vormilttag, geraden, wegs, besehen, niemals",1,1797-03-02 20:00:00
493,"leipzig, 79294, 79496, 78o82, ansgefallen",4,1797-03-02 20:00:00
495,"gestochenen, titel, vignette, vignetten, kupfer",9,1797-03-02 20:00:00
496,"altes, oesterr, eisen, wilh, oester",3,1797-03-02 20:00:00
497,"margaret, 48, alt, margareth, lady",3,1797-03-02 20:00:00
501,"septemb, wien, regensburgischen, treviglio, bischöflich",4,1797-03-02 20:00:00
504,"plenk, schuhmach, hrn, christian, pauli",1,1797-03-02 20:00:00
505,"leopoldst, leopolds, 58, 43, alt",3,1797-03-02 20:00:00
509,"kaiserl, kaisers, excellenz, der, majest",1,1797-03-02 20:00:00
518,"scheine, zeitung, pränumerationen, hohlung, verabfolgen",10,1797-03-02 20:00:00
519,"wolfg, aub, wechselsensalen, wolf, abraham",3,1797-03-02 20:00:00
520,"casp, labella, dibrusseles, arunculen, arnunculen",2,1797-03-02 20:00:00
521,"1798, september, obrizberg, agram, citat",18,1797-03-02 20:00:00
524,"hieronimus, benedicti, benedictischer, benedict, xiii",3,1797-03-02 20:00:00
526,"thurngasse, 516, raaben, kauflustigen, gewöhn",3,1797-03-02 20:00:00
532,"berlin, wintermonat, gemel, verlautet, eintreffen",2,1797-03-02 20:00:00
533,"zession, gart, zehend, gabr, bestand",1,1797-03-02 20:00:00
535,"marx, streitl, phillip, nachfrage, aron",2,1797-03-02 20:00:00
536,"schuster, weingarten, andre, beerwanger, schmalznop",4,1797-03-02 20:00:00
537,"151, brücke, erhält, stiege, nähere",3,1797-03-02 20:00:00
539,"rentbriefe, wechselbrief, wechselbriefe, assekurationsscheine, mecsery",2,1797-03-02 20:00:00
540,"sterng, mariah, maria, alt, auster",1,1797-03-02 20:00:00
543,"schneidermeist, alt, kralitscheck, krausenburger, kritter",5,1797-03-02 20:00:00
545,"jonqui, gelbe, lien, gefüllte, quilien",1,1797-03-02 20:00:00
546,"mylord, mein, mylords, meylords, behüte",1,1797-03-02 20:00:00
548,"holz, kolorirt, hartem, machoni, getäuscht",3,1797-03-02 20:00:00
551,"geistergeschichte, petermännchen, seitenstück, spiess, eine",5,1797-03-02 20:00:00
555,"pfaffing, pfarrherrschaft, hausei, obrizberg, erscheinungsfalle",2,1797-03-02 20:00:00
559,"courette, tare, sekre, gesandtschafts, david",1,1797-03-02 20:00:00
560,"licit, 3003, 2964, 2929, 2923",4,1797-03-02 20:00:00
567,"ausgeübten, abschätzung, erkauft, schankgerechtigkeit, radizirten",2,1797-03-02 20:00:00
569,"ungeb, eccl, , , ",4,1797-03-02 20:00:00
575,"kroatien, milutinovich, legatarien, erblassers, miho",2,1797-03-02 20:00:00
577,"alsterb, am, alsterbach, , ",3,1797-03-02 20:00:00
581,"kunstar, lakieren, lakierkunst, feuersbrünsten, geabeitet",2,1797-03-02 20:00:00
582,"vierter, band, letzter, bandmach, dritter",1,1797-03-02 20:00:00
583,"deutschen, böhmen, rehm, kohlmarkt, buchhändler",8,1797-03-02 20:00:00
584,"tischlermeister, tischlerarbeiten, beiten, publikum, ungarn",6,1797-03-02 20:00:00
