,Topic,Count,Name,Representation,Representative_Docs
0,-1,40184,-1_hungarn_deutschen_ungarn_böhmen,"['hungarn', 'deutschen', 'ungarn', 'böhmen', 'deutsche', 'juden', 'der', 'in', 'zu', 'und']","['Ferner füget der Dänische Hof noch hinzu: Die Kaiserin werde Zwei fels ohne nicht missbilligen,dassmonsich diesdiesdiesfals| diesfals denen deutschen Reichs gesetzen so wol, als denen PactisConventis des Hauses Hollstein gemäss verhalte, welchemnach eine Frau allein, ohne einen Mit regenten zur Seite zu haben, die Landes regierung nicht verwalten könne.', 'NAchdeme Jhro Majestäit die Königin zu Hungarn und Bö heim Ertz Herzogin zu Oester reich  MariaTheresia, unse re Allergnädigste Frau und Landes Fürstin Montag den  lauffenden Monats Martii in der Fruhe zwischen  und  Uhr wie schon jüngst hin gemeldet worden eines schön und wolgestalteten Ertz Hertzogen zu algemeiner unaussprechlichen Freude Dero gesamten Erb Königreichen und Landen glük lichst entbunden worden; als wurden sodann die behörige Veranstaltungen um Höchst denselben noch diesen Tag auf dem Abend tauffen zu lassen vorgekehret.', 'Herr Ludwig Graf von Kevenhüller aus Hungarn von dem Kaiserlichen General Lieutenant Jhro Durchleucht Prinzen Eugeny von Savoyen aus des Gros Ve ziers Zeit nächst Peterwardein abgefertiget dahier mit  Postil lionen angelanget war und eine der ganzen Christenheit höchsterfreu liche Nachricht mitgebracht hatte; was gestalten die über zweymal hun dert tausend Mann stark Türkische Armee den  dieses des Abends gegen die Kaiserliche also nahe sich gelagert dass selbe einander mit klei nem Gewehr erlangen können; bis es endlichen den  Dito zu einer Schlacht kommen da dan Kaiserlich sowohl als Türkischer Seiten lang und hartnäckig gefochten: jedoch endlichen mit Göttlicher Hülf durch die Standhaftigkeit und Tapfferkeit der Kaiserlichen Soldaten die Türkische Armee auf das Haupt geschlagen: und ihr völliges La ger Bagaschy Geschütz wie auch Canzley glücklich erobert worden; von welchem allem man stündlich die ausführliche Nachricht erwartet; )( was| was aber dieser Herr Obrist dahier als er erstlichen den Regierend Kaiserlich und Catholischen Majestäten in der Favorita: und Jhro Verwittibt Kaiserlichen Majestät Eleonora Magdalena Theresia in der Kaiserlichen Burg: dan Jhro lezt Verwittibt Kaiserlichen Maje stät Wilhelmina Amalia( So Sich eben samt Dero Aeltest Durch leuchtigsten Erz Herzogin in dem Fürstlichen Stift der    E Regulirten Chorfrauen  Augustin.']"
1,0,2963,0_hungarn_armee_feind_böhmen,"['hungarn', 'armee', 'feind', 'böhmen', 'general', 'regiment', 'ungarn', 'lager', 'türken', 'truppen']","['Oesterreichischen Niederlanden Herrn  Eugeny Franz Prinzen von Savoyen und Viemont Jn Dero Königreich Hungarn befindlicher Haupt Armee;| Darin der am  August Monats von der Kaiserlichen über die Türkische bis 200000.', 'und Katholischen Majestät UnterCommando Dero Hof Kriegs Rahts Präsidenten Gene ral Lieutenants und General Gubernatorn der Kaiserlich Oesterreichischen Niederlanden Jhrer Durchleucht Herrn Herrn Eugeny Franz Frinzen von Savoyen und Piemont Jn Dero Erb Königreich Hungarn befindlicher Haupt Armee Aus dem Lager bey Zenta vom  bis  Augusti 1716.', 'Eodem vernahme man auss Nider Hungarn mit Brieffen von dem  October dass den  Dito der Herr Obrist von Moltenberg einen Si ckingischen Lieutenant mit einiger Mundirung für die Besatzung nacher  Gotthard begleitet und von darauss  Stund weiters in das Land gegangen umb einige Rebellen so das Wein Lesen bedecket zu überfal len; weilen jener aber durch die Bauern über der Raab gleich verrathen worden habe selbiger nichts als einen Corporalen von des Kisfaludi Lasslo Regiment nebst  Stuck Vieh eingebracht auf seine lincke Hand aber den Breunerischen Herrn Hauptmann Fritsch mit  Pferdten auss geschicket; welcher eine Rebellische Parthey von  Pferdten bey Güssing angetroffen darvon einen Lieutenant mit  Mann im Dorff niderge hauen und  Gefangene nebst  Pferdten nach Fürstenfeld gebracht habe.']"
2,1,1555,1_durchl_fürstl_ebendas_kais,"['durchl', 'fürstl', 'ebendas', 'kais', 'statt', 'gebund', 'leopst', 'seel', 'löbl', 'hoheit']","['Hoheit die Durchl.', 'Als  Durchl.', 'Die Durchl.']"
3,2,1345,2_schiffe_flotte_schiffen_kriegs,"['schiffe', 'flotte', 'schiffen', 'kriegs', 'admiral', 'schiff', 'hafen', 'see', 'schif', 'meer']","['See macht, und General com missarius über das grobe Geschütz, den 13ten dieses einen Expressen vom Französischen Hof erhalten hat, so liesse er den  dieses die grosse Flaggen auf dem Admiral schiffe der alhier einige Zeit bereit gelenen Flotte, wä hen, worauf diese Flotte, welche aus Kriegs schiffen und  Fregaten beste het, in die See geloffen; Dieselbe hat eine grosse Menge allerhand Kriegs nohtwen digkeiten und Lebens mitteln, desgleichen eine starke Anzahl Mannschaft an Bord.', 'Um  Uhr des Morgens erblickte ermeldetes Schif, verschie dene Schiffe, und Fregatten, da es aber keine grosse Schiffe wahrnahm, so richtete es mit noch  andern Schiffen und  Fregatten, welche zu demselben gestossen wa ren seinen Lauf nach Cadix; indessen setzte die Flotte des Herrn de la Clüe, welche noch aus sieben Kriegs schiffen bestunde, seine Reise fort, und mit Anbruch des Tages sahe man verschiedene Schiffe, welche von der Meer enge herkamen.', 'Von Nizza wird gemeldet dass das Meer sehr ungestüm seye und vor wenig Tagen acht Kriegs Schiffe bey der Engländischen Flotte angelanget; Es habe die Flotte von Toulon zwar aus lauffen wollen sich aber wiederumen in den Hafen zuruk gezogen theils aus Beysorge von denen Engländischen Schiffen angegriffen zu werden theils um abzuwarten bis die Spanische Schiffe auch bereit seyen.']"
4,3,872,3_kirche_kirchen_cardinal_bischof,"['kirche', 'kirchen', 'cardinal', 'bischof', 'heiligkeit', 'päpstl', 'ertz', 'türken', 'bischöfl', 'cardinälen']","[""Matteo, Petra, Quirini, Lercari, Finy, Gotti; Porzia, Borghese, Ferrerio, Falconieri, Banchieri, und  Salviati, lauter Creaturen des verstorbenen Pap sten und einer überaus grossen Menge Volks nachdeme die Cardinäle nach ihrer Ordnung sich in die Reihe gestellet der Anfang zur Begräbnuss gemachet: und da die Musici der erwehnten  Haupt Kirchen sangen:  In Paradisum deducant te Angeli, & Die En geln sollen dich in das Paradeis abfüh ren  segnete der  Monsig.Simonetti Ertz Bischof von  Nicosia, und Dom Herr von  Peter in schwartzen  PontificalHabit, den Sarg von Cipressen Holtz mit einem besonde ren Gebett ein; als dieses ge endiget bespren gete und beräucherte besagter PrælatPraelat unter AbAbsingung singung| singung derer gewöhnlichen in dem Römischen Rituali vorgeschribenen Gebetern und Antiphonen den Verstorbenen und den Sarg: unterdessen legten die Priester dieser Haupt Kirchen in Chor Röck mit aller gebührlichen Ehr Erbietigkeit des Papstes Leichnam in be sagten Sarg von Cipressen Holtz auf eben die Art wie er die  Tage ware ausgesetzet ge wesen bekleidet auf einem rot goldenen mit Carmesin farben Ormesin gefütterten Unter Tuch; und weilen unter denen von diesem Papsten gemachten Cardinälen kein Verwann ter Jhrer Heiligkeit ware bedeckete dero An gesicht und Hände der Monsigd'Acquaviva d'Aragona derer  Apostolischen Palläste Hof Meister nachdeme derselbe Dero Händ und Füsse ehrerbietig geküsset hatte mit einem weis sen leinenen Tüchlein: er legete auch zu Dero Füssen die gewöhnliche  Beutel mit goldenen silbernen und metallenen Gedenk Pfennin gen; und weilen das Volk aus Andacht Sei ner Heiligkeit den Ring und einen deren grossen Spen Nadeln des Pallii genommen hatte wurden Deroselben andere angestecket; und sintemalen eben aus Andacht der Card."", 'Heut hatten Jhre Eminenz der Herr Cardinal von Schrattenbach sich in das Conclave erhoben welches gleichfals der Herr Cardinal Davia, so eben Heute Fruh dahier angekommen des Abends getahn; Und wollen Jhre Eminenz der Herr Cardinal  Cusani, Bischof zu  Pavia, so auch Heute sich aus Mailand dahier eingefunden ebenmässig sich in das Conclave begeben: Jn wel chem der MonsignorGamberucci an statt des  Monsignor Chiaponi, eines Parmesa ners von Geburt so neulich krank aus dem Conclave gebracht worden und fol gends im  Jahr des Alters gestorben zum Ceremonien Maister ernent worden.', 'Nachdeme Gestern Vormittag das Scrutinium angefan gen; So hat man dasselbe des Abends mit den üblichen Ceremonien auch wieder vorgenommen; Dabey sich befunden dass der Herr Cardinal Paulucci  Stim men gehabt und hätte vielleicht mit noch anderer Beystimmung seine Wahl völlig zusammen gebracht indeme schon einige Herren Cardinäl solches zutuhn im Begrif gewesen; Wan nicht Jhre Eminenz der Herr Cardinal Althan mittels einer nachdrücklich und statlich verfasten Rede demS.Collegio vorgestellet: dass in dem Conclave der mehreste Theil derer Herren Cardinälen mangle weilen von  nur  zugegen: und  zwischen den Mäuren von Rom wären; Dan ein ganze Nation nemlichen die Französische abgienge davon der Cardinal Minister Jhre Eminenz Herr Cardinal von  Rohan, wohl zu Rom angekommen aber noch nicht in das Conclave getretten sey; Uber das auch gebührender Massen die Wahl denen Ministeren deren Gecrön ten Häubteren noch nicht angedeutet worden um sowohl deshalben Jhrer Kaiser lichen Majestät als anderer Catholischen Mächten Gefälligkeit zuvernehmen; Bey dem Schluss dieser Red auch aus obig und mehr ander dergleichen wichtigsten Beweg Ursachen seine Schuldigkeit zuseyn erachtet nicht allein als Jhrer Kaiserlich und Catholischen Majestät Minister sondern auch als Cardinal darwider zu )()( | protestiren; Wie dan solches auch bereits Jhre Eminenz in der Taht getahn und dargegen protestiret gehabt; Welchemnach nicht wahr werden dörfte dass der  Paulucci, als Cardinal in das Conclave gangen und als Pabst herausgehen werde; Wie ihm einige von dem Volk zugeruffen; Als nun die in der Stadt Rom sich noch aufgehaltene Herren Cardinäl von diesem allen die Nachricht empfangen; So haben sich dieselbe sammentlich auser denen Herren Cardinälen Marescotti und  Scotti, die sich noch unpäslich befinden mit aller Behändig und Sorgfältigkeit und sonderlich der Herr Cardinal von  Rohan, um  Uhr Jtalienisches Zeigers Heut in das Conclave erhoben.']"
5,4,843,4_silber_kästen_sessel_verschiedene,"['silber', 'kästen', 'sessel', 'verschiedene', 'licitando', 'tische', 'zinn', 'gold', 'verkauft', 'spiegel']","['Landrechten zu den ge wöhnlichen Vor und Nachmittagsstunden in der Stadt in der Himmelpfortgasse im Fürstenber gischen Haus  978 im 2ten Stock verschie dene Fahrnisse, als Spanioldosen von Jaspis mit Gold gefasst, deto Etui, spanisches Rohr mit goldenen Knopf, gold und silberne Mün zen, gold und silberne Sackuhren, eine Reis uhr, silberne Degen und Hirschfänger, deto Reisservis, Tafel und anderes Silber, gestickt tüch und zeugene Mannskleider, deto Westen und Beinkleider, Leibwäsch, harte Tische, Sof fen und Sessel, Trumo und andere Spiegel, Luster, 1 Pendil und Stockuhr, harte Aufsatz Gläser und Schubladkästen, Porzelain, dama siene und leinwandene Spaliere, Feuergewehr, Bilder, Schaberacken, Satteldecken, und Galla pferdgeschirr, ein 4sitziger Wagen, Bettstatt, sammt Bettgewand, Kupfer und Messinggeschirr, und mehr andere Fahrnisse licitando verkauft.| Licit.', 'Nächstkünftigen Donnerstag als den  dieses Monats April werden auf dem alten Fleischmarkt der Lorenzer Kirchen über im sogenannten gross ludwigstorffischen Haus im anderten Stock ver schiedene Verlassenschaftseffecten als Gold und Silber, Uhren, Porcellan, mit Gold und Silber gallonirt auch glatte Manns kleider schöne Wäsch, Tischzeug, Mahlereyen, Spiegl, Luster, Soffen, Sessel, mit Gold eingetragene Niederländer Spa lier, Kästen, Tisch, Zinn, Messing, Kupfer, wie auch Pferd und Wagen Vormittag von  bis  Nachmittag aber von  bis  Uhr dem Meist bietenden gegen alsogleich baar leistender Bezah lung licitando verkauft, und hiemit die nachfol gende Täge continuiret werden.', 'Künftigen Donnerstag als den  August und folgende Täge werden vormittag von 9 bis 12, und nachmittag von 3 bis 6 Uhr auf der Freyung in dem kleinen fürstlich Kaunitzischen Haus im 2ten Stock verschiedene Effekten, als ein brillantener und 2 andere grosse rautene Mannsringe, andere ledige Brillanten, gold und silberne Uhren, andere Gallanterien, Sil ber, roth und gründamastene Soffen und Ses sel, Spalliere, grosse Spiegel und Trumeaux, Kästen, Tische, Bettstätte samt Bettgewand, bordirt und glatte Manns auch Frauenkleider, Wäsche, Zinn, Kupfer und andere Einrichtung licitando verkauft.']"
6,5,667,5_königl_majestäten_majestät_könig,"['königl', 'majestäten', 'majestät', 'könig', 'hungarn', 'majest', 'königs', 'böhmen', 'jhre', 'majestä']","['Von der königl.', 'Der königl.', 'und der königl.']"
7,6,528,6_türken_russischen_russische_russisch,"['türken', 'russischen', 'russische', 'russisch', 'russen', 'russland', 'petersburg', 'juden', 'rus', 'hungarn']","['Dar auf haben die Russen Anstalten gemacht, die beyden Städte Russig und Giurgiewo einzunehmen, welches die letzten sind, so die Türken diesseits der Donau noch inne gehabt; es sind zwar Nachrichten hier dass die Ein nahme von der letzten glücklich bewirket, und dass ausser vielen Gefangenen, auch eine gro sse sse Anzahl Türken, in die Donau gejaget, wovon aber noch weiter keine Bestättigung nachgekommen.', 'Kloster derer Capncinerinnen.| Warschau vom 15  Der Oberstleutenant Fabricius kam am 10ten dieses als Courier von der Russischen Hauptarme hier an, und überbrachte folgen de vorläufige Nachricht von den Vortheilen, welche ein Corps Russen über die Türken jenseits der Donau erhalten: der General major Potemkin gieng den  April mit si nem Corps von 6000.', 'Das russische Corps, wel ches über die Donau gegangen, soll bereits Jsaccia erobert und die Türken sich nach Adrianopel zurückgezogen haben.']"
8,7,511,7_königl_kömgl_thom_elis,"['königl', 'kömgl', 'thom', 'elis', '', '', '', '', '', '']","['Königl.', 'Königl.', 'Königl.']"
9,8,385,8_zimmern_zimmer_kuchel_keller,"['zimmern', 'zimmer', 'kuchel', 'keller', 'stock', 'stallung', 'küche', 'ebener', 'erde', 'verlassen']","['Dasselbe hat im ersten Stock1 Saal, 10 Zimmer und 1 Küche in zweyten Stock 1 Saal, 9 Zimmer und 2 Küchen; und im dritten Stock ein Belvedere mit freyer Aussicht auf 10 Meilen in Umfang; alle Zimmer, so wie der Saal sind mit Oefen ver sehen, dass es auch im Winter bewohnt werden kann; zu ebener Erde ist eine Salaterrena mit 1 Zimmer; dann ein grosser mit einen Kasta nienwald, Obstbäumen,Statuenundschönen Spalieren versehener Garten, wie auch die Haupt küche mit Wind und Backöfen, und 2 Zimmer, Stallung auf 17 Pferde, Schupfen auf 5 Wä gen, ein grosser Stadel, Heu und Haberböden, dann Keller, Eisgrube und Holzlage, hat 3 ei gene Brünne, 2 Höfe, und einen eigenen Ka nal, dann 57 abgesönderte Zinswohnungen, Wein und Bierschanksgerechtigkeit.', 'Jn dem Markt Mödling ist das vorhin frey herrlich Rieschische Gebäude, in 5 Zimmern und einem Saale nebst Einrichtung, einer wohl bestellten Küche mit lebendigem Wasser, einem Zimmer für die Köchin, einer Speise, einem Bodenzimmer für Bediente, dann einem ab gesonderten Zimmer, Kammer und Küche, einem Theater, einem Baadzimmer und dar neben befindlichen Kabinette, einem Keller, Stallung auf 4 auch 8 bis 10 Pferde, einem Zier auch geräumigen Küchen und Obstgar ten mit mehrern Bassins bestehend, täglich in Bestand zu verlassen; wer demnach hiezu ein Belieben trägt, kann sich des mehrern bey dem auf der Wieden im goldenen Adler  85 wohnhaften Eigenthümer erkundigen, welcher allenfalls einem Bestandnehmer im erfoderlichen Falle auch noch mehrere Zimmer und Be quemlichkeiten einzuräumen erbietig  Zu Gräfendorf nächst Stockerau ist das wohl gebaute Schildwirthshaus zum goldenen Adler genannt  18 an der Poststrasse liegend täglich zu verkaufen; solches hat zu ebener Erde 6 Zimmer, im ersten Stock 5 Zimmer,nebst| 2 Kucheln und 2 Speisen, einen tiefen Keller auf 7 bis 800 Eimer, extra ein Krautkellerl, zu ebener Erde ein Kasten, in der Höhe 2 sehr grosse Schütt dann 2 grosse Heuböden, Stal lungen auf 80 Pferde, ein grosser Kuchel und Obstgarten, dann ein Grasgarten, worauf ein neuerbauter Stadel stehet, hiezu gehören 18 3 4 Joch Acker, 1 2 Tagwerk Wiesen, 2 4tel Krautgarten und 1 2 Joch Holz; wer diese Behausung zu kaufen Belieben trägt, hat sich bey dem Jnhaber daselbst anzumelden.', 'Zu Gumpendorf ist das Herrschaftshaus  26, an der Hauptstrasse, der Pfarrkirche gegenüber, täglich ganz oder zum Theil zu verlassen; selbes be steht zur ebener Erde in 3 Zimmern, 1 Kam mer, 2 Küchen, Speis, Holzgewölb, und Keller, im ersten Stock in 7 Zimmern, 1 Kammer, 1 Saal und Vorhaus, nebst einem grossen Garten, Stallung auf 7 Pferde, und Wagenschupfe, und ist sich deswegen bey der Frau Maria Anna Vo gel daselbst zu melden.| Wohnung und Garten zu verlassen, oder das Haus zu verkaufen.']"
10,9,382,9_pferde_pferd_pferden_zigeuner,"['pferde', 'pferd', 'pferden', 'zigeuner', 'roma', 'wägen', 'blessirt', 'stall', 'fuss', 'kutschen']","['Pferde.', 'Pferde.', 'Pferde.']"
11,10,378,10_ungarn_wasser_regen_schaden,"['ungarn', 'wasser', 'regen', 'schaden', 'kälte', 'wetter', 'schnee', 'wind', 'häuser', 'orten']","['unter die Noth leidenden austheilen lassen; einige Men schenfreunde in der Leopoldstadt, imLich tenthal und anderen Orten haben die Einwohner der überschwemmten Häuser während der Zeit des Wassers ernähret    Ungarn.', 'Wornach sich ein jeder vor Schaden zu hütten wissen wird.| Beschreibung der erschröcklichen Wassersnoth in Ober und Rieder Ungarn, wodurch besonders die Städte Pest und Ofen, unbeschreiblichen Schaden erlitten haben.| Erster Brief aus Pest vom  Hornung.', 'Sonsten hat man von Erlau in Ober Ungarn die betrübte Nachricht erhalten dass statt hier und fast überall in Oe sterreich und Ungarn den 31sten May gefallenen fruchtbaren Regens dortiger Gegend ein grosser Schauer gewesen wodurch die meisten Wein Gärten gros sen Schaden gelitten; und will man auch Nachricht haben dass zugleich in denen Berg Städten ein Spann tiefer Schnee gefallen welches auch um so viel mehr zu glauben weilen die Pfingst Feyertäg durch dahier eine zu dieser Zeit ungewöhnliche Kälte gewesen.| NOTIFICATION.']"
12,11,345,11_krankheit_er_griechen_seuche,"['krankheit', 'er', 'griechen', 'seuche', 'ihn', 'ihm', 'tod', 'türken', 'gestorben', 'sie']","['Die aus Franckreich der ansteckenden Seuche halber erhaltene Nachrichten geben durch gehends dass die Seuche an allen Orten von Provence und Languedoc völlig aufgehört und dass der Bischof von Marseille zur Dancksagung dass jene Stadt in welcher dieselbe so sehr ge wütet nunmehro davon befreyet seye das TeDeumLaudamus singen habe lassen; un terdessen fuhre man mit einer algemeinen Aus säuberung der Waaren noch immerhin fort und würden auch dann und wann einige Sei den Zeug und andere Gift fähige Sachen welche man bald hier bald dort entdeckte in das Lazaret geschicket.', 'Personen ermor der und solches im Brand gestecket  schon vom Leben zum Tod verurtheilet mithin die Execution folgender Gestalt vollzogen worden: es wurde derselbe aus dem Gefäg nuss auf einer Leiter mit einem Pferd bis auf den Gerichts Platz geschleppet und als er auf die Richts Bühne gebracht wurde ihme von dem Henker die rechte Hand abgehauen mit welcher er ihme einen Schlag in das Gesicht gegeben; diesemnach wurde der selbe auf ein Rad geleget und ihme zwey Stösse auf jeden Arm und Bein gegeben und nachdeme er eine Viertel Stund also gelegen hat man ihn mit der Bühne lebendig zu Aschen verbrennet.| Aus Russland.| Moscau  October.', 'Schon von Kindesbei nen an wurde er zur schwersten Handarbeit, gleich seinem Vater, der ein Bauer ware, gewöhnet, und ernährte sich bis in sein mitt leres Alter bey der hiesigen Tuchmacherwalk auf eine, wie leicht zu ermessen, sehr be schwerlich Art; und dennoch genosse er im mer einer vollkommenen Gesundheit, bis ihn endlich vor ungefähr  Jahren das Gesicht, und  Jahre darauf auch das Gehör ver liesse, dass ihm also nichts, als der Geschmack mehr übrig bliebe, den er auch bis zu seinen letzten Hauch beybehielte; als etwas beson deres ist hiebey zu bemerken, dass er öfters in seinen letzteren Jahren von einem so der ben Hunger geplaget wurde, dass er zuwei len wie ein Kind zu weinen anfienge, wenn ihme nicht gleich etwas zum Essen gereichet wurde.']"
13,12,343,12_deutschen_deutsche_buchhandlung_büchern,"['deutschen', 'deutsche', 'buchhandlung', 'büchern', 'bücher', 'folgende', 'buch', 'landkarten', 'sammlung', 'buchhändler']","['1782 7  30 | Jn der   Edlen  Ghelenschen Buchhandlung im deutschen Hause in der Singerstrasse sind nebst verschiedenen alt und neuen Büchern, dann Landkarten auch folgende zu haben: Quest ce que le Pape?', '4  Schmidts( Mich. Jgnaz) Geschichte der Deutschen, von den ältesten Zeiten, bis auf Karl den  4 Theile,   Ulm 1778—  9 | Jn der von Ghelenschen Buchhandlung in der Singerstrasse dem  Stephansthore über im  Mannerischen Hause  931 sind nebst vielen andern Büchern, Landkarten und Kupferstichen, auch folgende zu haben: Peter der Grosse.', '.| Ferner ist alda zu haben:| Jn der   Edlen Ghelenschen| Buchhandlung im deutschen Hause in der Singerstrasse sind nebst verschiedener.']"
14,13,337,13_schneid_schmid_müller_schlossergs,"['schneid', 'schmid', 'müller', 'schlossergs', 'schuhmach', 'schäferey', 'franz', 'contra', 'schönbrunn', 'scudi']","['Schneid.,   , beym weis.', 'Schneid.', 'Schneid.']"
15,14,300,14_hungarn_titl_fürstl_grundbuch,"['hungarn', 'titl', 'fürstl', 'grundbuch', 'adeliche', 'schlei', 'ordens', 'kreutz', 'hoch', 'diana']","['Gestern seynd in der Xaveri kapellen für die Hoch adeliche Stern kreutz ordens dame( Titl.)', 'Detto seynd in der grossen Hof kapelle für die hoch adeliche Stern kreutz ordens dame ( Titl.', 'Hof kapelle für die hoch adeliche Stern kreutz ordens dame( Titl.)']"
16,15,294,15_franzosen_frankreich_französischen_französische,"['franzosen', 'frankreich', 'französischen', 'französische', 'deutschen', 'pol', 'republik', 'paris', 'deutsche', 'juden']","['7)„ Die Französische Republik mache sich verbindlich, die Helvetische mit allem Salze, dessen sie bedarf aus ihren Salz werken in den Departements der Meurth, des Jura, und des Montblanc zu ver sorgen.” Der Preis des besagten Salzes, des sen Transport, die Orte und Zeiten, wo es ausgeliefert wird, sollen wenigstens alle zehn Jahre zwischen den von der Fran zösischen Regierung zur Ausführung aus ihren Salzwerken bestellten Bürgern und den von der Helvetischen Regierung ange stellten, festgesetzt werden, ohne dass der Preis dieses Salzes in den Salzwerken je den Preis, welchen die Französischen Bürger bezahlen, übersteigen dürfe, und ohne dass das verkaufte Salz je irgend einer von den Auflagen, mit denen man in Frankreich diese Ware etwann belegen könnte, unterworfen seyn solle.” 8)„ Zu Folge des vorstehenden Artikels entsagt Helvetien ausdrücklich allen Salz rückständen, auf die es noch zu Folge ehe mahliger Verträge, die zwischen Frank reich und den Kantonen statt fanden, Anspruch machen könnte, und macht sich verbindlich, jährlich in den Salzwerken wenigstens zweymalhundert und fünfzig tausend Zentner Salz zu nehmen.” 9)„ Die Bürger der Französischen Re publik sollen mit gehörigen Pässen verse hen die Helvetische Republik ab und zu bereisen können; es soll ihnen frey stehn, alle und jede Anstalten darin zu errichten, und alle von den Gesetzen erlaubte Gewer be auszuüben.” Jede Personen und Eigenthum sollen den Gesetzen und Gebräuchen des Landes unterworfen seyn.” 2867| Die Bürger der Helvetischen Republik sollen in Frankreich und in allen Besitzun gen der Französischen Republik, gleiche Rechte und unter gleichen Bedingungen geniessen.” ( Die Fortsetzung folgt.', 'Wenn man unter der Voraussetzung, dass keine Forderungen mehr nachkämen, auf alle diesseits arti kulirte Anträge, billige Erklärung erfolge, auch die Französischen Truppen von dem rechten Rhein Ufer alsbald abziehen wür den, sich endlich zu der so schmerzlichen Ueberlassung der Lande des linken Rhein ufers verstanden habe, und wenn man sogar auch noch gegen Wiederabtretung aller festen Punkte auf der rechten Rhein Seite und diesseits des Rheinthalwegs, die Schleifung der Festungswerke von Ehrenbreitstein(mitBezugaufdiein BetreffdiesesPlatzesbestehendeundeinst weilenzudessenVerproviantirungwieder herzustellende Waffenstillstands und kon venzionsmässige Verhältnisse) nachgegeben habe, so sey man überzeugt gewesen, al les erschöpft zu haben, was sich nur im mer mit der politischen Existenz und künf tigen Sicherheit des Deutschen Reichs ver einigen lasse.', 'Die ses Gleichgewicht findet fast niemahls, we der in der Natur der Dinge, noch in der respectiven Lage der Personen Statt, und wenn man sie auch in der gegenwärtigen Unterhandlung annehmen wollte, so ist es offenbar, dass daraus eine wesentliche Ungleichheit für die Französische Republik entstehen würde, die alsdann nicht allein einen beträchtlichen Theil der ihr gebüh renden verhältnissmässigen Genugthuung verlöhre, sondern auch durch die Wirkung dieser Wechselseitigkeit, in ihren Händen die Wichtigkeit der Vortheile vermindert sähe, die sie erhalten  Ein solches System verträgt sich mit keinem Frieden, am wenigsten dann, wenn man es mit dem Glanze der Französischen Waffen ver gleicht, und es kann folglich von Unter händlern, die Beurtheilungskraft, und Rechtschaffenheit besitzen, im Ernste nicht gerechtfertiget werden.” Ungeachtet dieser nothwendigen Bemer kungen, wollen die Unterzeichneten nicht in Abrede stellen, dass ihnen die Note der Reichs Deputazion einige Verbesserung der Lage der Dinge, und die glückliche obgleich zögernde Möglichkeit eines von beyden Nazionen mit Ungeduld erwarteten Ausschlags, darbiethet.Esscheintin der That, bey Prüfung dieser Note, dass alle, wenigstens die Hauptschwierigkeiten, sich jetzt auf 3 Punkte beschränken: 1) Sollen die Franzosen die befestigten Punkte Kehl und Cassel behalten, oder dem Deutschen Reich zurück geben?']"
17,16,289,16_gott_du_heil_euch,"['gott', 'du', 'heil', 'euch', 'pol', 'deinen', 'hungarn', 'ewigkeit', 'dir', 'göttlichen']","['dein Stul bleibt immer und ewiglich der Stab deines Reichs ist ein Stab der Billichkeit; auff dass Jhr demselben nachfolget und liebet Gerechtigkeit und hasset gottloses Wee „sen; dan darum hat Euch GOtt Euer GOtt gesalbet nach dem Exempel dessen den Er vor der Welt gesalbet hat mit dem Oel der Höhe mehr als seine Gesellen nem „lich unsers HErrn  Hierauff gaben Jhre Majestät den Zepter Reichs Apfel und das Schwerd den jenigen Herren Churfürsten oder denen Herren Gesandten die solche Reichs Jnsignien sonsten zuführen pflegen zu halten und bekleideten die Nürnbergische Herren Deputirte Dieselbe mit dem von dannen gebrachten Dalmatick und Kaiserlichen O ber Mantel Chur Maintz aber nebst den Herren  Assistenten namen die Kaiserliche Kron vom Altar und setzten solche samtlich Jhro Majestät auff das Haupt und sprache Chur Maintz nachfolgendes darüber: Nemethin die Reichs Kron welche Euch obwolen von unwürdigen jedoch Bi „schöflichen Händen alter Gewonheit nach auff das Haupt gesetzet wird: und wisset dass diese ausdrücklich bedeute ein herrliche Herrlichkeit und würckliche Tapferkeit ja dass Jhr dadurch auch unsers Geistlichen Dienstes theilhafftig werdet; dass gleich wie wir dem Jnwendigen nach Hirten und Regenten der Seelen seynd; also auch Jhr in ausswendigen Sachen ein wahrer Diener GOttes und bey aller Widerwärtigkeit ein tapferer Beschützer der Kirchen Christi und des von GOtt verliehenen Reichs seyn sollet; auch durch das Amt unsers Seegens so wir an statt der Apostel verrichten mit Zustimmung aller Heiligen allezeit geneigt verbleibet zu erspriesslicher Handha „bung des anvertrauten Regiments und zu nutzlicher Regierung; damit ihr unter den berühmten Kämpfern mit den Edelgesteinen der Tugend gezieret und mit der Belo „nung der ewigen Glückseeligkeit gekrönet mit unserm HErrn Erlöser und See „lichmacher JEsu Christ dessen Namen und Stell Jhr vertrettet ohne Ende frolo „cken möget der da lebet regieret und herrschet als ein HErr mit  Worauff die Umstehenden gesprochen: Amen.', 'Mess andächtig zu hören, in 12mo gebunden   Kern aller Gebetter, nämlich die Dank sagung gegen GOtt für alles Gute, und die Bitte zu GOtt um alles Gute, und die Fürbitt bey GOtt für alle Menschen, in 800 im Leder gebunden   Des menschlichen Lebens kleiner doch get rechter Spiegel, in welchem der sich be trachten, und glückselig seyn will, wird dreyer Sachen bald gewahr werden, wie er beschaffen, wie er nicht beschaffen, und endlichen wie er beschaffen seyn solle, wel ches alles in sich erfahren hat der Welt be rühmte Mann Ludovicus Blosius, in 24to gebunden   Christliche Verehrung deren sieben Haupt festen Mariä, verfasset von einem Priester der Gesellschaft JEsu, in 8vo gebunden   ungebunden   Geistliche Wochen, oder sieben Christliche Regeln, und wahrhafte Richtschnur, dar nach ein jeder Christ den ganzen, Tag hin durch sein Thun und Lassen nutzlich richten und anstellen solle, in  gebunden   Das goldene Kron gebett der vier und zwanzig Anbettungen des Allerheiligsten Hoch würdigen Sacraments des Altars, zu Er setzung aller Schmach und Unbilden, welche diesem hohen Geheimnuss durch die vier und zwanzig Stund des Tags und der Nacht widerfahren,zumTrostumssNutzenaller in GOtt andächtig ergebenen Seelen gegen diesen allerheiligsten Geheimnuss, allwo sol ches heraus gesetzet wird, gar nutzlich zu gebrauchen, in 12mo gebunden   Geistliche Betrachtungen, und dem Menschen zur Beförderung des Heils höchst nutz siche Erinnerung deren Eigenschaften GOt tes in Versen verfasset, in 8vo gebunden 12  Jn dem Augustin Bernardischen Buchhand lungs Gewölb bey der obern Jesuiten pforte gegen über seynd zu haben: Heilige Christ nacht metten, das ist: sonderbare| Audacht in der| heiligen Nacht hindurch, samt denen drey heiligen Messen, von Wort zu Wort, wie solche von denen Priestern gelesen werden; samt geistlicher Lesung von der Geburt JEsu Christi, nebst vorhergehenden Morgen wie auch zu End folgenden Vesper Beicht und Communion Gebettern in 8vò gebunden für   Herrn Gottscheds gesamte Welt weisheit darinnen alle Philosophische Wissenschaften in ihrer natürlichen Verknüpfung in zwey en Theilen abgehandlet werden, mit Kup fern 8 vò für  |   Mitttwoch anhang  December.', 'Mess audächtig zu hören,in12mo gebunden12kr Kern aller Gebetter, nämlich die Dank sagung gegen GOtt für alles Gute, und die Bitte zu GOtt um alles Gute, und die Fürbitt bey GOtt für alle Menschen, in 8vo im Leder gebunden   Des menschlichen Lebens kleiner doch ge rechter Spiegel, in welchem der sich be trachten, und glückselig seyn will, wird dreyer Sachen bald gewahr werden, wie er beschaffen, wie er nicht beschaffen, und endlichen wie er beschaffen seyn solle, wel ches alles in sich erfahren hat der Welt be rühmte Mann Ludovicus Blostus, in  gebunden   Christliche Verehrung deren sieben Haupt festen Mariä, verfasset von einem Priester der Gesellschaft JEsu, in 8vo gebunden   ungebunden   Geistliche Wochen, oder sieben Christliche Regeln, und wahrhafte Richtschnur, dar nach ein jeder Christ den ganzen Tag hin durch sein Thun und Lassen nutzlich richten und anstellen solle, im  gebunden 10  Das goldene Kron gebett der wer und zwanzig Anbettungen des Allerheiligsten Hoch würdigen Sacraments des Altars, zu Er setzung aller Schmach und Unbilden, welche diesem hohen Geheimnuss durch die vier und zwanzig Stund des Tags und der Nacht widerfahren, zum Trost und Nutzen aller in GOtt andächtig ergebenen Seelen gegen diesen allerheiligsten Gehemmuss, allwo sol ches heraus gesetzet wird, gar nutzlich zu gebrauchen, in 12mo gebunden kr Geistliche Betrachtungen, und dem Menschen zur Beförderung des Heils höchst nutz liche Erinnerung deren Eigenschaften GOtGOttes tes| tes in Bersen verfasset, in 8vo gebunben 12  Jn dem Augustin Bernardischen Buchhand lungs Gewölb bey der obern Jesuiten pforte gegen über seynd zu haben:  Heilige Christ nacht metten, das ist: sonderbare Audacht in der heiligen Nacht hindurch, samt denen drey heiligen Messen, von Wort zu Wort, wie solche von denen Priestern gelesen werden; samt geistlicher Lesung von der Geburt JEsu Christi, nebst vorhergehenden Morgen wie auch zu End folgenden Vesper Beicht und Communion Gebettern in 8 vò gebunden für   Herrn Gottscheds gesamte Welt weisheit darinnen alle Philosophische Wissenschaften in ihrer natürlichen Verknüpfung in zwey in Theilen abgehandlet werden, mit Kup fern 8 vò für   Bey dem Verleger des Wienerischen Diarii ist zu haben: Orbnung, wie das Heil.']"
18,17,288,17_genugsam_anforderungen_widrigen_verlassenschaft,"['genugsam', 'anforderungen', 'widrigen', 'verlassenschaft', 'bevollmächtigte', 'rechtens', 'sprüche', 'entweder', 'liquidiren', 'habende']","['Verlas senschaft einige Sprüche und Anforderungen ex quocunquetitulo zu stellen haben, an obbestimm ten Tag und Stund entweder selbst persönlich, oder durch genugsam bevollmächtigte Gewalttra gere also gewiss zu erscheinen, ihre Forderungen anzumelden, und selbe zu liquidiren haben, wie im widrigen gedachte Verlassenschaftsabhandlung dennoch vorgenommen den Testaterben das vor handene Vermögen eingeantwortet, auch sonsten was Rechtens ist exOfficio vorgekehret werden solle.', 'Solchemnach werden alle und jede, welche an gedacht Bormasdinischeu Verlassenschaft exquacunquecausaveltitulo Sprüch und An forderungen haben, oder zu haben vermeinen, an obbestimmten Tag und Stund vor Regierung in der daselbst zu solchem Ende offen haltenden Commissions stuben entweder selbst persönlich, oder durch hiezu genugsam gevollmächtigte Ge walt tragere also gewiss zu erscheinen, und ihr an solche Cridamassa habende Anforderungen anzumelden, auch zu Herstellung des erforderlich rechtlichen Beweistum ihre Schuld und Satz brief oder sonst habende Liquidationsurkunden und rechtliche Behelfe in beglaubten Abschriften einzulegen haben, wie im widrigen die Ausblei bende von gegenwärtiger Concurs massa gänzlich ausgeschlossen seyn, und ihnen diesfalls das ewige Stillschweigen auferleget, der nicht Liquidirende aber in der künftigen Classification mit seiner unerwiesenenAnforderung abgewiesen werden solle.', 'Verlassenschaft Sprüch und Anforderungen haben, oder zu haben vermeinen, persönlich, oder durch genugsam Bevollmächtigte am obgedachten Tag, Stund und Ort also gewiss erscheinen, ihre Sprüch anmelden, und zugleich der Ordnung nach behörig liquidiren; wie im widrigen die Ab handlung vorgenommen, hierüber exofficio re lationiret, denen Ausbleibenden aber das ewige Stillschweigen auferleget werden solle.']"
19,18,275,18_feuer_feuers_brunst_häuser,"['feuer', 'feuers', 'brunst', 'häuser', 'brand', 'flammen', 'asche', 'roma', 'geleget', 'rauch']","['Den  dieses Nachmittags um  Uhr ent stunde in dem Flecken Soligny eine Feuers brunst, und weil damals ein starker Nord wind wähete, so nahme das Feuer dergestalt über hand, dass in anderthalben Stunden die Ein wohner alle ihre Häuser in denen Flammen sa hen, und hierdurch wurden dieselbe in kurzer Zeit in die Asche geleget, indem von allen Gebäu den nichts als die Kirche und drey kleine Hüt ten übrig blieben.', 'Von Dorchester wird gemeldet dass in der am verwichenen Donnerstag da selbst entstandenen Feuers Brunst über  Häuser in die Asche geleget und   Familien in das gröste Elend gese tzet worden: der Wind ware bey diesem Unglück so heftig dass die brennende Kohlen allenthalben herum flogen und viele Leute welche das Feuer zu löschen herbey gekommen bey ihrer Zuruckkehr ihre Häuser und  Mobilien verzehret ge funden.', 'Gestern Nachmittag kam an  ver schiedenen Orten dieser Stadt Feuer aus, wo bey jedoch nur diejenigen Häuser, in denen das Feuer entstanden, den Flammen zu Theil wurden.']"
20,19,275,19_schweden_schwedische_stockholm_dänische,"['schweden', 'schwedische', 'stockholm', 'dänische', 'dänischen', 'schwedischen', 'dännemark', 'norwegen', 'koppenhagen', 'dännische']","['Dass vermög der Nach richt aus Schweden der General Lagercron samt andern Schwedischen Officiern von Lübeck zu Stockholm angelanget um das Schwe dische Corpo zucommandiren; welches die Russen beobachten solle so mit  Galeern vonAbo bereits dahin abgangen; da immittels Jh re Majestät der König von Schweden mit denen in Norwegen noch übrig gebliebenen Truppen und  frischen Regimentern auf dem Marsch nach Schonen begriffen; Jn besagtem Schweden solle wieder ein Auf boht geschehen und in jedem Hauss nur  Knechte verbleiben; Wie von Hannover verlaute wären von dar Jhre Gros Britannische Ma jestät Dero Hof die Trauer für Jhre Churfürstliche Durchleucht zu Pfaltz angeleget nach dem Pyrmonter Bad abgangen.', 'Dass zu Koppenhagen wäre der Stillstand zwischen Dänemark und Schweden geschlossen worden und solle derselbe den  Dito zu Koppenhagen: und den  in Schweden und Norwegen verkündet werden; Zu gedachtem Kop penhagen hätten Jhre Königlich Dänische Majestät die Garde zu Pferd welche der Cron Prinz als Haubt commandiret gemustert und den Obrist Löwenörn zum General Major ernent dessen Com pagnie aber von der Garde dem Herrn Obrist Samniz gegeben; Die Admiralität habe die Matrossen bezahlen: und die fremde abdanken: auch alle die in der See befindliche Kappers zuruckruffen lassen; Zu Berlin habe der Prinz Kurackin Jhro Preussischen Majestät den lez ten Schluss des Czaaren mit der Königin in Schweden einen Frieden zumachen eröfnet auch darwider protestiret wan Jhre Preussische Majestät höchstgedachter Königin bey Fortsetzung des Nordischen Kriegs einiges Volk zukommen lassen wolten.', 'Dass Vermög der Nachricht aus Schweden der Erb Prinz von Hessen Cassel das Königliche Parent als Generalissimus all in Schweden sich befindlicher Truppen zu Stockholm erhalten; Jn welcher Stadt ein grosse Bestürzung entstanden; Zeitung kommen; dass die Moscowitter nur noch  Meilen davor stünden; Wie von Koppenhagen die Nachricht eingelanget so Alliirte Flotta von dorten nach der Ost See ferners abgeseglet; welche mit seinen  Kriegsschiffen anzugreiffen der Schwedische Vice Admiral Lillie Befehl empfangen; es koste auch was es wolle; Jnzwischen aber habe man Englischer Seiten die Stadt Hamburg Brehmen und Lübeck erinnern lassen dass besagte Flotta darum kommen all ih re Schiffe in Schuz zunehmen und folglich ihnen die verlangte Sicher heit zur Wiederaufrichtung des See Handels auf allerhand Art und Weise zuverschaffen; wie aus Hollstein versichert werde so seye ein Theil von der Dänischen Armee schon bey Gadebusch ankommen von welche ein und zwar der gröste Theil nach Vor Pommern zu der Preussischen Arme stossen und folglichen gesamter Hand Stralsund belägern: der ander Theil aber Wismar einschliessen solle; aus welch lezter Vestung viel en mit Kriegs Gezeug noch Stralsund gesendet: und  Schwedische Regimenter ebenfalls dahin beordret worden; Zu besagtem Stral sund habe man den König von Schweden wieder essentlich geschē daselbs er all erdenklichs Gegen Anstalten einer besorglichen Belagerung zumachen beschäfftiget; weilen es doch scheine dass so bald aus dem Friede nichts werden därste; welchen der Französische Gesandter Marqui deCroissy,( dessen an Jhro Preussische Majestät abgelassenes Schrei ben samt der Antwert hierbey zusehē) mehrers verhindert als befördert Aus Mecklenburg werde gemeldet; dass Jhre Hochfürstl.']"
21,20,271,20_durchl_wilh_guardarobba_didak,"['durchl', 'wilh', 'guardarobba', 'didak', 'se', 'durchs', 'maut', 'sehen', 'zu', '']","['Durchl.', 'Durchl.', 'Durchl.']"
22,21,270,21_haus_haushälfte_haunoldisches_frassisches,"['haus', 'haushälfte', 'haunoldisches', 'frassisches', 'pamperlisches', 'jetzingerisches', 'hefeleisches', 'leichtlisches', 'hallbergisches', 'hofbaurische']","['Schokolade macher, hat sein bisheriges Gewölb im Moserischen Haus in der Bischofsgasse am Eck verändert, und es in ebendemselben Hause in das Kramer oder so genannte Hutstolpergassel verlegt.', 'Jn dem sogenannt von Schmerlingischen Haus  791 in der obern Bäckenstrasse, dem Uni versträtsgebäude gegenüber, ist ein geräumiges mit einer ordentlichen Haitze versehenes Gewölb von jetzt an, dann auf nächstkünftige Michaelizeit   3 grosse Gewölber auf die Hauptgasse heraus, wovon eines nebst grossen Handgewöl bern allererst zugerichtet wird, zu verlassen, und können sich Bestandlustige des näheren beym Hausmeister erkundigen.| Gewölber zu verlassen.', 'Jn dem sogenannt von Schmerlingischen Haus  791 in der obern Bäckenstrasse, dem Uni versitätsgebäude gegenüber, ist ein geräumiges mit einem ordentlichen Holtze versehenes Gewölb von jetzt an, dann auf nächstkünftige Michaelizeit   3 grosse Gewölber auf die Hauptgasse heraus, wovon eines nebst grossen HandgewölHandgewölberen beren allererst zugerichtet wird, zu verlassen, und können sich Bestandlustige des nätzeren beym Hausmeister erkundigen.| Gewölber zu verlassen.']"
23,22,269,22_majest_ma__,"['majest', 'ma', '', '', '', '', '', '', '', '']","['Majest.', 'Majest.', 'Majest.']"
24,23,250,23_anno_1730_wienn_biss,"['anno', '1730', 'wienn', 'biss', '1728', '1741', '1731', '1726', '1721', '1734']","['Jn   Anno 1730.', 'Anno 1730.', 'Anno 1730.']"
25,24,249,24_ac_cum_ad_ex,"['ac', 'cum', 'ad', 'ex', 'non', 'dominus', 'deutsche', 'nec', 'ut', 'thesaurus']","['Rumphii Herbarium Amboinense, plurimas complectens Arbores Fructices, Herbas, Plantas, Terrestres,& Aquaticas, quæquae in Amboina,& adjacentibus reperiuntur insulis accuratissime descriptio juxta ejus formas, cum diversis denominationibus, cultura, usu, ad virtutibus& cura Jo Burmanni,  tomi,   Amsterd.', 'Rumphii Herbarium Amboinense, plurimas complectens Arbores Fructices, Herbas, Plantas, Terrestres,& Aquatica, quæquae in Amboina,& adjacentibus reperiuntur insulis accuratissime descritlo juxta ejus formas, cum diversis denominationibus, cultura, usu, ac virtutibus& cura  Burmanni,  tomi,   Amsterd.', 'PretiosamesseSuperisvitamAugustæAugustae Imperatricis NostræNostrae,testaturnonmodo dies hæchaec, quæquae Sacratissimo Nomini ThereTheresiano siano sacra, hodie auspicato illuxit:verùm illa quoque DEI immortalis indulgentia, quâ alterum illum SilesiæSilesiae ocellum fortissifortissimum mum| mum Schweidnitzii munimentum, ad æteræternam nam Militis Austriaci gloriam,insoporatis velut hostibus, Marte tam facili captum, redditum legitima Principi,inquèfertum hæreditariarumhaereditariarumsuæsuaeMajestatisProvinciarum denuò colligatum,munusquasihodiernæhodiernae diei debitum, cælesticaelesti ope oblatum, MajeMajestati stati suæsuae redonatumque audimus.Vota proindè fideles suæsuae Majestati Status,& OrdiOrdines nes TransylvaniæTransylvaniae Universi:gaudiotam insigni jungimus:& AugustæAugustae Principi nonostræ stræstrae vitam, summa cum senectute saturam: triumphos spoliis, tropæisquetropaeisque hostium onuonustos stos: pacem laureis victricibus decotam: finesque Imperii ad utramquè solis domum, extremosquè Orientis,& Occidentis cardicardines nes porrectos:& AugustæAugustae Domui felicitafelicitatem tem in ultima sæculorumsaeculorum duraturam.']"
26,25,241,25_schätzung_dritten_zweyten_termin,"['schätzung', 'dritten', 'zweyten', 'termin', 'termine', 'darüber', 'ersten', 'bestimmt', 'weder', 'gebracht']","['Da nun hiezu 3 Termine, und zwar für den ersten der  Juni, für den zweyten der  Juli, und für den dritten der  August   mit dem Bey satz bestimmt worden, dass, wenn gedachte Behau sung weder bey dem ersten noch zweyten Termin um die Schätzung oder darüber an Mann gebracht werden könnte, solche bey dem dritten auch unter der Schätzung hindangegeben werden würde; so haben die Kauflustigen an obbestimmten Tagen früh um 9 Uhr vor dem Magistrate zu erscheinen.| Licit.', 'Da nun hiezu 3 Termine, und zwar für den ersten der  Juni, für den zweyten der  Juli, und für den dritten der  August   mit dem Bey satz bestimmt worden, dass, wenn gedachte Behau sung weder bey dem ersten noch zweyten Termin um die Schätzung oder darüber an Mann gebracht werden könnte, solche bey dem dritten auch unter der Schätzung hindangegeben werden würde; so haben die Kauflustigen an obbestimmten Tagen früh um 9 Uhr vor dem Magistrate zu erscheinen.| Licit.', 'Da nun hiezu 3 Termine, und zwar für den ersten der  Juni, für den zweyten der  Juli, und für den dritten der  August   mit dem Bey satz bestimmt worden, dass, wenn gedachte Behau sung weder bey dem ersten noch zweyten Termin um die Schätzung oder darüber an Mann gebracht werden könnte, solche bey dem dritten auch unter der Schätzung hindangegeben werden würde; so haben die Kauflustigen an obbestimmten Tagen früh um 9 Uhr vor dem Magistrate zu erscheinen.| Licit.']"
27,26,220,26_ungarn_stiftung_gebürtigen_präsentation,"['ungarn', 'stiftung', 'gebürtigen', 'präsentation', 'universität', 'studenten', 'schule', 'schulen', 'lehrer', 'deutschen']","['Ans der Pretterschneggerischen Stiftung für einen was immer für einen Stu dium obliegenden, von dem Markt Weisslichen in Obersteyermark gebürtigen, oder in deren Ermanglung für einen andern aus Steyermark gebürtigen Jüngling, welcher aber die vorläufi ge Präsenation von dem Marktgericht Weiss kirchen zu bewirken  Aus der Rosenbursischen Stiftung für einen Jungling aus der Kha romannischen Familie, oder in deren Abgang für einen von Korneuburg gebürtigen, und von dem alldasigen Stadtmagistrat presentirten Kna  Aus der Salzerischen Stiftung für 2 arme Studenten, nämlich einen aus der Stadt Steyer im Lande Oesterreich ob der Ens gegebürtigen 1683| bürtigen, welchen der Magistrat erstbemeldter Stadt zu presentiren hat, oder in dessen Abgang für einen aus Oedenburg in Ungarn gebürtigen weiters für einen von Waldhofen an der Ybbs in Oesterreich unter der Enns gebürtigen, von bemeldter Stadt presentirten Jüngling.', 'Ans der Pretterschneggerischen Stiftung für einen was immer für einen Stu dium obliegenden, von dem Markt Weisskirchen in Obersteyermark gebürtigen, oder in deren Ermanglung für einen andern aus Steyermark gebürtigen Jüngling, welcher aber die vorläufi ge Präsentation von dem Marktgericht Weis kirchen zu bewirken  Aus der Rosenbursischen Stiftung für einen Jüngling aus der Kha romannischen Familie, oder in deren Abgang für einen von Korneuburg gebürtigen, und von dem alldasigen Stad magistrat presentirten Kna  Aus der Salzerischen Stiftung für 2 arme Studenten, nämlich einen aus der Stadt Steyer im Lande Oesterreich ob der Ens ge bürtigen, welchen der Magistrat erstbemeldter Stadt zu presentiren hat, oder in dessen Abgang für einen aus Oedenburg in Ungarn gebürtigen, weiters für einen von Waldhofen an der Ybbs in Oesterreich unter der Enns gebürtigen, von bemeldter Stadt presentirten Jüngling.', 'Ans der Pretterschneggerischen Stiftung für einen was immer für einen Stu dium obliegenden, von dem Markt Weisskirchen in Obersteyermark gebürtigen, oder in deren Ermanglung für einen andern aus Steyermark gebürtigen Jüngling, welcher aber die vorläufi ge Präsentation von dem Marktgericht Weiss kirchen zu bewirken  Aus der Rosenbursischen Stiftung für einen Jüngling aus der Kha romannischen Familie, oder in deren Abgang für einen von Korneuburg gebürtigen, und von dem alldasigen Stadtmagistrat presentirten Kna  Aus der Salzerischen Stiftung für 2 arme Studenten, nämlich einen aus der Stadt Steyer im Landen Oesterreich ob der Ens ge bürtigen, welchen der Magistrat erstbemeldter Stadt zu presentiren hat, oder in dessen Abgang für einen aus Oedenburg in Ungarn gebürtigen, weiters für einen von Waidhofen an der Ybbs in Oesterreich unter der Enns gebürtigen, von bemeldter Stadt presentirten Jüngling.']"
28,27,214,27_persönlich_convoc_entweder_verlassenschaft,"['persönlich', 'convoc', 'entweder', 'verlassenschaft', 'hinlänglich', 'bevollmächtigten', 'ansprüche', 'früh', 'eingeantwortet', 'erscheinen']","['Zu diesem Ende haben all jene, welche rechtmässige Ansprüche an dieser Verlas senschaft zu machen vermeinen, den  Juli   früh um 10 Uhr selbst persönlich, oder durch einen hinlänglich Bevollmächtigten bey diesem Magistrat alsogewiss zu erscheinen, wie im widrigen diese Verlassenschaft ohne weitern ab gehandelt, und den sich legitimirenden Erben eingeantwortet werden würde.| Convoc.', 'Zu diesem Ende haben all jene, welche rechtmässige Ansprüche an dieser Verlas senschaft zu machen vermeinen, den  Juli   früh um 10 Uhr selbst persönlich, oder durch einen hinlänglich Bevollmächtigten bey diesem Magistrat alsogewiss zu erscheinen, wie im widrigen diese Verlassenschaft ohne weitern ab gehandelt, und den sich legitimirenden Erben eingeantwortet werden würde.| Convoc.', 'Zu diesem Ende haben all jene, welche rechtmässige Ansprüche an dieser Verlas senschaft zu machen vermeinen, den  Juli   früh um 10 Uhr selbst persönlich, oder durch einen hinlänglich Bevollmächtigten bey diesem Magistrat alsogewiss zu erscheinen, wie im widrigen diese Verlassenschaft ohne weitern ab gehandelt, und den sich legitimirenden Erben eingeantwortet werden würde.| Convoc.']"
29,28,214,28_gläubiger_denckscher_csamesiascher_kontischer,"['gläubiger', 'denckscher', 'csamesiascher', 'kontischer', 'bajanatischer', 'deimlinscher', 'währingerg', 'sattler', 'bondie', 'bürenscher']","[""Sattler's Gläubiger."", ""Sattler's Gläubiger."", ""Sattler's Gläubiger.""]"
30,29,212,29_anna_maria_seel_theresia,"['anna', 'maria', 'seel', 'theresia', 'elisabeth', 'ihr', 'dienstm', 'sophia', 'barbara', 'elisabetha']","['ihr  Maria Anna.', 'ihr  Maria Anna.', 'Maria Anna.']"
31,30,207,30_wochen_binnen_jahr_obligation,"['wochen', 'binnen', 'jahr', 'obligation', 'verlauf', 'sogewiss', 'legitimiren', 'tagen', 'ansprüche', 'nichtig']","['Es haben daher alle jene, welche an dieser Obligation was immer für Ansprüche zu machen vermeinen, sich binnen 1 Jahr, 6 Wochen und 3 Tagen vor diesem Magistrat soge wiss zu legitimiren, widrigens nach Verlauf die ser Zeitfrist gedachte Obligation für null und nichtig erkläret, und dem Eigenthümer eine neue ausgefertigt werden würde.', 'Es haben da her all jene, so an diese Obligation was immer für Ansprüche zu machen vermeinen sich, binnen 1 Jahr, 6 Wochen und und 3 Tagen vor diesen Ma gistrat sogewiss zu legitimiren, widrigens nach Ver lauf dieser Zeitfrist gedachte Obligation für null und nichtig erkläret, und dem Eigenthümer eine neue ausgefertiget werden würde.', 'Daher haben alle jene, die an diese Obligation was immer für Ansprüche zu machen vermeinen, sich binnen 1 Jahr, 6 Wochen und 3 Tagen vor diesem Magistrate sogewiss zu legitimiren; widrigens nach Verlauf dieser Frist gedachte Obligation für amortisirt erkläret, und kas sirt werden würde.']"
32,31,201,31_1000_5000_präm_10000,"['1000', '5000', 'präm', '10000', '6000', 'ungarn', '4000', '1500', '8000', 'letztelos']","['30000 à 500  1000 2 Präm.', '5000 à 50  100 2 Präm.', '1000.']"
33,32,192,32_effekten_schiegls_zinnerische_effecten,"['effekten', 'schiegls', 'zinnerische', 'effecten', 'prätiosen', 'wägen', 'batthyanische', 'pratiosen', 'wildische', 'hofmannische']","['Effekten.', 'Effekten.', 'Effekten.']"
34,33,190,33_alt_anna_mariah_dienstm,"['alt', 'anna', 'mariah', 'dienstm', 'theresia', 'rosalia', 'tagl', 'maria', 'böhmen', '56']","['alt 70  zu Mariah.', 'alt 26  Anna Klein, Dienstm.', 'Anna, alt 25  zu Mariah.']"
35,34,189,34_schuldigen_feilbietung_anlangen_geschätzten,"['schuldigen', 'feilbietung', 'anlangen', 'geschätzten', 'magistrate', 'gewilliget', 'wider', 'liegenden', 'bekannt', 'residenzstadt']","['Von dem Magistrat der   Haupt und Re sidenzstadt Wien wird hiemit bekannt gemacht: es sey auf Anlangen der Albert Schuwerkischen Er ben, in die Feilbietung des in diese Verlassenschaft gehörigen, auf 843o fl gerichtlich geschätzten, und in der Rossau liegenden Hauses  26 gewilliget worden.', 'Von dem Magistrate der   Haupt und Re sidenzstadt Wien wird hiemit bekannt gemacht: Es sey auf Anlangen des Sigmund  Mösz, unter Vertrettung   Jekel, wider die Johanna Leitner, wegen schuldigen 1400  in die Feilbie tung der von dem Hrn Philipp Grafen  Wurm brand an die Geklagte ausgestellten, auf die Früch te von dessen Fideikommissherrschaft Schiehleuten in Steyermark intabulirten Obligation  1500o  gewilliget und hiezu der  Oktober zum zwey ten, und der  November   zum dritten Ter min mit dem Beysaze bestimmt worden dass, wenn diese Obligation bey dem zweyten Termin um den Werth  15000  nicht an Mann gebracht wur be, dieselbe bey dem dritten auch unter der bemeld ten Summe hindangegeben werden würde; so ha ben die Kauflustigen an obbestimmten Tagen früh um 9 Uhr vor dem Magistrate zu erscheinen.', 'Von dem Magistrate der   Haupt und Re sidenzstadt Wien wird hiemit bekannt gemacht: Es sey auf Anlangen des Sigmund  Mösz, unter Vertrettung   Jekel, wider die Johanna Leitner, wegen schuldigen 1400  in die Feilbie tung der von dem  Philipp Grafen  Wurm brand an die Geklagte ausgestellten, auf die Früch te von dessen Fedeikommissherrschaft Schiehleuten in Steyermark intabulirten Obligation  15000  gewilliget, und hiezu der  Oktober zum zwey ten, und der  Novemder   zum dritten Ter min mit dem Beysatze bestimmt worden, dass, wenn diese Obligation bey dem zweyten Termin um den Werth  15000  nicht an Mann gebracht wur de, dieselbe bey dem dritten auch unter der bemeld ten Summe hindangegeben werden würde; so ha ben die Kauflustigen an obbestimmten Tagen früh um 9 Uhr vor dem Magistrate zu erscheinen.| Licit.']"
36,35,185,35_mittags_mittag_abends_böhmen,"['mittags', 'mittag', 'abends', 'böhmen', 'gestern', 'uhr', 'abend', 'tafel', 'mittagmahl', 'durchl']","['Noch gestern Nach mittags wurden dieselbe von einem Löbl.', 'Vor der Mittags tafel hatten des Kaiserl.', 'Es ware gestern, Vor mittags um  Uhr, als Jhro Königl.']"
37,36,184,36_blumen_tulpen_bäumen_weingärten,"['blumen', 'tulpen', 'bäumen', 'weingärten', 'baum', 'garten', 'gärten', 'sorten', 'türkische', 'schöner']","['Türkische Tulpen und sonst allerhand Art schöne Blumen.', 'Türkische Tulpen, und sonst allerhand Arten schöne Blumen.', 'Türkische Tulpen, und sonst allerhand Arten schöne Blumen.']"
38,37,176,37_graf_lamberg_carl_baron,"['graf', 'lamberg', 'carl', 'baron', 'herr', 'johann', 'invest', 'reichsgraf', 'perlas', 'choteck']","['Fürst von Lamberg.', 'Herr Ferdinand Graf von Lamberg  Titl.', 'Lamberg, Graf Johann.']"
39,38,165,38_churfürstl_chur_jhro_fürstl,"['churfürstl', 'chur', 'jhro', 'fürstl', 'churfürsten', 'wermsdorf', 'churfürstliche', 'churfl', 'mayntz', 'trier']","['Churfürstl.', 'Churfürstl.', 'churfürstl.']"
40,39,160,39_jhro_königl_nigl_jhrer,"['jhro', 'königl', 'nigl', 'jhrer', 'kö', 'jedenspeigen', 'geruheten', 'exspiriret', 'abends', 'koschnidin']","['Jhro Königl.', 'Jhro Königl.', 'Jhro Königl.']"
41,40,151,40_frantzosen_frantzösische_frantzösischen_frantzösis,"['frantzosen', 'frantzösische', 'frantzösischen', 'frantzösis', 'elsass', 'auss', 'frantzös', 'truppen', 'fran', 'frantzösisch']","['Mit Brieffen auss Coblentz vom  Augusti hat man dass die Frantzosen jüngsten einen so genannten Bäyrisch Ulmischen Streich dem Städtlein Bingen an der Nohe versetzen wöllen und schon  verkleyde Frantzosen mit Gewöhr darinnen gehabt welche zu gleicher Zeit als die Frantzosen dess Nachts das Städtlein an einem gewissen Orth anfallen würden dasige Wacht überrumpeln sollen; Es ist aber zu geschwind kundbar worden wegen einer Husaren Wacht so ungefehr selbige Nacht auff der Nohe Brucken gestanden und einen Schuss gethan worauff die in dem Städtlein befindliche  Frantzosen in Meynung ihre Cameraden wären vor dem Thor die Wacht angefallen seynd aber damit betrogen alle sauber entdecket und eingezogen worden.', 'Auch die Frantzosen biss 7000.', 'Die Frantzosen fangen an alle Spanische Guarnisonen aus denen Vestungen herauss zu ziehen und an Statt deren lauter Frantzosen hinein zu ziehen ja sie thun so gar alle Spa nische Gouverneurs ihres Commando entsetzen und in deren Platz gebohrne Frantzosen benennen wie dann dem MarquisdeBedmar als dermahligen Gou verneur von denen Spanischen Niederlanden sein Gouverno auch genommen und einem Frantzosen gegeben worden.']"
42,41,149,41_magistrate_haupt_residenzstadt_bekannt,"['magistrate', 'haupt', 'residenzstadt', 'bekannt', 'anlangen', 'sidenzstadt', 'sey', 'magistrat', 'wien', 'burgl']","['Von dem Magistrate der   Haupt und Residenzstadt Wien wird hiemit bekannt gemacht: Es sey auf Anlangen des Anton Weiss, burgl.', 'Von dem Magistrate der   Haupt und Residenzstadt Wien wird hiemit bekannt gemacht: Es sey auf Anlangen des Anton Weiss, burgl.', 'Von dem Magistrat der   Haupt und Residenzstadt Wien wird hiemit bekannt ge macht: es sey auf Anlangen des gerichtl.']"
43,42,148,42_hungarn_könig_boten_könige,"['hungarn', 'könig', 'boten', 'könige', 'königs', 'majestät', 'decret', 'königinn', 'königl', 'unterthanen']","['Um sich einiger Massen einen Begriff da von machen zu können, wollen wir hier her setzen, wie sie sich endigte:„ Er erinnerte, Lord Chatham habe in dem Anfang dieses Kriegs gesagt: er wollte es nicht auf sich nehmen zu erklären, dass wenn man das angenommene System nicht verlasse, Jhre Majestät Dero Krone verliehren könnten; allein dieses System würde Dero Angelegenheiten in einen so unglücklichen Zustand versetzen, und sie so zu Grund richten, dass die Krone nicht mehr so viel werth sey, um sie zu tra  Wir eilen, fügte der Graf hinzu, diesem Zustande mit starcken Schritten entgegen.” Er verlangte hierauf folgende Stellen in die Danksagungs Addresse ein zurücken: Wir werden uns ohne Zeitverlust bemühen,  Majestät solche Rathschlä ge zu Füsse zu legen, welche dahin ab zwecken, die Kräfte anzuspohren, die Waffen zu schärfen, und das Vertrauen aller Dero Unterthanen miteinander zu vereinigen.“ Die ganze Rede war über haupt schön, frey und verwegen, sie wurde mit Aufmerksamkeit angehört, beym Stimmen aber die Addresse so genehmigt, wie sie von den Freunden des Ministeri vorgeschlagen worden.', 'Es solle zwischen Jhrer Majestät der Kaiserin, Königin zu Hungarn, und Böheim, und Sr Allerchristlichsten Majestät, ihren Erben, Nachfol gern, Königreichen, Staaten, Provinzen, Ländern, Unterthanen, und Va sallen, ohne einiger Ausnahm, eine aufrichtige, und beständige Freundschaft und Vereinigung fürwalten.', 'Der gegenwärtige abgesönderte Artickul soll die nämliche Kraft haben, als wann er von Wort zu Wort in das heut unterzeichnete Verthei digungbündnüsswäreeingerücketworden Zu Beglaubiqung dessen haben Wir unterschriebene bevollmächtigte Ministere Jhrer Majestät der Kaiserin, Königin zu Hungarn und Böheim, und Seiner Allerchristlichsten Majestät gegenwärtigen abgesönderten Arti ckul unterzeichnet, und demselben Unsere Siegel beygedrucket.']"
44,43,141,43_summa_darunter_kind_personen,"['summa', 'darunter', 'kind', 'personen', 'person', 'kinder', 'juni', 'jn', '23', 'jnderstadt']","['Summa  Personen, darunter  Kind.| Nachricht.', 'Summa  Personen, darunter  Kind.| Den   Jn der Stadt.', 'Summa  Personen, darunter  Kind.']"
45,44,140,44_londen_britannien_brittannien_gross,"['londen', 'britannien', 'brittannien', 'gross', 'london', 'gros', 'auss', 'märz', 'aus', 'england']","['( Anhang zu   )  Julii.| Aus Gross Britannien.| Londen  Junii.', 'Auss Gross Britannien.| Londen  Julii.', 'Aus Gross Britannien.| Londen  Junii.']"
46,45,134,45_papier_gedruckt_schreib_ordinari,"['papier', 'gedruckt', 'schreib', 'ordinari', 'abwischpapier', 'regal', 'lettern', 'median', 'bogen', 'druckpapier']","['Ordinari zeitung papier.', '228| 1740. vorgetragen worden   auf Druk Papier im Fältzel    auf Schreib Papier mit vergoldtem Papier überzogen   auf Gross Schreib Papier    Es ist auch allda der Engl.', 'in fein Papier 2   dass.']"
47,46,132,46_foderung_verschuldeten_klage_forderung,"['foderung', 'verschuldeten', 'klage', 'forderung', 'förmlichen', 'wenn', 'klasse', 'berechtiget', 'gestalt', 'anmeldung']","['Da her wird jedermann, der an erstgedacht Ver schuldeten eine Foderung zu stellen berechtiget zu seyn glaubet, anmit erinnert, bis  Fe bruar 1786 die Anmeldung seiner Foderung in Gestalt einer förmlichen Klage wider den Herrn Doktor Karl Ferdinand Hinterberger, als Vertretter der  Georg Wahlerischen Konkursmasse, bey dem Magistrate alsogewiss einzureichen, und in dieser nicht nur die Rich tigkeit der Foderung, sondern auch das Recht, Kraft dessen er in diese, oder jene Klasse gesetzt zu werden verlangte, zu erweisen, als im wi drigen nach Verfliessung des erstbestimmten Tages niemand mehr angehöret werden, und jene, die ihre Foderung bis dahin nicht an gemeldet haben, in Rucksicht des gesammten im Lande   befindlichen Vermögens die eingangsbenannten Verschuldeten ohne Aus nahm auch dann abgewiesen seyn sollen, wenn ihnen wirklich ein Kompensationsrecht gebühr te, oder wenn sie auch ein eigenthümliches Gut von der Masse zu fodern hätten, oder, wenn auch ihre Foderung auf ein liegendes Gut des Verschuldeten vorgemerkt wäre, also, dass derley Gläubiger vielmehr, wenn sie etwa in die Masse schuldig seyn sollten, die Schuld ungehindert des Kompensations Eigenthums oder Pfandrechts, das ihnen an sonst zu statten gekommen wäre, abzutragen verhalten werden würden.| Convoc.', 'Daher wird jedermann, der an erstgedacht Verschuldeten eine Foderung zu stellen berechtiget zu seyn glaubet, anmit erinnert, bis  August   die Anmeldung seiner Foderung in Gestalt ei ner förmlichen Klage wider den   Neu bauer, als Vertretter der   Wargotschischen Konkursmasse, bey dem Magistrate alsogewiss einzureichen, und in dieser nicht nur die Rich tigkeit der Foderung, sondern auch das Recht, Kraft dessen er in diese, oder jene Klasse gesetzt zu werden verlangte, zu erweisen, als im wi drigen nach Verfliessung des erstbestimmten Tages niemand mehr angehöret werden, und jene, die ihre Foderung bis dahin nicht an gemeldet haben, in Rucksicht des gesammten im Lande   befindlichen Vermögens des eingangsbenannten Verschuldeten ohne Aus nahm auch dann abgewiesen seyn sollen, wenn ihnen wirklich ein Kompensationsrecht gebühr te, oder wenn sie auch ein eigenthümliches Gut von der Masse zu fodern hätten, oder wenn auch ihre Foderung auf ein liegendes Gut des Verschuldeten vorgemerkt wäre, also, dass derley Gläubiger vielmehr, wenn sie etwa in die Masse schuldig seyn sollten, die Schuld unge hindert des Kompensations Eigenthums oder Pfandrechts, das ihnen sonst zu statten gekom men wäre, abzutragen verhalten werden würden.| Erinnerung an  Grafen   Dzierbitzki.', 'Daher wird jedermann, der an erstgedacht Verschuldeten eine Foderung zu stellen berechtiget zu seyn glaubet, anmit erinnert, bis letzten May dies Jahrs die Anmeldung seiner Foderung in Gestalt einer förmlichen Klage wider den   Voith, als Vertretter der diesfälligen Konkursmasse, bey diesem Magistrate alsoge wiss einzureichen, und in dieser nicht nur die Richtigkeit dieser Foderung, sondern auch das Recht, Kraft dessen er in diese oder jene Klasse gesetzt zu werden verlangte, zu erwei sen; als im widrigen nach Verfliessung des erstbestimmten Tages niemand mehr angehört werden, und jene, die ihre Foderung bis dahin nicht angemeldet haben, in Rucksicht des gesammten im Lande   unter der Enns befindlichen Vermögens des eingangs benannten Verschuldeten ohne Ausnahm auch dann abgewiesen seyn sollen, wenn ihnen wirklich ein Kompensationsrecht gebührte oder wenn sie auch ein eigenthümliches Gut von der Masse zu fodern hätten, oder wenn auch ihre Foderung auf ein liegendes Gut des Verschuldeten vorgemerkt wäre, also, dass derley Gläubiger vielmehr wenn sie etwa in die Masse schuldig seyn sollten, die Schuld ungehindert des Kompensations Eigenthums oder Pfandrechts das ihnen sonst zu statten gekommen wäre, abzutragen verhalten wer den würden.| Konkurs der Sara Pschatze.']"
48,47,132,47_montag_sonntag_montags_dienstag,"['montag', 'sonntag', 'montags', 'dienstag', 'mittwoch', 'vormittags', 'kaiserl', 'dienstags', 'sonntags', 'verwichenen']","['Sonntag den 20 Junii, Vormittags ha ben beede Kaiserl.', 'Montag und Dienstag den  und Julii Haben Seine Durchl.', 'Sonntag, den  Julii, Vormittags haben beede Kaiserl.']"
49,48,128,48_wein_weine_weinm_weinmostes,"['wein', 'weine', 'weinm', 'weinmostes', 'weinfässer', 'weinen', 'fässer', '36', 'emer', 'güte']","['Wein.', 'Wein.', 'Wein.']"
50,49,126,49_kauflustige_licit_deutsche_früh,"['kauflustige', 'licit', 'deutsche', 'früh', 'einzufinden', 'uhr', 'amtskanzley', 'obbestimmten', 'erscheinen', 'daher']","['bestimmet ist, als belieben die Kauflustige an diesem Tag früh um 9 Uhr in der alhiesigen Amtskanzley zu erscheinen.| Licit.', 'Kauflustige haben demnach an obbestimmten Tag früh um 9 Uhr in der Be hausung daselbst sich einzufinden.| Licit.', 'Haben daher die Kauflustige an den bestimmten Tägen früh um 9 Uhr in hiesiger Amtskanzley zu erscheinen.| Licit.']"
51,50,123,50_lotterie_losse_classe_looss,"['lotterie', 'losse', 'classe', 'looss', 'loose', 'gewinne', 'lossen', 'capital', 'lotterien', 'class']","['Heute ist die Lotterie gezogen wor den und seynd die Lossen     und  heraus gekommen.', 'fl 32     Das Publicum sich aber bey diesen neuen Lossen an der dabey angemerkten Bedingung gestossen dass man für die Capital   Gewinne so auf solche Losse fal len würden dergleichen neue Losse von der Lotterie   Cammer ausgeben wolte und sich dahero viele geförchtet wann sie einen grossen Gewinn ziehen möchten dass sie alsdann gar zu viel Losse bekommen würden die sie nicht continuiren kön ten; als ist diese Condition hiemit dahin restringiret dass aller kleiner  CapitalCapitalGewinnGewinn Uberschuss jederzeit baar bezahlet für der grossen Capital   Gewinne von 5000  und darüber ihren Uberschuss aber solle dem Jnhaber frey stehen ob er dergleichen kleine Losse zu der nachfolgenden Lotterien   Preis angerechnet oder so viele Frey Losse per   zu demselbigen  Quartal, darinnen die Gewinne gezo gen worden mit  Interesse renoviretalpari annehmen und den Uberschuss der nicht völlig   austräget baar empfangen will; Die  und   Gewin ne werden wie auf anderen Lossen bey der neuen Renovation selbiger Losse in Zahlung angenommen das Ubrige hinaus bezahlt.', '5to durch einen auf diese Losse fallenden grossen Capital   Gewinn zutra gen solte dass durch selbigen nicht allein das bis dahin auf sammentliche Los se schuldig gewordene Interesse( verstehe bis die Losse auch zur nechstefolgen den Lotteriecontinuiret  continuiretfrey werden) völlig getilget würde sondern auch noch ein Uberschuss verbleibete so solle solcher Uberschuss   nicht baar hin aus bezahlet sondern auf beliebige Losse bis   in Capital   Einlagen per jedes Loss gutgeschrieben werden: der Jnnhaber selbiges Scheins aber solches in seinem Faveur nur von denen auf der Mariage seyenden Lossen hat ver standen wissen und den Uberschuss baar hinaus haben wollen welches ihme doch von der Lotterie keines weges als perFaveur hat zugestanden werden können: als erkläret sich hiemit die Lotterie   Cammer dahin nähers dass es bey denen kla ren  Pactis, wann künftig ein solcher Glüks Fall kommen solte sein Verbleiben haben solle und müsse nemlich dass wann die Mariage ihre Losse alle frey ge machet und der Jnhaber keine andere beliebige Losse frey zu machen bringen kön te oder wolte sodann der hinaus fallende Uberschuss   nicht baar hinaus bezahlet sondern in beliebigen bey der Lotterie vorhandenen Frey Lossen á   Creditoalpari gerechnet und bis zu denen  Lotterien darinnen der Gewinn gezogen worden mit Interesserenoviret vergütet und abgeführet wer den solle.']"
52,51,119,51_septemb_september_vornehmung_septembr,"['septemb', 'september', 'vornehmung', 'septembr', 'ende', 'sept', 'unvorher', 'angekündig', 'nun', 'compassschreiben']","['DEn  Septemb.', 'Den  Septemb.', 'Den  Septemb.']"
53,52,117,52_violon_pour_clavecin_violoncelle,"['violon', 'pour', 'clavecin', 'violoncelle', 'violonc', 'alto', 'le', 'flute', 'violons', 'sonate']","['1  30  Haydn 1 Trio pour le Clavecin avec un Violon& Violoncelle.', '1  30  Haydn 1 Trio pour le Clavecin avec un Violon& Violoncelle.', '1  30  Haydn 1 Trio pour le Clavecin avec un Violon& Violoncelle.']"
54,53,116,53_burgerl_burgersp_mayrberger_gewest,"['burgerl', 'burgersp', 'mayrberger', 'gewest', 'michael', 'heldt', 'johann', 'frantz', 'jodok', 'glockengiesserinn']","['und Burgerl.', 'Burgerl.', 'burgerl.']"
55,54,115,54_römischen_rom_dalmatien_hungarn,"['römischen', 'rom', 'dalmatien', 'hungarn', 'römis', 'römisch', 'conclave', 'römer', 'röm', 'erwählten']","['Eben Heut ware dahier mit Briefen für den Kaiserlichen Hof ein Currier aus Rom angelanget; Womit man unter anderen hier beykommende Continuation des Berichts von deme was nach dem Eintrit desS.Collegii in das Conclave zu Rom und während des sen vom  bis  April 1721. merkwürdig sich alda zugetragen erhalten Sant der Beyfügung wie nemlichen der PrencipeBorghese sehr sich er freuet als demselben der Kaiserliche  Secretarius, Herr  Malanoth des Cal des, auf ein von Wien den  dieses erhaltenen Currier die höchstangeneh me Nachricht überbracht dass Jhre Römisch Kaiserlich und Königlich Catholische Majestät hochgedachten  Prencipe pro interim, da Jhre Eminenz der Herr Cardinal und Bischof zu Olmütz in dem Conclave zu besagtem Rom sich befinden werden zu Dero Vice König in Neapel Allergnädigst ernent hätten; Wie dan um nächstens sich dahin verfügen zukönnen dieser inzwischen neuernente Vice König ein statlicher Equippage verfertigen lasse: Sonsten langten noch immer die Herren Cardinäl nach und nach zu Rom an; Jmmassen auch der Herr Cardinal Borromei aus Mailand den  dieses; der Cardinal Alberoni aber aus Genua daselbsten er sich eine Zeitlang ganz in der Still und unbekanter Weiss aufgehalten den  Dito vorher ange kommen und in das Conclave getretten: Bey welchem Eintrit wie bey der Ankunft fast das halbe Rom zusammen geloffen um diesen Cardinal Alberoni ansichtig zu werden.', 'Von der Römischen Kaiserl.', 'Hof Jhrer Majestät der Verwittibten Römischen Kayserin auch gekrönten Königin zu Hungarn Dalmatien Croatien und Sclavonien.']"
56,55,115,55_königl_möstl_kopp_kugler,"['königl', 'möstl', 'kopp', 'kugler', 'und', 'consortes', 'andrä', 'appell', 'krems', 'bedient']","['und Königl.', 'und Königl.', 'und Königl.']"
57,56,113,56_königl_xxxandem_kolonins_gxxxllxxx,"['königl', 'xxxandem', 'kolonins', 'gxxxllxxx', 'jglau', 'hochwürden', 'kön', 'titl', 'dienst', 'majest']","['königl.', 'königl.', 'königl.']"
58,57,111,57_gebeth_carolivi_päpstl_pragæpragae,"['gebeth', 'carolivi', 'päpstl', 'pragæpragae', 'französ', 'pont', 'fränkis', 'polnis', 'frederic', 'gertr']","['Gebeth.', 'Gebeth.', 'Zu Ende verwichener Woche ist ein unse riges Kauffardey Schif in  Tagen von Corfù, nachdeme es auf der Reise sehr viel ausgestanden alhier eingeloffen; der Capi tain hat nichts anders berichtet als dass man an allen Orten wo er er sich aufgehal ten der vollkommnesten Gesundheit genies se und dass der General  Proveditor Diedo sich dermalen mit allen Schiffen und Galeren zu Corfù befinde.| Aus Gross Britannien.| Dublin  Martii.']"
59,58,110,58_rathstag_behandlung_sässen_abzuwarten,"['rathstag', 'behandlung', 'sässen', 'abzuwarten', 'folglich', 'kaufen', 'willens', 'amtsschreiber', 'verhindernissen', 'halber']","['Da nun zu diesem Ende der  April   bestimmet  So haben diejenige, welche das gedachte Haus zu kaufen Willens sind, an dem bestimmten Tage, oder da wir anderer Verhindernissen halber diesen Tag nicht zu Rath sässen, den nächst darauffolgenden Rathstag fruh um 8 Uhr vor uns zu erscheinen, und sich bey unserm und gemeiner Stadt Grundbuch durch den Amtsschreiber anmelden zu lassen, folglich der weitern Behandlung abzuwarten.', 'Da nun zu diesem Ende der Juni dies Jahrs bestimmet  So haben diejenige, welche das gedachte Haus zu kaufen willens sind, an den bestimmten Tage, oder da wir anderer Verhindernissen halber diesen Tag nicht zu Rath sässen, den nächst darauf folgenden Rathstag früh um 8 Uhr vor uns zu erscheinen, und sich bey unserer und gemeiner Stadt Pupillenraitkammer durch den Amtsschreiber anmelden zu lassen, folglich der weitern Behandlung abzuwarten.| Von des löbl.', 'Da nun zu die sem Ende der  des Monats Juli dies Jahrs bestimmet  So haben all diejenige, welche das gedachte Haus zu kaufen Willens sind, an den bestimmten Tag, oder da wir diesen Tag anderer Verhindernissen halber nicht zu Rath sässen, den nächst darauf folgenden Rathstag früh um 8 Uhr vor uns zu erscheinen, und sich bey unserm und gemeiner Stadt Grundbuch durch den Amtsschreiber anmelden zu lassen, folglich der weitern Behandlung abzuwarten.']"
60,59,108,59_französ_französischen_französis_französische,"['französ', 'französischen', 'französis', 'französische', 'übersetzt', 'franzosen', 'frankreich', 'franzö', 'französischer', 'satyrischen']","['Die Französ.', 'Ein Französ.', 'Aus dem Französ.']"
61,60,106,60_wenn_masse_verschuldeten_gut,"['wenn', 'masse', 'verschuldeten', 'gut', 'schuldig', 'kompensationsrecht', 'abzutragen', 'vorgemerkt', 'vermögens', 'pfandrechts']","['befind lichen Vermögens benannten Verschuldeten, ohne Ausnahme, auch dann abgewiesen seyn sollen, wenn ihnen wirklich ein Kompensationsrecht gebührete, oder wenn sie auch ein eigenes Gut von der Masse zu for dern hätten, oder wenn ihre Forderung auf ein lie gendes Gut des Verschuldeten vorgemerkt wäre, also, dass derley Gläubiger, wenn sie etwa in die Masse schuldig seyn sollten, die Schuld ungehindert des Kompensations Eigenthums oder Pfandrechts, das ihnen sonst zu statten gekommen wäre, abzutragen würden verhalten werden.| Konkurs der Gläubiger des Nicola Dobrass.', 'un ter der Enns befindlichen Vermögens des Eingangs benannten Verschuldeten, ohne Ausnahme, auch dann abgewiesen seyn sollen, wenn ihnen wirklich ein Kompensationsrecht gebührete, oder wenn sie auch ein eigenthümliches Gut von der Masse zu fordern hätten, oder wenn auch ihre Forderung auf ein liegendes Gut der Verschuldeten vorge merket wäre, also, dass derley Gläubiger vielmehr, wenn sie etwa in die Masse schuldig seyn sollten, die Schuld ungehindert des Kompensations Eigen thums oder Pfandrechts, das ihnen sonst zu stat ten gekommen wäre, abzutragen verhalten werden würden.| Konkurs des Michael Lubi.', 'befindlichen Vermögens des Eingangs benannten Verschuldeten ohne Ausnah me, auch dann abgewiesen seyn sollen, wenn ih nen wirklich ein Kompensationsrecht gebührte, oder wenn sie auch ein eigenes Gut von der Massen zu fordern hätten, oder wenn ihre Forderung auf ein liegendes Gut des Verschuldeten vorgemerkt wäre, also, dass derley Gläubiger vielmehr, wenn sie etwa in die Masse schuldig seyn sollten, die Schuld ungehindert des Kompensations Eigen thums oder Pfandrechts, das ihnen ansonsten zu statten gekommen wäre, abzutragen verhalten werden würden.| Konkurs des Wenzl Winglau, Von der fürstl.']"
62,61,106,61_amburgo_msi_7ne_140,"['amburgo', 'msi', '7ne', '140', 'londra', '138', '1023', '1493', 'stna', '30']","['140 12 140 14  6,7ne  Amburgo .', '140 14  6,7ne  Amburgo .', '138 34 138 12  6,7ne  Amburgo ..141 140 12  2,msi  Londra LStna 37  2,msi  Parigi   Torse.']"
63,62,105,62_kayserl_zigeuner_ungarn_heute,"['kayserl', 'zigeuner', 'ungarn', 'heute', 'kay', 'kays', 'brieffen', 'serl', 'auff', 'regierenden']","['Der Kayserl.', 'der Kayserl.', 'Der Kayserl.']"
64,63,105,63_trompeten_paucken_trompeter_schall,"['trompeten', 'paucken', 'trompeter', 'schall', 'music', 'pauken', 'paucker', 'pau', 'garde', 'hören']","['Hof Music unter Trompeten und Paucken Schall wie auch dreymaliger Salve derer sammtlichen Stücken abgesungen.', 'Nachdem hierauf das Zeichen zum Mittag mahl mit dem Trompeten und Paucken schall gegeben worden, begaben sich  Hochfürstl.', 'Herr Ferdinand unter Trompeten und Paucken ge halten.']"
65,64,104,64_kupf_kupfer_kupfern_theile,"['kupf', 'kupfer', 'kupfern', 'theile', '48', 'carlsruhe', 'gestochene', 'auflage', 'nämliche', 'tafeln']","['mit Kupf.', 'mit Kupf.', 'Mit Kupf.']"
66,65,102,65_türken_kroatien_osmanen_bosnien,"['türken', 'kroatien', 'osmanen', 'bosnien', 'türkischen', 'türkische', 'persien', 'ottomannischen', 'janitscharen', 'aga']","['Türken durch die Venetianer getödet worden.', 'Werth den Türken hinweggenommen.', 'Es sind  Türken dabey geblieben.']"
67,66,101,66_griechen_1756_actum_1764,"['griechen', '1756', 'actum', '1764', 'wien', 'juden', '1755', '1759', 'edict', '1754']","['Actum Wien den  Augusti 1759.', 'Actum Wien den  Martii 1764.', 'Actum Wien, den  Junii 1756.']"
68,67,99,67_1796_amort_may_wien,"['1796', 'amort', 'may', 'wien', '1783', 'citat', 'april', '1791', 'neustadt', 'neugra']","['Wien den  May 1796.| Amort.', 'Wien den  May 1796.| Amort.', 'Wien den  May 1796.| Amort.']"
69,68,98,68_novemb_november_monats_künftigen,"['novemb', 'november', 'monats', 'künftigen', 'donnerstag', 'eodem', 'samstag', 'novembr', 'juraments', 'nals']","['DEn  Novemb.', 'Den  Novemb.', 'Den  Novemb.']"
70,69,97,69_gräfl_reis_gräst_verwalteramte,"['gräfl', 'reis', 'gräst', 'verwalteramte', 'ortsgerichte', 'verwalteramt', 'amtskanzley', 'aehern', 'reiswagen', 'reisingerin']","['Von dem gräfl.', 'Von dem   der gräfl.', 'Von dem     .der gräfl.']"
71,70,97,70_alt_79_versorgh_80,"['alt', '79', 'versorgh', '80', '75', '78', '70', 'allg', '71', 'siechenh']","['alt 75  alle 9 im allg.', 'alt 75  alle 7 im allg.', 'alt 79  alle 8 im allg.']"
72,71,97,71_25_joseph_johann_böhmen,"['25', 'joseph', 'johann', 'böhmen', 'anton', 'franz', '424', 'guld', '430', 'krug']","['Robitscher.....–20 Selterwasser....–45 Pyrmonterwasser....110 Eger Sauerbrunn, grosser Krug.–48 – – – kleiner detto.–33 Saldschitzer Birterwasser,grosserKrug–20 ––––kleinerdetto–13 Billiner Sauerbrunn,grosserKrug–18 ––––kleinerdeto–12 Füreder –....–20 Freudenthaler –...–24 Sternberger –....–20 Sedlitzer Bitterwasser...–18 Jn diesem Verschleissgewölbe, welches sich durch promte Bedienung, und Aechtheit der Wässer, durch unzäblige Jahre vorzüglich ausgezeichnet hat, kömmt den Abnehmern noch der besondere Vortheil zu statten, dass jeder nicht ächte oder ungenussbare Krug oder Flasche, welches bey all möglicher Sorgfelt doch nicht vermieden werden kann, wieder zurück genommen, und gegen einen andern ohne Anstand ausgewechselt wird.', 'Als:   Robitscher.....–20 Selterwasser....–45 Pyrmonterwasser....110 Eger Sauerbrunn, grosser Krug.–48 – – – kleiner detto.–33 Saldschitzer Birterwasser,grosserKrug–20 ––––kleinerdetto–13 Billiner Sauerbrunn,grosserKrug–18 ––––kleinerdeto–12 Füreder –....–20 Freudenthaler –...–24 Sternberger –....–20 Sedlitzer Bitterwasser...–18 Jn diesem Verschleissgewölbe, welches sich durch promte Bedienung, und Aechtheit der Wässer, durch unzäblige Jahre vorzüglich ausgezeichnet hat, kömmt den Abnehmern noch der besondere Vortheil zu statten, dass jeder nicht ächte oder ungenussbare Krug oder Flasche, welches bey all möglicher Sorgfelt doch nicht vermieden werden kann, wieder zurück genommen, und gegen einen andern ohne Anstand ausgewechselt wird.', 'Gewerbsleute zu  Pölten.1150— Konrad Eiffel,Schuhmacher2— Frau Maria Antonia Gräfin  Erdödy.300— Paul Anton Rejne,Handelsmann260— Thomas Herzog,Frauenputzhandler12— Joseph Wassauer,Haubenmacher6— Joseph Tränker,Hausmeister4— Jakob Oescher,Tabackkramer4— Johanna Rothin,Hebamme12— TheresiaAdler10— Elisabeth Lessacher, Professorswittwe.16— MariaAnnaKerschbaumer24— BarbaraKramerin8624 Franziska Bleichenbach,Handarbeiterin1— Wolfgang Mayer,Wäscher4— Franz Hupmann,Kammmacher2— Sebastian Hochenauer,Milchmann2— Thomas Schweiger,Zahnarzt1— Johann Klar,Fragner2— Konrad Kuschel,Weber1— Joseph Adam,Musikus2— Felix Puechner,Wirth4— Michael Rostenth,Schneider2— Lorenz Stoflitz,Büchsenschiftergesell1— Nikolaus Gleisser,deto1— Joseph Rössler,Webergesell1— Joseph Weber,Hauskanzellist6— Franz Matschack,Kirschner2— Joseph Segel,Perlschlager2— Thomas Weigel,Wirth12— Johann Wagner,Chyrurgus2— Georg Pöschel,Schneider2— Johann Rauter,deto2— Johann Schlegel,deto2— Nikolaus Mascheck,Greissler2— Johann Georg Schram,Pikeemacher4— Anton Holzmüller,Lehrer3— Anna Bayerin,Handarbeiterin2— Franz Glaser,Sollicitator12— Joseph Holl,Hofgeflügelmayer72— Joseph Sticker,Baadmeister6— Juliana Anstein,Schuhmacherswittwe8— Die bürgl.']"
73,72,96,72_kais_serl_kai_regierende,"['kais', 'serl', 'kai', 'regierende', 'beede', 'kainzischer', 'rialisten', 'proprodiga', 'mate', 'jhro']","['Kais.', 'Kais.', 'Kais.']"
74,73,96,73_rathen_darum_sie_an,"['rathen', 'darum', 'sie', 'an', '', '', '', '', '', '']","['§.', '§.', 'darum rathen sie an §.']"
75,74,96,74_ungarn_juden_hungarn_erben,"['ungarn', 'juden', 'hungarn', 'erben', 'abwesend', 'verstorbenen', 'herrschaft', 'hiemit', 'johann', 'platzerischen']","['Von der   Herrschaft Eckhartsau und Ess ling wegen, wird hiemit der vor mehr als 30 Jahren in Ungarn verreisten Maria Anna Michlerin, zu Eckhartsau gebürtig, und dem vermuthlich vor 40 Jahren in das Soldatenle ben gerathenen Mathias Pinselirsch von Mans dorf, beede in   gebürtig, oder allen falls derselben ehelichen Descendenten kund und zu wissen gemacht, dass für diesen 47  27  3 , und für jene 54  1  Erbschaftsgel der ausfindig gemacht worden, und derselben Seitenerben auf die Zutheilung dringen.', 'Von des k  im Erzherzogthum Oesterreich unter und ob der Ens, dann in den Vorlan den bestellten      wegen, wird hiemit kund gemacht: Man habe nöthig be funden, alle jene vorzuladen, und einzuberu fen, die an die Verlassenschaft der im Julio 1735 zu Grosswardein in Ungarn abintestato ledigen Standes verstorbenen   Proviantver walters Tochter, Maria Gredelina Rainerin, einige Erbssprüche, oder andere Forderungen haben, oder zu stellen vermeinen.', 'Nachdeme nun bey damals vorgenommener gedacht Johann Michael Pauschischen Vermögensvertherlung sich gezeiget, dass der jüngste Bruder Namens Friderich Pausch, vorhin allhier gewesener Burger und Riemer meister, allschön Landabwesend, und von die sem weiters nichts bekannt gewesen, als dass er ohngefehr vor 30 Jahren mit seinem Ehe weib hieher gekommen, und nach einen kurzen Aufenthalt sich mit solcher vom hier wiederum hinweg, und dem Vernehmen nach, nacher J talien, dann von da aus wieder zurück in das Königreich Ungarn begeben haben soll, seitde me aber von seinem weitern Aufenthalt, Leben oder Todt nicht das mindeste mehr hören insinssen| sen, weswegen zwar der ihme zugefallene brü derliche Erbantheil der obrigkeitlich bestellten Vormundschaft zur behörigen Verrechnuug über geben worden, gegenwärtig aber nur bemeldt Friderich Pauschens nächste Anverwante, um Extradirung desselben geziemend angestanden, welches zu thun man auch von hiesigen Stadt magistrats wegen nicht ungeneigt ist; als wird vor allen oftbemeldten Friderich Pausch hiemit in öffentlichen Zeitungsblättern kund und zu wis sen gethan, auch edittaliter vorgeladen, dass sel ber oder allenfalls dessen Leibeserben in Zeit 3 Monaten peremptorieadato angerechnet, als nämlich das  Monat vor den ersten, das  Monat vor den zweyten, und das  Monat vor den dritten Termin, entweder in Person, oder durch einen legitimen Anwald auf hiesigen Rathhaus erscheinen, und den be troffenen Erbtheil erheben, oder in Entstehung dessen gewärtigen solle, dass solcher den näch sten Anverwanten ergacautionemextradiret werde.']"
76,75,94,75_july_augusti_maynstrom_august,"['july', 'augusti', 'maynstrom', 'august', 'dienstag', 'montag', 'spannien', 'sonntag', 'mailand', 'augustmonat']","['Dienstag den  July.', 'Dienstag den  July.', 'DEn  July.']"
77,76,93,76_pulver_storax_schierling_rosen,"['pulver', 'storax', 'schierling', 'rosen', 'zimmet', '16', 'safran', 'merkurial', 'rosarum', 'catechu']","['65 ǀ ǀ Emplastrumalbumcoctum.Bleyweiss 42 ǀ ǀ——— deCicuta, Schierling 51 ǀ ǀ——— DefensivumRubrum, ro ǀ ǀ ǀ thes Defensiv 40 ǀ ǀ———  Diabotanon, Kräutersaft 37 ǀ 16 ǀ———  Labdani, Labdan 56 ǀ 16 ǀ———  Meliloti, Melotten 44 ǀ ǀ———  Oxycrocei, Safran 75 ǀ ǀ——— deRaniscumMercurio, ǀ ǀ Merkurial 31 ǀ 16 ǀ——— adRupturas, Dürband 30 16 ǀ——— deSapone, Seifen| Essenz.', '65 Emplastrumalbumcoctum,Bleyweiss 42——— deCicuta, Schierling 51——— DesensivumRubrum, ro thes Defensiv 40———  Diabotanon, Kräutersaft 3716—— k—  Labdani, Labdan 5616———  Meliloti, Melotten 44———  Oxycrocei, Safran 75——— deRaniscumMercurio, Merkurial 3116——— adRupturas, Dürband 3016——— deSapone, Seifen Essenz 584 EssentiaAbsynthiiComposita, Wer muth 1821——  Castorei, Bibergeil 2512——  Catechu, Katechu 342——  Croci, Safran 3218—— LigniQuajaci, Franzosenholz 391—— MastichesComposita, Mastix 7119——  MyrhæMyrhae, Myrhen 8612——  Succini, Agtstein Extrakt.', '65 Emplastrumalbumcoctum,Bleyweiss 42——— deCicuta, Schierling 51——— DesensivumRubrum, ro thes Defensiv 40———  Diabotanon, Kräutersaft 3716—— k—  Labdani, Labdan 5616———  Meliloti, Melotten 44———  Oxycrocei, Safran 75——— deRaniscumMercurio, Merkurial 3116——— adRupturas, Dürband 3016——— deSapone, Seifen 584 EssentiaAbsynthiiComposita, Wer muth 1821——  Castorei, Bibergeil 2512——  Catechu, Katechu 342——  Croci, Safran 3218—— LigniQuajaci, Franzosenholz 391—— MastichesComposita, Mastix 7119——  MyrhæMyrhae, Myrhen 8612——  Succini, Agtstein 2124 ExtractumCicutæCicutae, Schierling 611———  Elaterii, Eselsgurkru 106———  EnualæEnualae, Alantwurzen 3312———  FumarieæFumarieae, Erdrauch 29——  Ononidis, Hauhechel 10423———  Pulsatil.']"
78,77,93,77_dito_dienstag_kaiserl_mittag,"['dito', 'dienstag', 'kaiserl', 'mittag', 'hungarn', 'regierende', 'monarch', 'montag', 'donnerstag', 'allerhöchst']","['Dito hatte der Kaiserl.', 'Dienstag den  Dito haben vor Mittag Jhre Kaiserl.', 'Dito ist in der Kaiserl.']"
79,78,92,78_pyramide_marmor_mitte_wappen,"['pyramide', 'marmor', 'mitte', 'wappen', 'saulen', 'statuen', 'säulen', 'pyramiden', 'ellen', 'hercules']","['Auf der Spitze der Pyramide stun de ein grosses Creutz: vor der Pyramide aber zu derer Füssen lage auf dem gedachten Pedestal das von Gold Stuk mit schwartz samme ten Strichen um und um eingefassete Leichen Tuch an diesem sahe man des Papstes Wappen: oben auf aber lagen  Pölster von eben sol chem Gold Stuk worauf die drey fache Päpstliche Cron ruhete.', 'Dieses kaiserliche Trauergebäu hatte in ihrer völligen Breite mit Ein begriff deren Saulen  Schuh, die Länge  Schuh, und  Schuh hoch; das ganze Gebäu stellte vor Lapislazulo mit goldenen Adern, die Saulen und Pyramiden waren mit goldenen Palmen umwunden, in welchen die Lichter eingetheilet waren, die Kapitäle, Gesimser und Trophe en waren völlig vergoldet, alls zusammen ware in so richtiger Propor tion, dass das Aug aller Kenner ein besonderes Vergnügen daran fande, die Beleuchtung ware etwas besonders 7765. feine Warkerzen von zer schiedener Grösse, wie es die Proportion erforderte, und 1250. von Wax gegossene vergoldte Lampen zierten dieses kaiserliche Mausoläum, sie waren in so guter Ordnung eingetheilet, dass die Gröste, Majestät und Herrlichkeit von diesem Trauergerüste von jedem Kenner mit Erstannen bewundert wurde, und frey bekennten, ein dergleichen majestätisches, schönes, wohlproportionirtes Mausoläum in Wien niemalen gesehen zu haben, dann es übertraffe alle diejenige an Majestät, Herrlichkeit, Pracht und Ordnung, so vorhin für schöne und edle Gedanken bewunder wur  Der Erfinder von diesem herrlichen, grossen Mausoläo ist der   Oberhofarchitector, Herr Nicola Edler von Paccasi, von welchem der Kupferstich ehebaldigst wird heraus gegeben werden.', 'Die Bild Hauer Kunst dargestellt in ihren Wunder und Meister Stüken Marmorner Ehren Pfeiler und Denk Säulen; in mitten derselben der Bild Hauer Meister an einem aus schwartzem Marmor Stein ge hauenem mithin zum Ziel gantz schiklichem Brust Bilde der Helden noch in der Arbeit begriffen; zu Boden herum ligen zerfallene Spitz Säulen Marmor Ge sichte und Ehren Zeichen; Stein Schrift: Jch bins an der der Held sein Hertz und Auge weidet Sein Bild auf Säulen setzt sein Nam in Marmor schneidet.']"
80,79,91,79_kunst_künstler_gallerie_natur,"['kunst', 'künstler', 'gallerie', 'natur', 'künste', 'mahler', 'bildenden', 'kunstgallerie', 'dienlichen', 'stücke']","['Er lässt sich zwar hier in kein besonders Detail über die sehenswürdigen Eigenheiten dieser Stücke ein, sondern schmeichlet sich mit Zuversicht, dass diese Sammlung, welche überhaupt sowohl in Rück sicht der Gegenstände selbst, als auch des rich tigen Kolorits eine äusserst interessante Gallerie bildet, und den Beyfall des Natur und KunstKunsttebhabers 1721 2 1722| tebhabers erhalten werde.', 'Er lässt sich zwar hier in kein besonders Detail über die sehenswürdigen Gegenheiten dieser Stücke ein, sondern schmeichlet sich mit Zuversicht, dass diese Sammlung, welche überhaupt sowohl in Rück sicht der Gegenstände selbst, als auch des rich tigen Kolorits eine äusserst interessante Gallerie bildet, und den Beyfall des Natur und Kunst liebhabers erhalten werde.', 'Er lässt sich zwar hier in kein besonders Detail über die sehenswürdigen Eigenheiten dieser Stücke ein, sondern schmeichlet sich mit Zuversicht, dass diese Sammlung, welche überhaupt sowohl in Rück sicht der Gegenstände selbst, als auch des rich tigen Kolorits eine äusserst interessante Gallerie bildet, und den Beyfall des Natur und Kunst liebhabers erhalten werde.']"
81,80,91,80_freyhrn_freyherrl_frey_freyhr,"['freyhrn', 'freyherrl', 'frey', 'freyhr', 'freyherr', 'freytag', 'freyinnen', 'getta', 'manna', 'peredictumad']","['Von dem     Landrecht wird hiemit bekannt gemacht: Es sey auf Anlangen der Fräu len Rosalia und Katharina Freyinnen  Manna getta, als Universal Erbinnen ihres verstorbenen Bruders  Georg Freyhrn.', 'Von dem     Landrecht wird hiemit bekannt gemacht: Es sey auf Anlangen der Fräu len Rosalia und Katharina Freyinnen  Manna getta, als Universal Erbinnen ihres verstorbenen Bruders,  Georg Freyhrn.', 'Von dem     Landrecht wird hiemit bekannt gemacht: Es sey auf Anlangen der Fräu len Rosalia und Katharina Freyinnen  Manna getta, als Universal Erbinnen ihres verstorbenen Bruders,  Georg Freyhrn.']"
82,81,90,81_kaiserl_niemalen_cioccolata_angerühret,"['kaiserl', 'niemalen', 'cioccolata', 'angerühret', 'demnach', 'schlegel', 'sak', 'eiss', 'gersten', 'uberfluss']","['Die Kaiserl.', 'Die Kaiserl.', 'ZuMula inMurcien einem unweit von CaravaCaravacaca ligenden Ort hat sich folgendes zu getragen: es befindet sich nemlich alda ein Apothecker Herr PeterDamian Ferre genannt welcher jederzeit ein von der Frommkeit sehr berühmter Mann und besonderer Gutthäter der CapuciCapucigewesennern gewesen dieser wurde sodann von dem  General des besagten Ordens welcher eben alda durchreisete besu chet worüber derselbe eine solche Freud empfienge dass er solches mit Worten genugsam zu bezeigen sich nicht allein auf das äusserste bemühete sondern auch um seine Freude besser an Tag zu geben besagten General samt sei nem Geleite auf das beste zutractir en dieses in das Werk zu setzen wurden verschiedene Ess Waaren der treflichste Wein und ins besondere  Pfund Cioccolata, eine gutePortion Eiss zwey grosse und fette Castraunen und mehr andere zu einem völligen TraTractamentctament gehörige Dinge in Uberfluss so wol zum Mittag als Abend Essen her bey geschaffet selbe auf das beste zuge richtet und nachdeme man sich zur Ge nüge davon gesättiget das Ubergebli bene unter die Arme ausgetheilet dass solchergestalten nichts anders als ein Castraunener Schlegel welcher denen Capucin ern des andern Tages auf ih rer Reise und etwas weniges von der | Cioccolata, so ihnen zum Fruhestücke dienen solte aufgehoben wurde; nach deme nun alles dieses nebst noch einem guten Sak voll Gersten so man denen Reit Thiere gegeben verzehret worden nahmen dieCapuciner ihren Abschied und der HerrFerre begleitete sie fast ei ne Welsche Meile Wegs von dannen er gleichsam weinend dass er diese seine angenehme Gäste verlieren müssen zu ruk kehrete; er kame auch wiederum zu Hause an und siehe; da fande er al les was sie des Tags vorher verzeh ret wiederum und zwar in solchem Stand dass es schiene als ob es nie malen wäre angerühret worden er fan de auch den Gersten Sak zugebunden wie vorhin und wiederum so voll als wann man niemalen ein eintziges Körn lein davon genommen gehabt hätte das Eiss allein mangelte und solches wird unfehlbar in der grossen Hitze zer flossen seyn im übrigen ausgenommen der Castraunene Schlegel welchen die Patres mit sich genommen auf der Rei se davon zu geniessen war alles wieder da und zwar so als wann das Fleisch niemalen gekochet dieCioccolata nie malen gebrauchet der Wein niemalen getrunken und in Summa alles nie malen angerühret worden wäre.']"
83,82,90,82_amalia_kaiserin_erz_eleonora,"['amalia', 'kaiserin', 'erz', 'eleonora', 'bosnien', 'durchleuchtigsten', 'verwittibte', 'verwittibt', 'magdalena', 'hungarn']","['Eben Heute Vormittag haben Jhre Majestät die Verwittibte Kaiserin Eleonora Magdalena Theresia samt Dero Durchleuchtigsten Erz Herzoginnen in der Kirche des Kaiserlichen ProfesshausesS.', 'Eben Heute Vormittag haben Jhre Majestät die Verwittibt Römische Kaiserin Eleonora Magdalena Theresia samt Dero Durch leuchtigsten Erz Herzoginnen sammentlich in dem Königlichen Stift derer     Closter Frauen  Clara Ordens dem Gottes Dienst Jhrer Hochwürden Titl.', 'Heute Vormittag haben Jhre Majestät die Verwittibt Rö mische Kaiserin Eleonora Magdalena Theresia samt Dero Durch leuchtigsten  Herzoginnen zu Maria Hietzing Vor und Nachmit tag Dero Andacht gepflogen auch das Mittagmahl bey Jhro Majestät der lezt Verwittibt Römischen Kaiserin Amalia Wilhelmina nebst DeDero )( ro| ro gesamten Durchleuchtigsten Erz Herzoginnen zu Schönbrunn ein genommen des Nachts aber bey den Regierend Kaiserlich und Ca tholischen Majestäten in der Favorita gespeiset.']"
84,83,90,83_stadt_städten_residentz_kaiserstadt,"['stadt', 'städten', 'residentz', 'kaiserstadt', 'gegenden', 'residenz', 'mädgen', 'einwohner', 'hiesige', 'stadtpfarren']","['in der Stadt.', 'Auf dem grossen Platz bey dem daselbstigen Rahthaus ware eine TriumphPforte nach Tosca nischer Art, zu sehen, welche ein Stadt raht mit einer treu gehorsamsten Burgerschaft, um aus innersten Herzens freud ihre von ih ren Vorfahrern ererbt bis diesen Augenblick unversehrtbeybehaltene, und in allen Zeiten fürwährende Treu ihrer allerschuldigsten Pflich ten nach allerunterthänigst anzuzeigen, haben aufrichten, und mit sinnreichen Bildern aus zieren lassen: das Werk ware  Schuh hoch und  Schuh breit, in dem höchsten Theil ware die Bildnuss Jhrer Kaiserl.', 'Jn einem Dorfe der Provinz Poitou, nahe bey Cöx in nieder Poitou, welches aus ungefehr 25 Wohnstätten bestund,| deren Einwohner alle durcheinander in Verwandschaft stunden, hat der rothe Schade alle Einwohner weggeraft, bis an ein Mädgen, welches allein übrig geblieben, und also die Erbinn aller Ver storbenen ist; wenn es schicklich wäre bey einem so ernsthaften Vorfalle etwas aufgewecktes anzubringen, würde man sich einer Stelle in einem Lustspiele erin nern, wo man einem jungen Menschen ein Mädgen zur Heurath unter der Vor stellung anpreisst, dass sie zwar jetzo nichts habe, allein sie würde nach dem Tod von 15 bis 20 Verwandten, die sie habe, sehr reich werden, worauf der junge Mensch erwidert, eine hofnungs volle Parthey, in Pestzeit!| Paris, den  Christmon.']"
85,84,89,84_nuntius_nuntii_monsig_hungarn,"['nuntius', 'nuntii', 'monsig', 'hungarn', 'venetianischen', 'nuntio', 'bottschafters', 'nunzius', 'herrn', 'päpstlichen']","['Nuntius Monsig.', 'Nuntius Monsig.', 'Herrn Nuntius, und des kais.']"
86,85,89,85_czech_konkurses_gerichte_gesammte,"['czech', 'konkurses', 'gerichte', 'gesammte', 'eröffnung', 'lande', 'residenzstadt', 'niederösterreich', 'bekannt', 'vermögen']","['Von dem Magistrate der   Haupt und Residenzstadt Wien wird anmit bekannt ge macht: Es sey von dem Gerichte in die Er öffnung eines Konkurses über das gesammte im Lande  Oest.', 'Von dem Magistrate der   Haupt und Residenzstadt Wien wird anmit bekannt ge macht: Es sey von dem Gerichte in die Er öffnung eines Konkurses über das gesammte im Lande  Oest.', 'Von dem Magistrate der   Haupt und Residenzstadt Wien wird hiemit bekannt ge macht: Es sey von dem Gerichte in die Er öffnung eines Konkurses über das gesammte im Lande Niederösterreich befindliche bewegliche Vermögen des burgl.']"
87,86,87,86_sonn_evangelien_heiligen_gebettern,"['sonn', 'evangelien', 'heiligen', 'gebettern', 'gebunden', 'christi', 'epi', 'christlichen', 'zenz', 'communion']","['Zenz( Joseph) gemeinnützliche Erklärung der Epi steln und Evangelien, auf alle Sonn und Feyer tage des ganzen Jahres, dann auch der Feste der Heiligen überhaupt, zum Unterrichte des Volkes, und zur Bildung eines christlichen Le bens, 2 Bände.', 'Messen von Wort zu Wort, wie solche von denen Priestern gelesen werden, samt Geistlicher Lesung von der Geburt JEsu Christi, nebst vorhergehenden Morgen, wie auch Bericht und Communion Gebettern un gebunden   gebunden   Heilige Faschings Andacht bestehend in  tägigen Sacramentalischen Ergözlichkeiten zu dem Hochwürdigsten Sacrament des Altars ungebunden   gebunden  Heil.', 'Messen von Wort zu Wort, wie solche von denen Priestern gelesen werden, samt Geistlicher Lesung von der Geburt JEsu Christi, nebst vorhergehenden Morgen, wie auch Beicht und Communion Gebettern un gebunden   gebunden   Heilige Faschings Andacht bestehend in  tägigen Sacramentalischen Ergözlichkeiten zu dem Hochwürdigsten Sacrament des Altars ungebunden   gebunden  Heil.']"
88,87,86,87_oktob_october_oktober_wochenmärkte,"['oktob', 'october', 'oktober', 'wochenmärkte', 'werktag', 'einfallet', 'genua', 'feyertag', 'dienstag', 'octob']","['Den  Oktob.', 'Den  Oktob.', 'Den  Oktob.']"
89,88,86,88_commissarien_commission_kommission_kommissare,"['commissarien', 'commission', 'kommission', 'kommissare', 'untersuchen', 'bericht', 'commissarii', 'erstatten', 'commissarius', 'commissions']","['Jn Schottland hat man bereits verschiedene Commissarien zu dieser Absicht ernannt, so die Aufsicht haben sollen.', 'und die folgende Täge darauf und zwar vor Mit tag von  bis  und nach Mittags von  bis  Uhr daselbst bey denen in Sachen verordneten Herren Commissarien sich anmelden.', 'Veordnung dahin ergangen dass an verschiedenen Orten oder Aemtern über gewisse Sachen eine Commission verordnet werden solte und zwar mit der  Instruction, dass die  Commissarien we nigstens in Monat Zeit alles dem Befehl ge mäss auf das genaueste zu untersuchen und so ferner weit an andern Orten besagter massen zu  continuiren nach gäntzlicher En digung aller den unterthänigsten münd lichen Bericht an  Majestät abzustatten gehalten seyn solten.']"
90,89,84,89_landesfürstl_magistrat_magistrate_oest,"['landesfürstl', 'magistrat', 'magistrate', 'oest', 'aschbach', 'landesfürsil', 'licitationstagsazung', 'magistrats', 'magistratus', 'köngl']","['Von dem Magistrat der landesfürstl.', 'Von dem Magistrat der landesfürstl.', 'Von dem Magistrat der   landesfürstl.']"
91,90,83,90_deutschen_deutsche_michaeler_zeitungs,"['deutschen', 'deutsche', 'michaeler', 'zeitungs', 'ghelischen', 'ghelen', 'privilegirten', 'druckerey', 'schriften', 'neuen']","['Gotthard Zwilling, öffentlicher Leh rer der französischen Sprache und einer deutschen Schule.| Anzeige.', '| Ankündigung.| Leben und Bildnisse grosser Deutschen.', '21) Arbeiten des deutschen Frauenzimmers.']"
92,91,83,91_blessirt_unwissende_capitapapaverisalbi_mohn,"['blessirt', 'unwissende', 'capitapapaverisalbi', 'mohn', 'schw', 'köpfe', 'protokolsauszüge', 'starks', 'schwachs', '386']","['386 16 CapitaPapaverisalbi, weisse Mohn ǀ ǀ ǀ köpfe.', 'NachAusweisdesvorigenMonathsblieban          Kassestand2296 5—2033124362 Reiner und wirklicher Empfang.||||||||| 1AnSammlungsbüchsen16875521565182325314— 2— OpferstockGeldern13745—172123309573 3—Kirchenbüchsen989—369402467492 4—eingegangenenSubscriptionen41947—7259—49246— 5— Allmosen von besonderen Gutthätern,sammt zuGeldgeschlagenenNaturalien2191—232233451243 SummadesreinenEmpfangs25623722412342497512— 6 Hierzu der obige Kasserest von dem vorigen Mo nathe 22965—203312432962 HauptSumme4858422444536—9304182 Bedarf.', 'NachAusweisdesvorigenMonathsblieban          Kassestand2296 5—2033124362 1AnSammlungsbüchsen16875521565182325314— 2— OpferstockGeldern13745—172123309573 3—Kirchenbüchsen989—369402467492 4—eingegangenenSubscriptionen41947—7259—49246— 5— Allmosen von besonderen Gutthätern,sammt zuGeldgeschlagenenNaturalien2191—232233451243 SummadesreinenEmpfangs25623722412342497512— 6 Hierzu der obige Kasserest von dem vorigen Mo nathe 22965—203312432962 HauptSumme4858422444536—9304182 1 An die Armen war in diesem Monathe zu ver theilen,undbetrugdiewirklicheAusgabe172936—734425—90741— ZeigtsichalsobeydenStadtpfarrernmehrum312962 DahingegenbeydenVorstadtpfarrenfürdie VertheilungeinAbgangvon———289849— Zur Ergänzung des Abgangs in diesem, und zur Bedeckung der ersten Betheilung im künftigen Monathe: Gaben die Stadtpfarren eine Aushilf ———796—— UnddieHauptverlagskasse———4236—— SummederAushilf———5032—— Nach Abschlag der obigen den Vorstadepfarren gegebenen Aushilf mit 796 bleibtbeyden Stadtpfarren233362 Und nach Abschlag des oben ausgewiesenen, und in diesem Monathe zur gänzlichen Vertheilung nothwendigen Betrags mit 2898  49  bleibtbeydenVorstadtpfarren———213311— UndimGanzen——————4466172 MitderganzenPortion71100171 ——dreyViertel127167294 ——halben46521012566 ——einViertel11221592271 Zusammen77545275302 Wien bey dem Hauptbeziek den  Juni 1796.  der Posten Bey den Stadt | Bey den Vor | | pfarren.']"
93,92,82,92_ehew_ah__,"['ehew', 'ah', '', '', '', '', '', '', '', '']","['Ehew.', 'Ehew.', 'Ehew.']"
94,93,82,93_excell_excel_excellenz_euer,"['excell', 'excel', 'excellenz', 'euer', 'vormittags', 'beutel', 'abends', 'unsers', 'eodem', 'eure']","['Da die  Excell.', '„ Auf  Excell.', 'Von der Excell.']"
95,94,82,94_kaiserl_regierende_beede_jhrer,"['kaiserl', 'regierende', 'beede', 'jhrer', 'hieran', 'allerhöchst', 'beschiehet', 'schihet', 'gedacht', 'jhro']","['Jhrer D Kaiserl.', 'Abends seynd Allerhöchst gedacht beede Regierende Kaiserl.', 'SEynd beede Regierende Kaiserl.']"
96,95,81,95_unzen_thle_dritter_vier,"['unzen', 'thle', 'dritter', 'vier', 'dritte', 'stumpf', 'theile', 'landstr', '4tes', 'alt']","['4 Thle.', '3 Unzen an statt 4 Unzen.', '3 Unzen an statt 4 Unzen.']"
97,96,81,96_liquers_blut_trocken_messer,"['liquers', 'blut', 'trocken', 'messer', 'saamens', 'salz', 'gran', 'riemen', 'kostet', 'besondere']","['Zualeich hat man auch den schon so vielfältig aporobirren Liquers zu den Barbiermessern Streichern zu schmiren, wodurch das Messer eine besondere Schneide bekämmr  40  den mahren StreiStreicher cher dazu 30  Eben macht dieser Liquers die Dienste, wenn man ihm auf dem Riemen den man besitzt appliciret.', 'Pomade, die Haare zu konserviren und für den ausfallen zu schützen, der Pon zu 30  und 1 — 5) Einen Saifengeist, welcher nicht allein vortreflich zum barbiren, sondern in Verrenkung, oder wenn man sich verbrennt sehr dienlich ist, 20 — 6) Ein Mittel, die Leichdorne, oder Hühneraugen ohne den mindesten Schmerzen in kurzer Zeit zu vertreiben, kostet 20 — 7) Ein heil sames Mittel wider die Frostbeulen, a 24  — 8) Die englischen Nachtlichter, welche nicht allein blos bey Nacht zum Brennen, sondern auch zum Lesen und Schreiben kön nen gebraucht werden, sie machen keinen Dampf, noch unangenehmen Geruch, brennen sehr lange und men erlich, die Maasse von dem Licht ist in einem Seitelglas, und kann niemals einen Schaden verursachen, es ist nichts wei ter dabey zu thun als anzuzünden, ist eine harte Materie, und kann verschickt werden, wohin man will, jedes dieser Lichter kostet 1  9) Die englischen Schleifkugeln, welche die Barbier und Federmesser immer scharf erhalten, ohne solche jemals mehr schleifen zu lassen, man streicht sie auf den Riemen, und ziehet das Messer darauf ab, jede dieser Kugeln dauert viele Jahre, und erhält die Messer stets in der Pollirung, kostet 36  Die präparirten englischen Streichriemen, die Barbiermesser abzuziehen, das  20  auch doppelte auf Holz mit Futteral     Die englischen Fleckenkugeln, welche alles, es sey Wagenschmiere oder Fett trocken ausmachen, ohne die Farbe oder den Glanz zu be schädigten a 24  Ein Pulver, die Juwe len, ächte Perlen, Gold und silberne Bor ten und Spitze neu, wie auch reiche Westen, wann sie völlig gelb und angelaufen sind, trocken zu putzen mit einer Sammerbürste so gut als neu, kostet 20 bis 30  Die englische Schwarze in Stangen für Schuhe, Stiefeln und Reitzeug, welche nicht abfärbt, und mit wenig Mühe einen ausserordentlichen Glanz, macht, und es vor dem Springen er hält, auch kann man das glänzende Bockle der, wann es völlig roth und abgestanden ist, eben so glänzend machen noch schöner als vom neuen, kostet 24  Englisch schwarz.', 'Strümpff und Schuhe sambt denen silbernen Schuhschnal len einem silbernen Hosenknopff den Brustfleck und Hosentrager mit Silberverbrämt ein paar weisse Geyssharene Strümpff ein paar Knye Bandl von Fadensilber ein grü nes Kappel ingleichem ein Türckes Ringl von dem Finger abgezogenwieauchdas Geld| Geld so in  Gulden   bestanden auss dem Sack hinweg und zu sich genommen den todten Cörper aber zwischen die Tach Gespörren und daran gezogene Laden gesteckt so dann Stroh darauff geworffen die demselben abgenommen Sachen aber in ein Ge wölbl getragen und alles zusammen in einen Rantzen gesteckt die zu dieser Ermordung gebrauchte Messer abgewaschen das entlehnte dem Brau Knecht hinwiederumb zuge stellet das Seinige aber in ein Kastl verborgen über dieses annoch mit einigen bey ei nem Fruhestuck gewesenen Persohnen getruncken und folgends den andern Tag dar auff umb willen er geglaubt dass solche von ihm also verübte Mordthat verborge bleiben werde von dar hinweg und flüchtigen Fuss zusetzen Vorhabens gewesen auch zu solchem Ende seinem gehabten Braumeister den Dienst auffgesagt und seinen verdienten Lohn mit  Gulden   würcklich empfangen; weilen aber bald hierauff von dem also Er mordeten das Blut in die unter dem todten Cörper befindliche Wagner Werckstatt her unter geflossen als ware solches von einigen Wagner Gesellen ersehen und denenselben alsogleich verdächtig vorkommen worauff er Rabenbauer annoch gleich anderen da sigen Handwerks Leuthen diesen von ihme also ermordeten Ober Knecht auff den Bo den als von welchem das Blut herunter gerunnen auff einer Laiter hinauff gestiegen und suchen geholffen auch sich bey hernach erfundenem Cörper als wann er sich hierü ber sehr verwundern thäte in so lang gestellet biss man endlich an dessen Hemmet Be setz ein besprengtes Blut wahrgenommen mithin demselben sein darüber angehabtes Cammisol auffgerissen und das Hemmet voller Blut ersehen worauff er Rabenbauer auch vor den Thäter gehalten und in Verhaft genommen worden; solche grausame Mordthat aber anfänglich begangen zu haben zwar gelaugnet bald hierauff aber selbi ge vorenthaltener Massen bekennet.']"
98,97,79,97_gräfl_von_sephst_lilien,"['gräfl', 'von', 'sephst', 'lilien', 'der', 'stellte', 'aufge', 'jo', 'in', '']","['Von der gräfl.', 'Von der gräfl.', 'Von der gräfl.']"
99,98,78,98_landrecht_landrechte_jeden_marschallischen,"['landrecht', 'landrechte', 'jeden', 'marschallischen', 'weil', 'fügen', 'verordnete', 'hiemit', 'gericht', 'land']","['Von dem     Landrecht wird all und jeden, so an weil.', 'Von der      Landrecht wegen, wird allen und jeden, welche an weil.', 'Majestät   Landrecht wegen, wird hiemit allen und jeden, so an weil.']"
100,99,78,99_licit_amort_essenzen_pöllin,"['licit', 'amort', 'essenzen', 'pöllin', 'allerh', 'gebrüdere', 'dreyfaltigkeit', 'voll', 'auf', '']","['Licit.', 'Licit.', 'Licit.']"
101,100,78,100_hochfürstl_hochw_jhro_jhrer,"['hochfürstl', 'hochw', 'jhro', 'jhrer', 'hochfl', 'hockhischen', 'dienst', 'gottes', 'hochgräfl', 'hoff']","['unter Jhro Hochfürstl.', 'Jhro Hochfürstl.', 'Jhro Hochfürstl.']"
102,101,77,101_holland_amsterdam_haag_7ne,"['holland', 'amsterdam', 'haag', '7ne', 'auss', 'jenner', 'niederland', 'niederlande', 'juny', 'brüssel']","['Aus Holland von dem  April.', 'Aus Holland von dem  April.', 'Auss Holland vom  April.']"
103,102,77,102_juden_stadt_alt_vor,"['juden', 'stadt', 'alt', 'vor', 'salzgriess', 'singerstr', 'tieffen', 'am', 'graben', 'elend']","['alt  | Vor der Stadt.', 'alt | Vor der Stadt.', 'alt  | Vor der Stadt.']"
104,103,77,103_cont_conc_carnot_tököly,"['cont', 'conc', 'carnot', 'tököly', 'robespierre', 'columb', 'suwarow', 'simplex', '15', 'marat']","['39) Salm  cont.', '40——— simplex gemeines Bleyweiss.', '40——— simplex gemeines Bleyweiss.']"
105,104,76,104_letztemal_verhindernissen_rathstag_hören,"['letztemal', 'verhindernissen', 'rathstag', 'hören', 'sässen', 'entschlossen', 'wir', 'nämlich', 'eigens', 'halber']","['Da wir nun entschlossen sind eben diese Sprüche und Foderungen an dem eigends, und zwar für das erst und letztemal hiezu bestimmten Tag, nämlich den  Juni   oder da wir diesen Tag anderer Verhindernissen wegen nicht zu Rath sässen, den nächst darauf folgenden Rathstag um 8 Uhr fruh zu hören und zu vernehmen.', 'Da wir nun entschlossen sind, eben diese Sprüche, und Forderungen an dem eigends, und zwar für das erst und letztemal hiezu bestimmten Tag nämlich den  Juny dies Jahrs, oder da wir diesen Tag anderer Verhindernissen halber nicht zu Rath sässen, den nächst darauf folgenden Rathstag früh um  Uhr zu hören, und zu vernehmen.', 'Da wir nun entschlossen sind, eben diese Sprüche und Forderungen an dem eigens, und zwar für das erst und letztemal hiezu bestimmten Tag, nämlich den  des Monats April dies Jahrs, oder da wir diesen Tag anderer Verhindernissen halber nicht zu Rath sässen, den nächst darauf folgenden Rathstag frühe um  Uhr zu hören, und zu vernehmen.']"
106,105,75,105_adjutant_general_secondleutenant_leutenant,"['adjutant', 'general', 'secondleutenant', 'leutenant', 'fahne', 'lieutenants', 'lieut', 'convey', 'boys', 'brigadier']","['der Herr Graf Marliani, Obrist leutenant, und Ge neral adjutant  Durchl.', 'der  General leutenant der Königl.', 'Der General Adjutant von Seiner Excellentz. )']"
107,106,75,106_england_ungarn_frankreich_friedens,"['england', 'ungarn', 'frankreich', 'friedens', 'hungarn', 'zwischen', 'könig', 'europa', 'englands', 'europens']","['Um also diesen Unanständigkeiten vorzubeugen, und| und eine Probe der Freymütigkeit dar zuthun, mit welcher das Friedens ge schäft zwischen Frankreich und England solle abgehandelt werden, schlaget  Allerchristlichste Majestät dem König in Grossbrittanien vor, derselbe wolle sich gefallen lassen, dass, in Betref des zwischen Frankreich und England obwalten den Krieges, beyde Kronen in dem Be sitz all desjenigen verbleiben sollen, was eine der anderen binnen dieser Zeit ab genommen, und dass die Beschaffenhei ten, in welchen sie sich den 1ten des September monats im 1761ten Jahr in Ost indien, in West indien, und Africa aber den 1ten Julii des nämlichen Jahrs, und den 1ten May in Eu ropa befinden würden, der Grund stein zu dem zwischen beyden Mächten zu er richtenden Tractat seyn sollen; welches so viel sagen will, dass  Allerchrist lichste Majestät, um ein Beyspiel seiner besitzenden Menschen liebe zu geben, und die Wiederherstellung der allgemeinen Ruhe zu beschleunigen, alles das aufzu opfern, und zurücke zu stellen entschos seyen, welches Dieselbte doch mit Recht behaupten könnten; hingegen aber in dem Besitz desjenigen verbleiben wol len, so denen Engländern die Zeit dieses Kriegs hindurch abgenommen worden.', 'privilegirten Zeitungs verlag, und Buchdruckerey im neuen Michaeler Haus, mit von Ghelischen Schriften.| Fortsetzung der historischen Be schreibung der zwischen Frankreich und England unternommenen Friedens handlung  Da waren dann zwey besondere Kriege; nämlich der erste zwischen Frankreich und England, welcher anfangs mit jenem in Teutschland keine Gemeinschaft hatte; und der zweyte, so der König in Preussen mit der Kaiserin Königin angefangen: in diesen wurde England als ein Bunds genos sener des Königs in Preussen, der König aber als Garant des Westphälischen Frie dens, und dem den 1ten May errichteten Vertheidigungs tractat zufolge, als ein Bands genossener des Hofes von Wien verwickelt.', 'Grossbrittanische Majestät verlangen so, gleichwie der Allerchristlichste König, dass der besondere zwischen England und Frankreich zu errichtende Friedensschluss mit der allgemei nen diesfälligen Abhandlung vereinbaret werde, als um welche erst obgedacht  Majestät sich dermassen eifrig annehmen wollen, dass Sie in dieser Absicht glauben, man solle ein so heilsames Werk, gleich die eilfertige Wiederherstellung des allgemeinen Friedens in Teutschland ist, durch die etwa entstehen könnende Streitigkeiten über die besondere Angelegenheiten beyder Cronen, um keinen Augenblick länger verschieben lassen; Ja  Grossbrittanische Majestät sind in dieser von der Menschen liebe gegen so viele zahlreiche Nationen entstandenen Gesinnung dermas sen gestärket worden, dass Sie den Schluss wor auf sich der König in Frankreich gänzlich grün det, nämlichen, dass die Beschaffenheit der Ge genstände, so den besonderen Krieg zwischen England und Frankreich verursachet, mit denen Zwistigkeiten Teutschlands gar keine Gemein schaft habe, eben sowol in seinem ganzen Ver stande Beyfall geben.']"
108,107,75,107_cathol_javanisch_cattunen_garn,"['cathol', 'javanisch', 'cattunen', 'garn', 'und', '', '', '', '', '']","['Cathol.', 'Cathol.', 'Cathol.']"
109,108,73,108_1753_1751_1752_1750,"['1753', '1751', '1752', '1750', '1754', '8vo', '1757', 'döblinger', '1746sten', 'alphabet']","['1753.', '1753.', '1750. und 1752. dann Klosterneuburger von Jahren 1752. und 1753. wie auch Döblinger von Jahren 1753 und 1754. in verschiedenen Gattun gen; ingleichen Fässer mit eisernen Banden offentlich feilgebotten, und den Meistbiten den gegen baarer Bezahlung hindan gegeben werden.']"
110,109,73,109_gilgenberg_miaskowski_zimmermann_oest,"['gilgenberg', 'miaskowski', 'zimmermann', 'oest', 'hreglianovichscher', 'psychologischen', 'landkram', 'kerner', 'reflexionen', 'privil']","['Von der Herrschaft Gilgenberg in  Oest.', 'Nach Zimmermann; und mit psychologischen Reflexionen begleitet von Prof. Heydenreich.', 'Nach Zimmermann; mit psychologischen Reflexionen von Heydenreich.']"
111,110,73,110_paris_pariss_frankreich_französischen,"['paris', 'pariss', 'frankreich', 'französischen', 'französische', 'botschafter', 'courier', 'könig', 'briefschaften', 'noailles']","['Dass vermög Französischen Brieffen der König an jüngsten Christ Abend wie auch die  Feyertäg die Andacht in der Kapellen zu Versailles verrichtet dan ein Menge deren Kranken berühret und nachdeme verschiedene Abteyen ver geben auch einig ausländische Gesandten vor sich kommen lassen; darunter des gewesten Churfürsten von Cöllen ferner BaronSimeoni, sich befunden; und weilen an an dem Französischen Hof den General Frie den vor gewiss halte wären schon  neue Regimenter zu Pferd und  Regimenter Dragoner  reformiret worden; davon man die beste Leute un ter die alte Regimenter gestecket und den Officieren den halben Sold ver sprochen; ingleichen sollen von jeder Compagnie der Französischen Gardi  Mann abgedanket: auch nächstens die  Reformirung deren Regimen tern von dem Fus Volk vorgenommen werden.', ""Diesen Abend ware von Pariss ein Bedienter des Französischen Ministers  Monsignor l'Affiteau, mit Königlichen Brieffen für den Herrn Cardinal von Rohan angekommen Mit der Nachricht dass die Reiss de ren Herren Cardinälen  von Noailles, Polignac, und  Gevres, zu Pariss eingestellet worden folglichen Niemand mehr als der Herr Cardinal  de Bissy, von gedachtem Pariss ankommen werde: Welche Ankunft man nun um so lieber stündlich se hen mag; Weilen in dem Conclave dasS.Collegium beschlossen wegen der in Provence sich mehr und mehr ausbreitend giftigen Krankheit alle Gemeinschaft mit ganz Frankreich aufzuheben."", 'Aus Frankreich von dem   Dass man zu Pariss den ersten dieses den Namens Tag Jhrer Königlichen Hoheit Herzogen von  Orleans, Regenten von Frankreich sehr prächtig begangen; Wie dan auch zu dero besondern Ehren und Andenken Jhre Eminenz der Herr Cardinal von  Noailles, Erz Bischof zu Pariss in dasiger Haubt Kirche die neue Fahnen deren Französisch und Schweitzerischen Gar des mit gewöhnlichen Ceremonien geweyhet hätten; Alswelche Gardes der Königin den Ebene von Sablon durch die Musterung gehen lassen|  werde; Jndessen habe der König die entledigte Guverneur Stell von der Stadt und Citadell von Amiens dem Marquis von  Canillac, Commandant von der anderten Compagnie deren  Musquetaires, auf getragen.']"
112,111,73,111_abends_mittags_königl_nachmittags,"['abends', 'mittags', 'königl', 'nachmittags', 'abend', 'uhr', 'majestäten', 'kaiserl', 'begaben', 'selbigen']","['An beeden Tagen ware eine Tafel von  Personen, worzu nicht allein die ausländischen Ministern, sondern auch sehr viele einländische hohe Stands personen, Ritter, Damen,  einge laden waren, und nach deren Endigung ward jedesmal ein prächtiger Ball eröfnet, welcher bis spat in die Nacht fortgesetzet ward; die ses Festin wird am Sonntag Abend mit einen Ball beschlossen werden.| Aus Preussen.| Danzig   Morgen wird der Kron kanzler alhier ein treffen.', 'Abends gegen halber  Uhr waren Jhre Kaiserl.', 'Abends wurde auf dem Kaiserl.']"
113,112,73,112_verkaufen_täglich_haus_juden,"['verkaufen', 'täglich', 'haus', 'juden', 'deutschen', 'freyer', 'aussicht', 'wohlgebau', 'alltäglich', 'gebautes']","['Jn der Alstervorstadt in der angenehmsten Lage und schönsten Aussicht, ist ein grosses wohlgebau tes Haus täglich aus freyer Hand mit den billig sten Bedingnissen zu verkaufen.', 'Jn der Alstervorstadt in der angenehmsten Lage und schönsten Aussicht, ist ein grosses wohlgebau tes Haus täglich aus freyer Hand mit den billig sten Bedingnissen zu verkaufen.', 'Jn der Alstervorstadt in der angenehmsten Lage und schönsten Aussicht, ist ein grosses wohlgebau tes Haus täglich aus freyer Hand mit den billig sten Bedingnissen zu verkaufen.']"
114,113,72,113_freyherrl_herrs_gerarde_heiligk,"['freyherrl', 'herrs', 'gerarde', 'heiligk', 'herrsch', 'gerade', 'innhaber', 'benedictixiv', 'bisses', 'geng']","['Von der freyherrl.', 'Von der freyherrl.', 'Von der freyherrl.']"
115,114,72,114_febr_februarii_februar_expeditovero,"['febr', 'februarii', 'februar', 'expeditovero', 'regierungsverlass', 'pulverwesens', 'salniter', 'unterm', 'jnspektor', 'such']","['Den  Febr.', 'Den  Febr.', 'Den  Febr.']"
116,115,72,115_sterling_pfund_millionen_sterl,"['sterling', 'pfund', 'millionen', 'sterl', 'sterlings', 'mil', 'lion', 'ausgaben', 'tausend', 'stüver']","['Pfund Sterling verwilliget; desgleichen  tausend  Pfund Sterling zum Unterhalt der Königlichen Besatzungen in America, und in Neu schottland, Terre neu ve, und zu Gibraltar  Heute hat das Untere Haus beschlossen, dem König  tausend Pfund Sterling zur ge wöhnlichen Unterhaltung der Flotte:  tausend  Pfund Sterling zur Ausbesserung, und Zurichtung deren Schiffen: und  tau send Pfund Sterling für das Spital zu Green wich für das 1750ste Jahr zu verwilligen.', 'Sterling.', 'Sterling.']"
117,116,71,116_jn_stadt_der_fruh,"['jn', 'stadt', 'der', 'fruh', 'neu', 'den', '', '', '', '']","['Jn der Stadt.', 'Jn der Stadt.', 'Jn der Stadt.']"
118,117,71,117_april_samstag_montag_genua,"['april', 'samstag', 'montag', 'genua', 'injudicialibus', 'aprill', 'gesäet', 'arcier', 'aprilis', 'monats']","['SAmstag den  April.', 'SAmstag den  April.', 'Den  April wird nach den königl.']"
119,118,70,118_dito_den_freytag_und,"['dito', 'den', 'freytag', 'und', '', '', '', '', '', '']","['Den  Dito.', 'Den  Dito.', 'Den  Dito.']"
120,119,69,119_ro_ausmass_2788_2997,"['ro', 'ausmass', '2788', '2997', 'grundes', 'klafter', 'nro', 'leere', '23648', '2312']","['Die Ausmass des Grunds ist 3788 [] Klafter.', 'Die Ausmass des Grundes ist 2788 □ Klafter.', 'Die Ausmass des Grundes ist 2788 □ Klafter.']"
121,120,68,120_eimer_fässer_gebirgweine_gewächs,"['eimer', 'fässer', 'gebirgweine', 'gewächs', 'weine', 'verkauft', 'fass', 'fässern', 'licitando', 'gattungen']","['Auf der Landstrasse in der Ungergasse bey dem galdenen Karpfen sind über 200 Eimer alte Ge birgweine mit oder ohne Fass in verschiedenen Gattungen, als 4 zwanzig Eimer, 1 dreyssig Eimer, 2 fünfzig Eimer, wie auch mehrere leere Fass, als 20, 30, 40, und ein 92 Eimer, auch die ganze Kellereinrichtung, Ganter, Sattel, Weinsell, und noch mehreres zu verkaufen.', 'Auf der Landstrasse in der Ungergasse bey dem goldenen Karpfen sind über 200 Eimer alte Ge birgweine mit oder ohne Fass in verschiedenen Gattungen, als 4 zwanzig Eimer, 1 dreyssig Eimer, 2 fünfzig Eimer, wie auch mehrere leere Fass, als 20, 30, 40, und ein 92 Eimer, auch die ganze Kellereinrichtung, Ganter, Gattel, Weinseil, und noch mehreres zu verkaufen.', 'wird hiemit bekannt gemacht: dass in der daselbst zwischen Neunkirchen und Schottwien an der Gratzer Postsirasse liegenden Probstey Gloggnitz nachstehende gute ungarische und österreichische Gebürgsweine, ohne Fässer, um bissige Preise zu verkaufen seyen, als: Kaltenberger 1760er 51 Eimer, Gumpoldskirch ner 1788er 51 Eimer, Silbersberger 1760er 49 Eim deto 88er 52 Eim deto 89er 51 Eimer, Ruster 88er 51 Eimer, dero deto 48 Eimer, Kreuzer 1760er 52 Eimer,Groissbacker1790er 48 Eimer,  Georger 1788er 46 Eimer.']"
122,121,68,121_anemoni_turband_färbige_allerhand,"['anemoni', 'turband', 'färbige', 'allerhand', 'artige', 'gedoppelte', 'rot', 'regenbogen', 'moni', 'ane']","['Allerhand färbige Anemoni.', 'Allerhand farbige Anemoni: Aller hand rot artige Anemoni.', 'Anemoni der grosse Turband, Anemoni in Regen bogen.']"
123,122,67,122_josepha_böhmen_josephst_peter,"['josepha', 'böhmen', 'josephst', 'peter', 'joseph', 'alt', 'simon', 'gecrönt', 'halmin', 'göblin']","['Josepha, alt 1  im Lichtenth.', 'Josepha, alt 2  am Oberneust.', 'Summa  Personen darunter Kind Der Jud Maper Joseph, von Bunzlau in Böhmen, im Jndenspitt.']"
124,123,67,123_ehedessen_auszufeilen_burgermeister_verwilliget,"['ehedessen', 'auszufeilen', 'burgermeister', 'verwilliget', 'angeordnete', 'abermal', 'rath', 'jedermann', 'vernehmen', 'öffentlich']","['Wir Burgermeister und Rath der Stadt Wien geben hiemit jedermann zu vernehmen: Es sey über die schon ehedessen angeordnete Licitationstagsatzung verwilliget worden, das Gergerische in der Josephstadt liegende Haus  114 abermal öffentlich auszufeilen und an den Meistbietenden zu verkaufen.', 'Wir Burgermeister und Rath der Stadt Wien geben hiemit jedermann zu vernehmen: Es sey über die schon ehedessen angeordneten Licitationstagsatzungen verwilliget worden, das Strisseckisch in der Rossau liegende Haus sub  105 abermal öffentlich auszufeilen, und allenfalls auch unter der Schätzung, an den Meistbietenden zu verkaufen.', 'Wir Burgermeister und Rath der Stadt Wien geben hiemit jedermann zu vernehmen: Es seye über die schon ehedessen angeordnete Licitationstagsatzungen verwilliget worden, das Wilkenhausische, auf der Landstrasse liegende Haus abermal öffentlich auszufeilen, und an den Meistbietenden zu verkaufen.']"
125,124,67,124_allg_alt_barmh_cath,"['allg', 'alt', 'barmh', 'cath', '43', 'allgem', '55', '44', '53', '47']","['alt 64  alle 3 im allg.', 'alt 45  alle 4 im allg.', 'alt 43  alle 6 im allg Krankenh.']"
126,125,65,125_leipz_ungeb_neapel_oenip,"['leipz', 'ungeb', 'neapel', 'oenip', 'botan', 'wälseggisch', 'kammerd', 'piar', 'bamb', 'unbek']","['Leipz.', 'Leipz.', 'Leipz.']"
127,126,65,126_alt_elisab_hülf_anna,"['alt', 'elisab', 'hülf', 'anna', 'ulrich', 'lakey', 'gold', 'cathar', 'erdberg', 'tagw']","['Donnenberger, Lack,   Elisab., bey dem  Stern im Lerchenf., alt   Dem Franz Taubenberg, Lauf.,   Anna, beyn Huf  in der Koht gas, alt   Dem Wenzel Karlinger, Krebsen zehl.,   Andre, beym gold.', 'Satl.,   Margar, im Frey gut auf der Wied., alt   Dem Joh Werdl, Academie mahl.,   Elisab., beym  Kegel am Neubau, alt   Dem  Wonsshofer, Taglöhn.,   Eva, im   am Spitalberg, alt 30  Dem  Fridl, Schmid ,   Andre, beyn  gold.', 'Fischer, Lehen kutsch.,   Eva, bey dem Stadel am Himmel port , alt   Dem Frantz Bithan, Kutsch.,   Maria, bey denen  Artitschoken in der Leopoldst., alt   Dem Christian Böschl, Tagw.,   Cathar., bey dem  Krebsen am Neustift, alt   Dem Carl Habereiter, Tagw.,   Theres., im Ada   zu Erdberg, alt   Summa  Personen, darunter  Kinder.']"
128,127,64,127_böhmen_prag_prager_corrti,"['böhmen', 'prag', 'prager', 'corrti', 'belgrad', 'haupt', 'banco', 'anzuraiten', 'praga', 'vielmehro']","['Tafel zu speisen und die Cavaliers von seinem Gefolg seynd an der Marschalls Tafel behalten wor  Der Marchese Rangoni hat sei ne Abschieds Audientz genommen um von hier nach Wien zu gehen.| Prag Haupt Stadt in Böhmen  Junii.', 'Es wird auch aus Prag in Böhmen berichtet dass mit ausgange des vorigen monats der Moldau fluss der gestalt angewachsen gewesen dass nicht nur für viele 1000.  holtz dadurch.', 'Husarn gefan gen von Jhro  der Königin in Un garn  Böheim aber wieder loss gelassen worden ist von Berlin hier angelangt und gehet wieder nach Frankreich zurük.| Prag Haupt Stadt in Böhmen  Junii.']"
129,128,64,128_sachwalter_namhaft_beyzumessen_diensam,"['sachwalter', 'namhaft', 'beyzumessen', 'diensam', 'rechtsbehelfe', 'verabsäumung', 'bestellen', 'wege', 'einzuschreiten', 'selbst']","['Als werde derselbe dessen anmit zu dem Ende erinnert, damit er allenfalls in rechter Zeit selbst zu erscheinen, oder dem bestimmten Ver tretter seine Rechtsbehelfe in gehöriger Zeit an Han den zu lassen, oder einen andern Sachwalter zu be stellen und diesem Gerichte namhaft zu machen, und überhaupt in jene rechtliche ordnungsmässige Wege einzuschreiten wissen möge, die er zu seiner Verthei digung diensam finden würde, massen er sich die aus seiner Verabsäumung entstehenden Folgen selbst beyzumessen haben würde.', 'Als wird derselbe dessen anmit zu dem Ende erinnert, damit er allenfalls in rechter Zeit selbst zu erscheinen, oder inzwischen dem bestimmten Vertretter seine Rechtsbehelfe an Handen zu lassen, oder einen anderen Sachwalter zu bestellen, und diesem Gerichte namhaft zu machen, und überhaupt in die rechtlichen ordnungsmässigen Wege ein zuschreiten wissen möge, die er zu seiner Ver theidigung diensam finden würde, massen er sich die aus seiner Verabsäumung entstehenden Folgen selbst beyzumessen haben würde.', 'Als wird derselbe dessen anmit zu dem Ende erinnert, damit er allenfalls in rechter Zeit selbst zu erscheinen, oder inzwischen dem bestimmten Vertretter seine Rechtsbehelfe an Handen zu lassen, oder einen anderen Sachwalter zu bestellen, und diesem Gerichte namhaft zu machen, und überhaupt in die rechtlichen ordnungsmässigen Wege ein zuschreiten wissen möge, die er zu seiner Ver theidigung diensam finden würde, massen er sich die aus seiner Verabsäumung entstehenden Folgen selbst beyzumessen haben würde.']"
130,129,64,129_eltern_nachkömmlingen_kinder_erblassers,"['eltern', 'nachkömmlingen', 'kinder', 'erblassers', 'getheilet', 'kindern', 'erbschaft', 'grossältern', 'nachkömm', 'enkeln']","['Jede dieser Hälfte wird unter den Grossältern der Seite, wenn sie bey de noch leben, gleich getheilet: ist eines oder sind beyde Grossältern gestorben, so wird die dieser Seite zufallende Hälfte zwischen den Kindern, und weiteren Nachkömmlingen dieser Grossältern nach eben den Grundsätzen getheilet, nach welchen die ganze Erbschaft zwischen den Kinder und Nachkömmlingen von des Erblassers Eltern getheilet wird.', 'Jst eines von den Eltern gestorben, so treten die von demselben nachgelassenen Kinder, und deren Nachkömmlinge in sein Recht ein, und wird diejenige Hälfte, so dem Verstorbenen gebühret hätte, un ter dessen Kinder, und die Nachkömm linge derselben nach eben den Grundsätzen getheilet, welche in dem §    zur Theilung der Erbschaft zwischen den Kin dern und weiteren Nachkömmlingen des Erblassers bestimmet sind.', 'Sind beyde Eltern des Erblassers gestorben, so wird die eine Hälfte der Erbschaft, so dem noch lebenden Vater zugefallen wäre, unter seine hinterlassene Kinder, und ihre Nachkömmlinge, die andere Hälfte, so der Mutter, wenn sie lebte, gebühret hätte, zwischen ihren Kindern, und den Nachkömmlingen die ser Kinder nach dem §.']"
131,130,63,130_franz_alt_weissmann_weiss,"['franz', 'alt', 'weissmann', 'weiss', 'himmelpfortgr', 'oberneust', 'gumpend', 'franziska', 'demm', 'dietherrin']","['Franz.', 'Franz.', 'Franz.']"
132,131,63,131_prinzessin_prinzessinnen_charlotte_prinzessinn,"['prinzessin', 'prinzessinnen', 'charlotte', 'prinzessinn', 'geblüt', 'madame', 'dauphine', 'strehlitz', 'prin', 'lothringen']","['Hoheit der Chur prinzessin.', 'Prinzessin ANNA.', 'Prinzessin Königl.']"
133,132,63,132_kaiserl_kaiserspit_kaisersthée_69,"['kaiserl', 'kaiserspit', 'kaisersthée', '69', '43', '42', 'frantz', 'kai', 'ankunft', 'thun']","['Kaiserl.', 'Kaiserl.', 'Kaiserl.']"
134,133,63,133_deto_stüferner_weissenkirchner_mugler,"['deto', 'stüferner', 'weissenkirchner', 'mugler', '1781', '1775', 'agspacher', '1774', 'ssenkirchner', '1772']","['12, 1775 Stüferner  deto.', '1775 Stüferner  deto.', '1780 und 1781 Stüferner, und Weissenkirchner  deto.']"
135,134,62,134_hohh_hofer_bürgerl_päbstl,"['hohh', 'hofer', 'bürgerl', 'päbstl', 'artariacomp', 'hofkanzlist', 'danhorn', 'mohni', 'holzens', 'hohenloe']","['Hofer, bürgerl.', 'Jhre  Hohh.', 'Jhro  Hohh.']"
136,135,62,135_math_alt_430_423,"['math', 'alt', '430', '423', 'baud', 'subseribirt', 'wober', 'mathematico4to', 'mathem', 'eckh']","['Dem Math.', 'Dem Math.', 'Dem Math.']"
137,136,62,136_tagl_tagw_brandstätter_kammerl,"['tagl', 'tagw', 'brandstätter', 'kammerl', 'unger', 'gassen', 'arenberger', 'ebenhart', 'gimplin', 'hidl']","['Mass, Tagl.', 'Dem  Heinrich, Tagl.', 'Graf, Tagl.']"
138,137,61,137_sardinien_hungarn_parma_nacher,"['sardinien', 'hungarn', 'parma', 'nacher', 'turin', 'savoyen', 'san', 'herzogin', 'ab', 'könig']","['Von Parma hat man, dass dasige Herzo gin den  Faust Roncagli,  Anton della Rocca, und den Grafen Peroli zu wo chentlich abwechselenden Hof meistern, dann die Gräfinnen Somaglia, Sorogna, San Vi tale, San Secondo, Lessi, und Marazzane, wie auch die Marchesinnen Scotti und Palla vicini von Rom zu Hof damen ernannt, der Herzog aber den Grafen del Verme zum Com mandanten über alle Herzogliche Truppen er wehlet habe.| Genua   1749.', 'Sardinien.', 'Dass von dannen der Baye rische Chur Prinz nach vielfältig empfangenen Ehren und Bedienun gen seine Reiss nacher Parma angetretten; von dorten er nach Man tua: und so fort durch Tyrol nach Oesterreich und Hungarn sich er heben werde.']"
139,138,61,138_1773_1772_steyr_laufende,"['1773', '1772', 'steyr', 'laufende', 'künftig', 'strass', 'körnerzehend', '1773ste', 'leomanstorf', 'jänner']","['1773.', '1773.', '1773.']"
140,139,61,139_burgermeister_rath_geben_vernehmen,"['burgermeister', 'rath', 'geben', 'vernehmen', 'wir', 'jedermann', 'wien', 'hiemit', 'stadt', 'burgerl']","['Wir Burgermeister, und Rath der Stadt Wien geben hiemit jedermann zu vernehmen.', 'Wir Burgermeister und Rath der Stadt Wien, geben hiemit jedermann zu vernehmen.', 'Wir Burgermeister, und Rath der Stadt Wien geben hiemit jedermann zu vernehmen.']"
141,140,61,140_böhmen_kaiserl_bernstein_alphabet,"['böhmen', 'kaiserl', 'bernstein', 'alphabet', 'solms', 'hirsch', 'conrad', 'baadenischen', 'geheimbden', 'braunfelsischen']","['kaiserl.', 'kaiserl.', 'Von der in Böhmen bey Burkersdorf am  Sept. zwischen denen Kaiserl.']"
142,141,60,141_pferde_faust_verkaufen_hengsten,"['pferde', 'faust', 'verkaufen', 'hengsten', 'hoh', 'wallach', 'wallachen', 'braune', 'postzüge', 'reit']","['Pferde zu verkaufen.', 'Auf der Wien im Lorenzerhaus  34 neben dem goldenen Kögel, sind täglich 50 bis 60 Stück Pferde, als Postzüge und Paarweis, auch Reit pferde von verschiedenen Farben, meistens Sieben bürger und Ungern, um billige Preise zu verkau fen, allwo immer frische Transporte ankommen.| Eingerichtete Wohnung zu verlassen.', 'Auf der Wien im Lorenzerhaus  34 neben dem goldenen Kögel, sind täglich 50 bis 60 Stück Pferde, als Postzüge und Paarweis, auch Reit pferde von verschiedenen Farben, meistens Sieben bürger und Ungern, um billige Preise zu verkau fen, allwo immer frische Transporte ankommen.| Papageyen zu verkaufen.']"
143,142,59,142_spanien_madrid_lateinischen_lateinisch,"['spanien', 'madrid', 'lateinischen', 'lateinisch', 'cadix', 'sprache', 'studiren', 'spannien', 'goa', 'mertz']","['Aus Spanien.| Madrid  April.', 'Aus Spanien.| Madrid   DEr Königl.', 'Aus Spanien.| Madrid   DEr Königl.']"
144,143,59,143_realitäten_wambachersche_hauckische_weissische,"['realitäten', 'wambachersche', 'hauckische', 'weissische', 'schuchische', 'ezmannstorferische', 'eckerische', 'bindersche', 'wohlschackische', 'haukische']","['.Realitäten.', 'Realitäten.', 'Realitäten.']"
145,144,59,144_hans_franz_gottfried_juden,"['hans', 'franz', 'gottfried', 'juden', 'johann', 'carl', 'anton', 'gebrüder', 'joseph', 'heinrich']","['Ca tharina Leuschnerischen Erben, von Landten Gottfried Czeiste, von Maltsch Gottfried Mil de, von Mönchmotschelnitz Joseph Schädtlin ger, Franz Carl Niesel, von Obermoys die Balthasar Weckerische Erben, von Prauckau Michael Möhewald, von Ratheln, Valen tin Hentschel, Friedrich Fruntke, von Reg nitz Christoph Feige, von Fägriz, Anton Hel ler, aus dem Städtel Leubus Franz Joseph Funcke, die Gebrüder Dominikus, von Hans Heinrich Deutschmann, von Thiemendorf Hans Joseph Hancke, die weil.', 'Ca tharina Leuschnerischen Erben, von Landten Gottfried Czeiske, von Maltsch Gottfried Mil de, von Mönchmotschelnitz Joseph Schädtlin ger, Franz Carl Niesel, von Obermoys die Balthasar Weckerische Erben von Prauckan Michael Möhewald, von Rathein, Valen tin Hentschel, Friedrich Fruntke, von Reg nitz Christoph Feige, von Fägritz, Anton Hel ler, aus dem Städtel Leubus Franz Joseph Funcke, die Gebrüder Dominikus, von Hans Heinrich Deutschmann, von Thiemendorf Hans Joseph Hancke, die weil.', 'Ca tharina Leuschnerischen Erben, von Landten Gottfried Czeiste, von Maltsch Gottfried Mil de, von Mönchmotschelnitz Joseph Schädtlin ger, Franz Carl Niesel, von Obermoys die Balthasar Weckerische Erben, von Prauckau Michael Möhewald, von Rathein, Valen tin Hentschel, Friedrich Fruncke, von Reg nitz Christoph Feige, von Fägritz, Anton Hel ler, aus dem Städtel Leubus Franz Joseph Funcke, die Gebrüder Dominikus, von Hans Heinrich Deutschmann, von Thiemendorf Hans Joseph Hancke, die weil.']"
146,145,58,145_behörig_gewalttrager_versehenen_falle,"['behörig', 'gewalttrager', 'versehenen', 'falle', 'darzuthun', 'erbschaft', 'prätendenten', 'rucksicht', 'glauben', 'unbedenklich']","['Verlassenschaft eine rechtmässige Foderung, es sey um Erbschaft, Schuld, oder anderer Ursachen willen zu haben glauben, den bestimmten Tag selbst persönlich, oder durch einen hinlänglich versehenen Gewalt trager so gewiss vor uns zu erscheinen, sich be hörig zu legitimiren, und ihre Ansprüche und Forderungen darzuthun, als im widrigen Falle auf die ausbleibenden, oder nicht behörig liqui direnden Erben, Glaubiger und Prätendenten keine Rucksicht genommen, mit der Abhandlung und Vertheilung des Verlassenschaftsguts von Amtswegen vorgegangen, und dasselbe den et wann vorkommenden Erben unbedenklich über lassen werden würde.', 'Ver lassenschaft eine rechtmässige Forderung, es sey um Erbschaft, Schuld, oder anderer Ursachen wil len zu haben glauben; den bestimmten Tag selbst persönlich, oder durch einen hinlänglich versehenen Gewalttrager sogewiss vor uns zu erscheinen, sich behörig zu legitimiren, und ihre Ansprüche, und Forderungen darzuthun, als im widrigen Falle auf die ausbleibenden, oder nicht behörig liqui direnden Erben, Gläubiger, und Prätendenten keine Rucksicht genommen, mit der Abhandlung und Vertheilung des Verlassenschaftsguts von Amts wegen vorgegangen, und dasselbe den etwa vorkom menden Erben unbedenklich überlassen werden würde.', 'Verlassenschaft eine rechtmässige Forderung, es sey um Erbschaft, Schuld, oder anderer Ur sachen willen, zu haben glauben, den bestimmten Tag selbst persöhnlich, oder durch einen hinlänglich versehenen Gewalttrager so gewiss vor uns zu er scheinen, sich behörig zu legitimiren, und ihre Ansprüche und Forderungen darzuthun, als im widrigen Falle auf die ausbleibenden, oder nicht behörig liquidirenden Erben, Glaubigere, und Prätendenten, keine Rucksicht genommen, mit der Abhandlung und Vertheilung des Verlassen schaftsguts von Amts wegen vorgegangen, und dasselbe den etwa vorkommenden Erben unbedenklich überlassen werden würde.| Nachricht.']"
147,146,58,146_krankenh_goekingk_pappenh_ubert,"['krankenh', 'goekingk', 'pappenh', 'ubert', 'pozzi', '', '', '', '', '']","['Krankenh.', 'Krankenh.', 'Krankenh.']"
148,147,58,147_cors_theile_hautb_thle,"['cors', 'theile', 'hautb', 'thle', 'bände', 'basson', 'jnstitutio', 'bassons', '2ter', 'gezierte']","['2 Cors& 2 Bassons.', '2 Cors, Alto& Basse.', '2 Cors, Alto& Basse.']"
149,148,57,148_december_decemb_rorate_vom,"['december', 'decemb', 'rorate', 'vom', 'moselstrohm', 'sonntag', 'amt', 'montag', 'auss', 'genua']","['DEn  December.', 'DEn  December.', 'DEn  December.']"
150,149,57,149_octob_extrablat_octobris_eclio,"['octob', 'extrablat', 'octobris', 'eclio', 'chestern', 'daphne', 'vovet', 'totus', 'lorberbaum', 'betittelt']","['Den  Octob.', 'Den  Octob.', 'Den  Octob.']"
151,150,56,150_decemb_dedöcker_kreisamt_neuburg,"['decemb', 'dedöcker', 'kreisamt', 'neuburg', 'decretisten', 'korn', 'dodogege', 'deklinirt', 'deklination', 'endungen']","['Den  Decemb.', 'Den  Decemb.', 'DEn  Decemb.']"
152,151,56,151_excell_nürnberg_cont_31,"['excell', 'nürnberg', 'cont', '31', 'statt', '30', '', '', '', '']","['Excell.', 'Excell.', 'Excell.']"
153,152,56,152_gold_mach_wirt_beym,"['gold', 'mach', 'wirt', 'beym', 'thury', 'bierabtrag', 'wittwe', 'frantz', 'barb', 'bey']","['Wirt, bey dem gold.', 'Schneid.,    beym gold.', ', bey dem gold.']"
154,153,56,153_ungarn_vieh_kühe_prag,"['ungarn', 'vieh', 'kühe', 'prag', 'kalb', 'täglichen', 'kuh', 'lande', 'stiere', 'pfunde']","['Vieh und Effekten.', 'Vermöge Hofdekrets vom  August   haben   beschlossen, dass die bisher bestandene Vorschrift, bey den an den Gränzen gegen fremde Staaten, zum täglichen Verkehr aufgestellten Zolläm tern, vom grossen Schlachtvieh nicht über 5, und vom kleinen Vieh nicht über 10 Stücke, hereinzubringen, auch auf die ge gen Ungarn gelegenen, zum täglichen Ver kehr aufgestellten Gränzämter ausgedehnet werden soll, und dass diese Einleitung vom .', 'Vermöge Hofdekrets vom  August   haben   beschlossen, dass die bisher bestandene Vorschrift, bey den an den Gränzen gegen fremde Staaten, zum täglichen Verkehr aufgestellten Zolläm tern, vom grossen Schlachtvieh nicht über 5, und vom kleinen Vieh nicht über 10 Stücke, hereinzubringen, auch auf die ge gen Ungarn gelegenen, zum täglichen Ver kehr aufgestellten Gränzämter ausgedehnet werden soll, und dass diese Einleitung vom     angefangen, in Ausübung gesetzt, und dem zu Folge, die Aemter Hochenegg, Wistmath, Anger und March egg, in Kommerzial Zollämter umgestal tet, dagegen Lichtenwerth, Zillingdorf, Brodersdorf und Dürnkrut den Gränz ämtern zum täglichen Verkehr, auf das strengste gleichgehalten, hiernächst nicht nur die grössern Viehtriebe, sondern auch über haupt der bedeutendere Warenhandel, in so weit dieser in dem Zollpatente auf die Kommerzial Zollämter gebunden ist, auch gegen Ungarn auf dieselben beschränkt, je doch der Eintritt des grossen Schlachtvie hes sowohl, als des kleinen Viehes, wenn jenes die Zahl von 5, und dieses die Zahl von 10 Stücken nicht übersteigt, noch fort an, wie bisher, bey jedem näher gelegegelegeren 2863| ren mindern Zollamt zu leichterer Anschaf fung des täglichen, wie auch des Ge werbsbedarfs der Fleischer, gestattet wer den soll.']"
155,154,55,154_sicher_vorgehen_erbrecht_anzuhören,"['sicher', 'vorgehen', 'erbrecht', 'anzuhören', 'jure', 'vorzuladen', 'abgegangen', 'residenzstadt', 'magistrate', 'nöthig']","['Von dem Magistrate der   Haupt und Residenzstadt Wien wird andurch bekannt ge macht: Es sey der Lorenz Mayer, ein Schuhmacher, mit Tod abgegangen, und daher, um mit der künftigen Verlassen schafts Abhandlung sicher vorgehen zu kön nen, für nöthig befunden worden, dieje nigen vorzuladen, welche an dieser Verlassen schaft durch Erbrecht, oder  jure crediti,vel quocunquealioTitulo Foderungen machen könnten.', 'Von dem Magistrate der   Haupt und Residenzstadt Wien wird andurch bekannt ge macht: Es sey der Lorenz Mayer, ein Schuhmacher, mit Tod abgegangen, und daher, um mit der künftigen Verlassen schafts Abhandlung sicher vorgehen zu kön nen, für nöthig befunden worden, dieje nigen vorzuladen, welche an dieser Verlassen schaft durch Erbrecht, oder  jure crediti,vel quocunquealioTitulo Foderungen machen könnten.', 'Von dem Magistrate der   Haupt und Residenzstadt Wien wird andurch bekannt ge macht: es sey der  Franz Ludwig Linhart, Weltpriester, mit Tod abgegangen, und dadader der, um mit der diesfälligen Verlassenschafts abhandlung sicher vorgehen zu können, für nothwendig befunden worden, all jene vor zuladen und anzuhören, welche an diese Verlassenschaft entweder um Erbrecht, oder jure crediti, velquocunquealioTitulo Foderungen und Ansprüche machen könnten.']"
156,155,55,155_glückwünsche_hungarn_abzustatten_complimenten,"['glückwünsche', 'hungarn', 'abzustatten', 'complimenten', 'gratulations', 'ministern', 'majestät', 'fremden', 'adel', 'ministers']","['Dass man alda den  Dito wegen des von der Kaiserlichen Armee in Hungarn über die Tür kische mit ungemeiner Tapfferkeit befochten statlichen Siegs ein herr liches Dank Fest begangen.', 'Hoheit wegen dieser feyerlichen Gelegenheit von allen Herren und fremden Ministern wie auch dem hohen Adel bey Hof die Glückwünsche, und jedermann erschiene in Gala.', 'Am folgenden Tage hatten sie Audienz bey Jh rer Majestät der Kaiserin, um ihre er sten Glückwünsche abzustatten.']"
157,156,54,156_rechtssache_angebrachte_gerichtsordnung_erblanden,"['rechtssache', 'angebrachte', 'gerichtsordnung', 'erblanden', 'gefahr', 'entschieden', 'bestellet', 'ausgeführet', 'sonach', 'kurator']","['Da nun das Gericht wegen ihren nicht bekann ten Aufenthaltsorte, allenfalls Abwesenheit von den k  Erblanden ihr Hübschin den hier ortigen Hof und Gerichtsadvokaten Jgnatz Füt terer zur Vertrettung auf ihre Gefahr und Unkösten als Kurator bestellet hat, mit wel chem die angebrachte Rechtssache nach Maass der für die   Erbländer gesätzmässig bestim ten allgemeinen Gerichtsordnung ausgeführet, sonach entschieden werden wird.', 'Da nun das Gericht wegen dessen nicht bekann ten Aufenthaltsorte, allenfalls Abwesenheit von den   Erblanden ihm Johann Michael Göschl den hierortigen       Ramor, zu Vertretung auf desselben Gefahr und Un kösten als Kurator bestellet hat, mit welchem die angebrachte Rechtssache nach Mass der für die   Erblanden gesetzmässig bestimmten all gemeinen Gerichtsordnung ausgeführet, sonach entschieden werden wird.', 'Da nun das Gericht wegen dessen nicht bekann ten Aufenthaltsorte, allenfalls Abwesenheit von den   Erblanden ihm Johann Michael Göschl den hierortigen       Ramor, zu Vertretung auf desselben Gefahr und Un kösten als Kurator bestellet hat, mit welchem die angebrachte Rechtssache nach Mass der für die   Erblanden gesetzmässig bestimmten all gemeinen Gerichtsordnung ausgeführet, sonach entschieden werden wird.']"
158,157,54,157_lesern_leser_briefe_herausgeber,"['lesern', 'leser', 'briefe', 'herausgeber', 'publikum', 'werkchen', 'überlässt', 'tadel', 'schmack', 'briefwechsel']","['Diesmal hat der Verleger nichts mehr an das Publikum zu erinnern, als dass er hierüber jedem Leser von Ge schmack das Urtheil selbst überlässt, und dies soll entscheiden, in wie fern dies Werkchen Lob oder Tadel verdient.', 'Diesmal hat der Verleger nichts mehr an das Publikum zu erinnern, als dass er hierüber jedem Leser von Ge schmack das Urtheil selbst überlässt, und dies soll entscheiden, in wie fern dies Werkchen Lob oder Tadel verdient.', 'Diesmal hat der Verleger nichts mehr an das Publikum zu erinnern, als dass er hierüber jedem Leser von Ge schmack das Urtheil selbst überlässt, und dies soll entscheiden, in wie fern dies Werkchen Lob oder Tadel verdient.']"
159,158,52,158_venedig_auss_decemb_juny,"['venedig', 'auss', 'decemb', 'juny', 'jenner', 'october', 'augusti', 'vom', 'ararbeitet', 'anatomisches']","['Auss Venedig vom  April.', 'Auss Venedig vom  April.', 'Auss Venedig vom  April.']"
160,159,52,159_regierung_abwesenden_gegenwärtig_daran,"['regierung', 'abwesenden', 'gegenwärtig', 'daran', 'offenem', 'gelegen', 'edict', 'jedermänniglich', 'deme', 'wissen']","['Von der   Regierung wegen, wird mit gegenwärtig offenem Edict jedermänniglich sowol An als Abwesenden, deme daran gelegen, kund und zu wissen gemacht: Es habe Regierung nach erfolgt tödtlichen Hintritt des Carl Joseph Dräx ler, gewest Kaiserl.', ')| Von der   Regierung wegen, wird mit gegenwärtig offenem Edict jedermänniglich, so wol Anals Abwesenden, deme daran gelegen, kund und zu wissen gemacht: Es habe Regierung eine Nohtdurft zu seyn befunden, über des weil.', 'Regierung wegen, wird mit gegenwärtig offenen Edikt jedermänniglich sowohl An als abwesenden deme daran gelegen, kund und zu wissen gemacht.']"
161,160,52,160_hauptm_hausfr_hauskn_haushofmeist,"['hauptm', 'hausfr', 'hauskn', 'haushofmeist', 'hauptg', 'meixners', 'harrach', 'harb', 'raabisches', 'shuhmach']","['k Hauptm.', 'Hauptm.', 'Hauptm.']"
162,161,52,161_löbl_des_zarus_frepherrl,"['löbl', 'des', 'zarus', 'frepherrl', 'von', 'la', 'seiten', 'der', '', '']","['Von des löbl.', 'Von des löbl.', 'Von des löbl.']"
163,162,52,162_deutschen_deutsche_il_30,"['deutschen', 'deutsche', 'il', '30', 'opera', 'musikalien', 'opern', 'viola', 'detto', 'di']","['Jn der Lauschischen Musikalienhandlung in der Kärntnerstrasse  1085 ist zu haben: La Grotta di Trofonio,Opera des Herrn Salierj in Partitur, 20 — im Clavieraus auszug 14 — in Quartetten  a 2 Violin, ViolaesVioloncello, 6  30  Cimarosa, il Pittrore Parigino, a detto, 6 30 Paisello; il Rè Teodoro in Venezia, an detto 6  30  — detto a Flauto Traverso, Violino, Viola, e  6  — il Barbiere di Seviglia, a 2 Violini, Viola e Violonc.', '3  12  Die ganze Opera in der Spart 24  Jn Quartetten, a 2 Violint, Viola,eVioIoncello wird bis  Juli mit 6  pränumeriret.| Operainder Spartz Paisiello: Il Barbiere di Seviglla, 24  —  Il Ré Teodoro in Venezia, 38  —  La Contadina di Spirito, 24  Sartj: Fra i due litiganti, il Terzo gode, 28 | Opern auf Harmonie: Paisiello, Il Barbiere di Seviglia, 5  30  —  Il Ré Teodore in Venezia, 8  40  Sartj, Fra i due litiganti, & 5  30  ( Alle 8stimmig, die Uibersetzung des  Went.', 'Opern in der Spart: Paisiello, Il Barbiere di Seviglia, 24  ——  Il Ré Teodoro in Venezia, 38  ——  La Contadina di Spirito, 24  Sartj: Fra i due litiganti, il Terzo gode, 28  Opern auf Harmonie: Paisiello, Il Barbiere di Seviglia, 5  30  ——  ll Rè Teodore in Venezia, 8  40  Sartj, Fra i due litiganti, & 5  30  ( Alle 8stimmig, die Uibersetzung des  Went.)']"
164,163,52,163_ungarn_böhmen_ungarischen_hungaris,"['ungarn', 'böhmen', 'ungarischen', 'hungaris', 'ungarischer', 'hungarischen', 'ämtlichen', 'eingehoben', 'bühren', 'amtirung']","['Ungarn.', 'Ungarn.', '“ Ungarn.']"
165,164,51,164_lisabon_portugal_portugall_lissabon,"['lisabon', 'portugal', 'portugall', 'lissabon', 'auss', 'lisbona', 'portugiesischen', 'julij', 'februarii', 'freire']","['Aus Portugal.| Lisabon  Julii.', 'Aus Portugal.| Lisabon  Julii.', 'Aus Portugal.| Lisabon  April.']"
166,165,51,165_wagen_lakirt_tafeln_tuch,"['wagen', 'lakirt', 'tafeln', 'tuch', 'schneckenfedern', 'gestell', 'gefüttert', 'lichtgrauen', 'vergoldet', 'englischer']","['Ein 4sitzig englischer Staatswagen auf 4 hohen Schneckenfedern und 2 eisenen Schwa nenbögen, mit fein grauen Tuch gefüttert, die Tafeln papfarb lakirt, mit weissen Dessein ge malen, feinen Gläsern mit Fazeten, die Sau len, Federn und Bögen gut vergoldet.', 'Ein 4sitziger englischer Staatswagen nach neuester Art, die Tafeln violet lakirt, mit weissen Dessein gemalen; ein 2sitziger deto, die Tafeln auf silbergrün lakirt, beyde in wendig mit lichtgrauen Tuch ausgemacht, auf hohen Schneckenfedern, mit 2 eisenen Schwanenhälsen, alles gehörige gut vergol det; ein 2sitziger ordinärer Wagen auf Lang riem, mit weissen Tuch ausgemacht, die Ta feln stahlgrün lakirtund weiss beschnitten; zwey 2sitzige Postschaise oder sogenannte Pa startwägen, einer mit lichtgrauen Tuch, die Tafeln stahlgrün, weiss beschnitten, anf vier Schneckenfedern, mit 2 Schwanenhäls, mit Magazin und andern Reisnothdurften verse hen, der andere mit grünen Zeug ausgemacht, die Tafeln karmelitgrün beschnitten, auf zwey Schneckenfedern mit 1 Schwanenhals; ein 4 sitziges Kalless auf Langriem mit einem Vor dertach zum abnehmen, die Tafeln saftgrün lakirt und inwendig mit weissen Tuch; dann andere Kallesse mit Lanquit und eisenen Bo gen, auch verschiedene Sätel auf alle Arten ganz neu, sind um billige Preise zu haben bey dem bugl.', 'Ein 4sitzig englischer Staatswagen auf 4 hohen Schneckenfedern und 2 eisenen Schwa nenhäls, mit sein lichtgrauen Tuch gesüttert, die Tafeln violet lakirt mit weissen Dessein ge malen, die Saulen, Federn und Schwanen häls gut vergoldet; ein 2sitziger auf 4 Schne ckenfedern und 2 Schwanenhälsen, mit sein lichtgrauen Tuch gefüttert, die Tafeln auf sil bergrün lakirt, die Saulen, Federu und Schwa nenhäls vergoldet; ein 4sitziges Kalless auf 2 Prangard und Langriem, mit hohen Aufzug, roth, halb und ganz gedeckt, das vordere Dach zum Abnehmen, mit feinen weissen Tuch ge füttert, die Taseln saftgrün lakirt; ein 2sitzige Postschaise oder Parstart auf 2 Schwanenhäls und 4 hohen Schneckenfedern, die Tafeln stahl grün mit weissen Dessein gemalen, mit licht grauen Tuch gefüttert, in der vordern Wand 4 Schubladen und ein Tisch zum ausmachen, mit Magazin und Reiskomodite versehen; ein deto auf ein Schwanenhals, hinten 2 hohen Scheckenfendern, voran 2 hölzerne, die Tafeln karmelitfarb mit weissen Dessein, mit fein grü nen Zeig gefüttert, an der vordern Wand ein Tisch zum aufmachen und extra zu einer Cha tul eingerichtet; ein 4sitziges Kalless mit ein Schwanenhals zum Durchlauf auf 4 hölzenen Feldern, mit fein lichtgrauen Tuch gefüttert, die Tafeln und Gestell stählgrün; auch andere Kallesse mit und ohne Durchlauf auf Lanquie den,dannalleGattungenenglischeSättelund sogenannteenglischeBritschenvongutenLeder und besten Qualität sind täglich um billige Preise zu finden bey dem burgl.']"
167,166,51,166_hungarn_diarii_wienerischen_verleger,"['hungarn', 'diarii', 'wienerischen', 'verleger', 'böhmen', 'deutschen', 'verlegern', 'quartal', 'vorhinein', 'eintrettenden']","['Bey dem Verleger dieses Wienerischen Diarii, ist zu haben: der Römisch Kaiserlichen auch zu Hispanien in Hungarn und Bö heim Königl.', 'Bey dem Verleger des Wienerischen Diarii ist zu haben: Beschreibung des prächtigsten Einzugs welchen Jhre zu Hungarn und Böheim Königl.', 'Bey dem Verleger des Wienerischen Diarii, ist zu haben: Schema dero zu Hungarn, und Böheim Königl.']"
168,167,51,167_verordnung_löbl_hochlöbl_eines,"['verordnung', 'löbl', 'hochlöbl', 'eines', 'dies', 'oefen', 'auf', 'ko', 'nes', 'leröchste']","['Auf Verordnung eines löbl.', 'Auf Verordnung der löbl.', 'Auf Verordnung der löbl.']"
169,168,50,168_alt_wieden_68_rossau,"['alt', 'wieden', '68', 'rossau', '54', '77', '66', '65', 'versorg', '58']","['alt 1  auf  Wieden   Walburga Trescher, alt 58  in  Versorg.', 'alt 68  auf  Wieden   Dem Mich. Jäger, Schust.', 'alt 54  am Neu bau   Math Goller, Schneider, alt 68  auf  Wen delst.']"
170,169,50,169_fortfah_ssigiährige_belehren_rthl,"['fortfah', 'ssigiährige', 'belehren', 'rthl', 'letztern', '10den', '10', '6ten', '5den', 'auffzug']","['Der acht und drey ssigiährige ssigiährige Kranke.', 'Die Folge wird mich belehren, ob ich mit den 6 letztern fortfah ren soll, oder nicht.', 'Die Folge wird mich belehren, ob ich mit den 6 letztern fortfah ren soll, oder nicht.']"
171,170,50,170_oranien_arunculen_prinz_arnunculen,"['oranien', 'arunculen', 'prinz', 'arnunculen', 'andeneggischen', 'zollerischen', 'origo', 'rukwärts', 'pretiosa', 'ormea']","['Arunculen der Prinz von Oranien.', 'Arunculen der Prinz von Oranien.', 'Arunculen der Prinz von Oranien.']"
172,171,49,171_früh_obbestimmten_licit_erscheinen,"['früh', 'obbestimmten', 'licit', 'erscheinen', 'kauflustigen', 'kauflustige', 'diesem', 'magistrate', 'daher', 'magistrat']","['Die Kauflustigen haben daher an obbestimmten Tägen früh um 10 Uhr vor diesem Magistrat zu erscheinen.| Licit.', 'Die Kauflustige haben daher an obbestimmten Tag vor diesem Magistrat früh um 10 Uhr zu erscheinen.| Licit.', 'Die Kauflustige haben daher an obbestimmten Tag vor diesem Magistrat früh um 10 Uhr zu erscheinen.| Licit.']"
173,172,49,172_cath_stief_eva_,"['cath', 'stief', 'eva', '', '', '', '', '', '', '']","['Cath.', 'Cath.', 'Cath.']"
174,173,49,173_fest_heil_sonntags_festtag,"['fest', 'heil', 'sonntags', 'festtag', 'fronleich', 'heut', 'feste', 'am', 'nam', 'wit']","['Heut als am Fest des Heil.', 'Heut als am Fest des Heil.', 'Heute, als am Fest der Heil.']"
175,174,49,174_deutsche_baron_ungarn_obriste,"['deutsche', 'baron', 'ungarn', 'obriste', 'graf', 'obrist', 'leutenant', 'major', 'axel', 'kammerherr']","['Kommisarius, Graf Feldmarschall Nadasd, und der Herr Obergespann befanden: neben dem Wagen giengen zu beyden Seiten 4 hun garisch und 4 deutsche Hausofficiers.', 'Wagenfelt, die General Majors, Baron Rosenhane, Baron Axel Roos, Baron Axel Max Dongall, Graf Axel Oxienstierna, die General Majors, und Amts Haupt Leute Baron   de Albe duhl, und Lorenz Stobee, die Lands Haupt Leute, Graf Nils Bonde, Eric Odelström, Christian Barnekon, Gustav Abraham Piper, der General Major und LandsHauptmann Anders Tungelfelt, General Major Carl An ders Sinclair, der Lands Hauptmann Heinr.', 'Trabanten, Baron Hanns Mörner, ) der Obriste, Baron Jöran Flemming, ) der Obriste, Baron Kronhiorst, ) der Obriste von Lingen, ) der Obriste Baron Otto Flemming, ) der Obriste Ba ron Stierneld, ) der Commandeur, Graf Eric Arswed Sparre, ) der Zeugmeister, Baron  Siöblad, 16) der Commandeur Ankarkrantz, ) der Obriste, Graf Jan Cronhielm, 18) der Obrist Mauritz Klinkow ström, 19) der Obrist Leutenant Peter Pfeif, ) der Obrist Leutenant Matern, und der Adjutant derer Königl.']"
176,175,48,175_ferdinand_böhmen_braunschweig_ferdinands,"['ferdinand', 'böhmen', 'braunschweig', 'ferdinands', 'prinzen', 'weymar', 'erzherzog', 'potsdamm', 'schweig', 'prinz']","['Prinzen Ferdinand von Würtemberg, in die königl.', 'Herr Frantz Ferdinand des Heil.', 'Ludwig Ferdinand.']"
177,176,48,176_elis_elion_harder_jacobi,"['elis', 'elion', 'harder', 'jacobi', 'aria', 'arnold', 'verehret', 'daniel', 'bin', 'jch']","['Elis.', 'Elis.', 'Elis.']"
178,177,48,177_hausmeister_wohnung_einzuholen_verlassen,"['hausmeister', 'wohnung', 'einzuholen', 'verlassen', 'beym', 'auskunft', 'nähere', 'forsterin', 'bestehen', 'erkundigen']","['Nähere Auskunft ist beym Hausmeister einzuholen.| Herrschaftliche Wohnung.', 'Nähere Auskunft ist beym Hausmeister einzuholen.| Eingerichtete Wohnung zu verlassen.', 'Man kann sich da beym Hausmeister anmelden.| Wohnung zu verlassen.']"
179,178,48,178_böhmen_kutsch_gebs_krankend,"['böhmen', 'kutsch', 'gebs', 'krankend', 'gross', 'gräfl', '12mo', 'syndik', 'trembecky', 'grosskr']","['Böhmen.', 'Böhmen.', 'Böhmen.']"
180,179,48,179_frauenzimmer_stutzer_schönen_weiblichen,"['frauenzimmer', 'stutzer', 'schönen', 'weiblichen', 'geschlechtes', 'schreibart', 'schlechts', 'lieblingsthor', 'menheit', 'frisur']","['Man erwog nicht, dass sie doch die Hälfte unserer Gattung aus machen, dass Verbindung mit ihnen für Männer nothwendig ist, welche, wenn sie selbst vernünftig sind, auch sie vernünftig wünschen; dass Männer durch sie glücklich ober unglücklich sind, ganze Häu ser steigen oder sinken können ” Da dieses Werkchen vorzüglich den Schönen gewidmet ist, so war man auch bemüht, die Auflage so niedlich als möglich zu machen; das hiezu von der Meisterhand des  Stöbers gezeichnete und gestochene Kupfer kann man mit Grund ein Jdeal weiblicher Schönheit nen  Keiner unsrer Leser und Leserinnen wird dieses Buch ohne in jeder Rüksicht gänzliche Befriedigung aus den Händen legen.| Ankündigung eines Grundrisses der landesfürstl.', 'Ein Verehrer, ein Freund des schönen Ge schlechts— aber kein solcher, der die Frauenzimmer um deswegen schäzet, weil sie ers Schmeicheleyen Gehör geben, sich gern vergöttern lassen, von der Frisur dem Putz der Schminke ihren Reiz borgen, und die Koketterie für die grösste weibliche Vollkom menheit halten— nein ein solcher, auf den Sittsamkeit, Anmuth, Verstand und Tu gend einen Eindruck machen; der eifrigste Ver teidiger ihrer guten Eigenschaften, und der ftigste Widersacher gewisser Lieblingsthor ten— dieser will dem schönen Geschlechte seinen Verehrern seinen gehabten Traum, d die damit verbundene Geschichte erzäh  Der Anlass ist sonderbar.', 'Ein Verehrer, ein Freund des schönen Ge schlechts— aber kein solcher, der die Frauenzimmer um deswillen schäzet, weil sie öfters Schmeicheleyen Gehör geben, sich gern vergöttern lassen, von der Frisur, dem Putz und der Schminke ihren Reiz borgen, und die Koketterie für die grösste weibliche Vollkom menheit halten— nein: ein solcher, auf den nur Sittsamkeit, Anmuth, Verstand und Tu gend einen Eindruck machen; der eifrigste Ver theidiger ihrer guten Eigenschaften, und der heftigste Widersacher gewisser Lieblingsthor heiten— dieser will dem schönen Geschlechte und seinen Verehrern seinen gehabten Traum, und die damit verbundene Geschichte erzäh — Der Anlass ist sonderbar.']"
181,180,48,180_superintendenten_burgerspitals_spitalmeister_spital,"['superintendenten', 'burgerspitals', 'spitalmeister', 'spital', 'ungarn', 'geben', 'vernehmen', 'wien', 'meister', 'wir']","['Von Superintendenten und Spitalmeister des Burgerspitals in Wien wird hiemit de kannt gemacht: Es habe der gerichtl.', 'Von  Superintendenten und Spitalmeister des Burgerspitals in Wien wird zu vernehmen gegeben: dass auf Anlangen des gerichtl.', 'Von   Superintendenten und Spital meister des Burgerspitals in Wien wird hie mit kund gemacht: es sey über das von dem löbl.']"
182,181,48,181_kleebinder_spiegelritter_kohlischer_krayslisches,"['kleebinder', 'spiegelritter', 'kohlischer', 'krayslisches', 'kolloredischen', 'kozebue', 'kollfellner', 'kutscherns', 'kreutz', 'krauss']","['Jgnaz Kleebinder.', 'Jgnaz Kleebinder.', 'Jgnaz Kleebinder.']"
183,182,48,182_feuerwerk_deutsche_deutschen_feuer,"['feuerwerk', 'deutsche', 'deutschen', 'feuer', 'abgebrannt', 'feuerwerke', 'blumen', 'kostbares', 'pallaste', 'stuwer']","['Zwey viersache Rosen von besonderer Schönheit,welche  Jn zwey wunderlichen Brillantfiguren abgehen,und  Dreyen ala Grecque Quadraten Feuer geben,welchenachlangenAnhaltensich  mit einem starken Brillantenfeuer vereinen,sodann  in eine Pumpenkreuzung übergehen,undletztlich  Den ganzen Feuerwerksplatz durch drey Brillantfächer des schönsten Feuers, die an Höhe der Dekoration gleich sind, erfüllen.Nunfolgt  Die ganze Beleuchtung, in der letzthin gehabten Gestalt, und Bewegung der im Mittelpunkt an gebrachten Hauptmaschine, nach ihrer ganzen Pracht,vorderenErlöschung  Ein Plutonengefäss, welches den vergrösserten Feuerwerksplatz mittelst Auswerfung einer grossen Menge, Luftstücke von allen Gattungen, umlaufen,unddieOhrenderZuschauervorbereiten wirdzudemwiederzurückkehrendenundumvielesverstärkten  Kriegsgetoss,worauf MittelsteinemstarkenLauffeuer DasEndediesesFeuersdurcheineninderLufterschallendenDonnervonganzneuerErfindung Das letzte Feuerwerk zur Ehre des deutschen Geschmcks hatte das Glück, ganz besonders zu gefallen.', '1313 Anhang zur Wiener Zeitung    1789.| Wien.|  Feuerwerk Herr Stuwer versieht sich zu der billigen und gnädigen Denkungsart des Publikums, dasselbe werde es nicht übel nehmen, dass auch gestern das für diesen Tag angekündigte Feuerwerk nicht hat abgebrannt werden kön  An einem zweifelhaften Tage, an welchen diese Liebhaber aus Besorgniss, die Wit terung möchte schlimmer werden, von dem Besuche abgehalten werden, ein so kostbares Feuerwerk abbrennen, ist dem Unternehmer eben so nachtheilig, als den zurückgebliebe nen Liebhabern unangenehm.', 'Die Hofnung, dass ein einsichtsvollestes Publikum wegen dem bey meinem letzt abge brannten Feuerwerk gehabten ausserordentlich starken Rauch mich entschuldigen, und einen Zufall der Witterung, welcher auch den Flug des Ballons verhindert hat, weil die Ar beiter wegen des vielen Rauches sich weder in erhalten,nochdieDirektiondesselbenzu sehen vermochten, mir nicht zur Last legen wird, und die Uiberzeugung, dass bey einem günstigeren Winde eben diese Dekoration,| Die Luftreise des Blanchards von Dower nach Calais über den MeerKanal vorstellend, ein Perspektiv, ohne seines gleichen darstellen, und allen, welche selbe ei nigermassen unter der Wolke des Rauches gesehen haben, wieder neu, und sehenswür dig seyn wird, machte mich zu Widerholung dieses Feuerwerks schlüssig, welches ich Frey tags den  dieses abzubrennen gedenke, wenn es anderst die Witterung zulässt: wobey ich aber zugleich mit einem ganz neuen, aus den ausgesuchtesten Zeichnungen, und künst lichen mechanischen Einrichtungen zusammge setzten Parterre Feuerwerk aufwarten werde, worunter sich vorzüglich die Hauptfronte, un ter dem Titel: etwas für Liebhaber des Landes anempfehlen dörste, welche eine ganz bewegliche Landschaft von verschiedensten Ge genständen der Natur nach vorstellen, und den Zusehern einen gewiss reizenden Anblick darstellen wird.|  Georg Stuwer,   priv.']"
184,183,48,183_dero_majestät_jhro_kaiserlich,"['dero', 'majestät', 'jhro', 'kaiserlich', 'majestäten', 'königlich', 'titl', 'durchl', 'römisch', 'printzen']","['Majestät unterthänigste und getreue „ste Unterthanen, wir die in ein Parla „ment versammelte geistliche und weltliche Herren, näheren uns Dero Thron mit EiferEiferund und| und Neigungs vollen Herzen für Dero Per „son und für Dero Regierung, so, wie es denen getreuesten Unterthanen gegen dem Be „sten derer Königen geziemet.', 'Her Franz Haüibal von Vörman, Churfärstlich gchemer Naht Tero Cre ditin allerunterthänigst übergeben lassen; als haben hieraufallerhöchst gedacht Jhre Kaiserlich und Catholische Majestit denenselben vorge sernallergnädigste Audienzertheilet.', 'Dannen hero  Excellenz vor Dero gegen unsere Angelegenheiten begende Huld wir den er sinnlichsten Dank abstatten, zugleich aber unterthänig bitten,  Excellenz wollen nach Dero preiswürdigsten Liebe zur Ge rechtigkeit, und nach Dero Vielvermögen heit dem Anligen der gesammten BurgerBurgerschaft schaft dieser Stadt Dero Schutz un Bey stand nachdrüklichst angedeihen zu lassen ge ruhen.']"
185,184,47,184_rheinstrom_nieder_vom_rheinstrohm,"['rheinstrom', 'nieder', 'vom', 'rheinstrohm', 'nider', 'obern', 'ober', 'july', 'december', 'october']","['Von dem Nieder Rheinstrom vom  April.', 'Von dem Nieder Rheinstrom vom  April.', 'Von dem Nieder Rheinstrom vom  April.']"
186,185,47,185_schweitz_auss_december_scheyb,"['schweitz', 'auss', 'december', 'scheyb', 'october', 'vom', 'juny', 'november', 'augusti', 'portrait']","['Auss der Schweitz vom  April.', 'Auss der Schweitz vom 9 April.', 'Auss der Schweitz vom  April.']"
187,186,46,186_kinskischen_anger_matzen_kleinmayerschen,"['kinskischen', 'anger', 'matzen', 'kleinmayerschen', 'meixnerischen', 'cont', 'hungarisch', 'eintreibung', 'reichsgotteshaus', 'contra']","['Philipp Kinskischen Herr schaft Matzen und Anger in  Oest.', 'Stift  Peter in Salz burg gehörigen Grundbuch Dornbach, wird hiemit kund gemacht: es habe Herr Jgnaz Schlager,          als zu Eintreibung der Johann Meixnerischen Satzposten gerichtl.', 'Stift  Peter in Salz burg gehörigen Grundbuch Dornbach, wird hiemit kund gemacht: es habe Herr Jgnaz Schlager,          als zu Eintreibung der Johann Meixnerischen Satzposten gerichtl.']"
188,187,46,187_titl_ungarn_graf_maister,"['titl', 'ungarn', 'graf', 'maister', 'sintzendorf', 'erb', 'sinzendorf', 'herr', 'wilhelm', 'falckenstein']","['Herr Graf Trautson als Erb Land Hof Maister: Titl.', 'ehelichen Toch ter von Gebmanns, welche 1743 in Ungarn ab gereiset ist; 2do Johann Georg Taschner von Stainbach Sohn des Sebastian Taschner seel.', 'Majestät Obrist Cammerern( Titl) Herrn Johann Leopold Donat Traut sohn Grafen zu Falckenstein ( Titl) Herr Ehrenreich Graf von Sprintzen stein  als würcklicher Kayserl.']"
189,188,46,188_verstoss_satzbrief_ausfertigung_gerathen,"['verstoss', 'satzbrief', 'ausfertigung', 'gerathen', 'obligation', 'null', 'gebetten', 'unkräftig', 'wochen', 'nichtig']","['1780 ausgefertigte Satz brief, welcher von dem dermaligen Besitzer Jakob Jauner bereits getilget worden, in Verstoss gera then sey, wesswegen selber um Amortisirung erst gedachten Satzes gebetten  Daher haben jene, welche gedachten Satzbrief in Handen haben, oder darauf Ansprüche zu machen gedenken, ihr darauf habendes Recht binnen 1 Jahr, 6 Wochen und 3 Tägen sogewiss gehörig darzuthun, wie im widri gen sothaner Satzbrief ohne weitern amortisirt und für unkräftig erkläret werden würde.', 'Grundbuch ausgefertigt annoch haftende Satz  2400   Sept. 1746 kassirt werwerden den sollte, über die bereits den  April 1751 an ihre Mutter beschehene Bezahlung aber die ser Satzbrief in Verstoss gerathen, und all fleis sigen Nachsuchens ungehindert nicht zu Handen zu bringen gewesen wäre; sie baten daher um Ausfertigung eines in derley Fällen gewöhnlichen Amortisationsedikts, in welch billiges An suchen auch gewilliget worden  Solchemnach werden all jene, so von obigen Satzbrief eini ge Wissenschaft haben, oder hieran einige Sprüche zu stellen vermeinen, von unt gesetzten Da to an, binnen 1 Jahr, 6 Wochen und 3 Tä gen sich alsogewiss zu melden, und hiezu behö rig zu legitimiren haben, wie im widrigen nach Verstreichung dieses Termins ersagter Satzbrief gänzlich cassirt, und hinfür für null, nichtig und unkräftig geachtet werden soll.', 'Grundbuch ausgefertigt annoch haftende Satz  2400    Sept. 1746 kassirt wer den sollte, über die bereits den  April 1751 an ihre Mutter beschehene Bezahlung aber die ser Satzbrief in Verstoss gerathen, und all fleis sigen Nachsuchens ungehindert nicht zu Handen zu bringen gewesen wäre; sie baten daher um Ausfertigung eines in derley Fällen gewöhnlichen Amortisationsedikts, in welch billiges An suchen auch gewilliget worden  Solchemnach werden all jene, so von obigen Satzbrief eini ge Wissenschaft haben, oder hieran einige Sprüche zu stellen vermeinen, von unt gesetzten Da to an, binnen 1 Jahr, 6 Wochen und 3 Tä gen sich alsogewiss zu melden, und hiezu behö rig zu legitimiren haben, wie im widrigen nach Verstreichung dieses Termins ersagter Satzbrief gänzlich cassirt, und hinfür für null, nichtig und unkräftig geachtet werden soll.']"
190,189,46,189_frankfurt_deutschen_hamburg_augsburg,"['frankfurt', 'deutschen', 'hamburg', 'augsburg', 'deutschland', '99ste', 'oberpostamte', 'aschaffenburg', 'legt', 'octob']","['Frankfurt.', 'Frankfurt!', 'Frankfurt.']"
191,190,45,190_catharina_cath_catholis_cathar,"['catharina', 'cath', 'catholis', 'cathar', 'cabrian', 'cacacatholis', 'catharinenthal', 'catholiz', 'aschenbacherin', 'escherichin']","['alt   Cath.', 'ihr  Anna Catharina.', 'Catharina.']"
192,191,45,191_reitter_juden_reitterin_erben,"['reitter', 'juden', 'reitterin', 'erben', 'abwesend', 'wochen', 'jahr', 'binnen', 'rosalia', 'tod']","['Eleonorischer Rosenkranz pater, ohne letztwilligen Geschäft bereits im Jahr 1756.mit Tod| Tod abgegangen, und habe sich hinnach um des selben abintestato ruckgebliebene Verlassenschaft der Zeit kein Erb angemeldet: Wann nun Re gierung um die etwann ein oder andere bey dieser Verlassenschaft von Rechts wegen gebührende Erb sprüch in Erfahrung zu bringen, anbey das etwann vorhandene Æsalienum ausfindig zu machen, folgsam zu Abhandlung solcher Verlas senschaft sicher fürschreiten zu können, eine Not durft zu seyn befunden hat, alle hieran Theil nehmende, sowol in als ausser Land befindliche Personen, durch dieses offentliche Edict zu An meld Legitimir und Liquidirung ihrer an ob bemeldete Verlassenschaft exquacunquecausa veltitulo habender Sprüch und Forderungen ge richtl.', 'Majestät   Landrecht wegen, den Gebrüdern Leopold und Karl Reitter, allenfalls derselben Erben hie mit anzufügen: es habe derselben Schwester Rosalia Reitterin hierorts angezeit, welcher gestalten der ihnen beeden Gebrüdern jeden  18  10  zusammen  36  20  ge bührende väterliche Erbantheil von darum zu Gerichtshanden depositirt worden sey, weil sich beede in   Kriegsdienste begeben, und er Leopold Reitter bereits über 40 Jahr, er Karl Reitter aber über 30 Jahr allschon abwesend, und unwissend sey, sofort da ihr Rosalia Reit terin von ihren beeden Schwestern Marianna, und Katharina Reitterin obbemeldt brüderliche Erbantheile überlassen worden, gebetten, wo mit ihr sothane 36  20  nach so vieljähri ger Abwesenheit ihrer beeden Brüder erfolgt werden mögen; gleichwie nun hierüber ihne Leo pold und Karl Reitter per Edictum ad valvalvasvas fürzufodern veranlasst worden; als wird ihm Leopold und Karl Reitter allenfalls der selben Erben hiemit anbefohlen, dass sie sich binnen 1 Jahr 6 Wochen und 3 Täg bey die sem     Landrecht alsogewiss behörig melden, und zu den obbemeldt ihnen jeden  18  10  zusammen  36  20  ge bührenden väterlichen Erbantheil sich behörig le gitimiren, wie im widrigen der Antheil des ausbleibenden und sich nicht anmeldenden der Rosalia Reitterin ohne weitern erfolgt wer den soll.', 'Majestät   Landrecht wegen, den Gebrüdern Leopold und Karl Reitter, allenfalls derselben Erben hie mit anzufügen, es habe derselben Schwester Rosalia Reitterin hierorts angezeit, welcher gestalten der ihnen beeden Gebrüdern jeden  18  10  zusammen  36  20  ge bührende väterliche Erbantheil von darum zu Gerichtshanden depositirt worden sey, weil sich beede in   Kriegsdienste begeben, und er Leopold Reitter bereits über 40 Jahr, er Karl Reitter aber über 30 Jahr allschon abwesend, und unwissend sey, sofort da ihr Rosalia Reit terin von ihren beeden Schwestern Marianna, und Katharina Reitterin obbemeldt brüderliche Erbantheile überlassen worden, gebetten, wo mit ihr sothane 36  20  nach so vieljähri ger Abwesenheit ihrer beeden Brüder erfolgt werden mögen; gleichwie nun hierüber ihne Leo pold und Karl Reitter per Edictum ad valvalvasvas fürzufodern veranlasst worden; als wird ihm Leopold und Karl Reitter allenfalls der selben Erben hiemit anbefohlen, dass sie sich binnen 1 Jahr 6 Wochen und 3 Täg bey die sem     Landrecht alsogewiss behörig melden, und zu den obbemeldt ihnen jeden  18  10  zusammen  36  20  ge bührenden väterlichen Erbantheil sich behörig le gitimiren, wie im widrigen der Antheil des ausbleibenden und sich nicht anmeldenden der Rosalia Reitterin ohne weitern erfolgt wer den soll.']"
193,192,44,192_1780_1782_presssburg_eisenärzt,"['1780', '1782', 'presssburg', 'eisenärzt', 'weinmo', 'aufgaben', 'aussichten', 'jäner', 'festgestellet', 'mill']","['1780.', '1780.', '1780.']"
194,193,44,193_gräfin_adeliche_selig_stern,"['gräfin', 'adeliche', 'selig', 'stern', 'dame', 'entschlaffene', 'ordens', 'exequien', 'frau', 'creutz']","['Eodem wurde in Höchst gedachte Jhrer Majestät der Verwittibten Kaiserin Hof Capelle für die zu Bologna in GOtt selig entschlaffene Hoch Adeliche Stern Creutz Ordens Dame( ) Frau LauraMarchesinPepoli, das gewöhnliche Seelen Amt gehalten.', 'Mittwoch vor Mittag wurden in Jh rer Majestät der Verwittibten  Kai serin AmaliaWilhelmina Hof Capelle für die den  April dieses Jahrs in GOtt selig entschlaffene Hoch Adeliche Stern Creutz Ordens Dame( ) Frau Frau Maria Eva Gräfin von Schrottenbach geborne Gräfin von Brandeck die gewöhnliche Exequien gehalten.', 'Dito wurde alhier in Jhrer Majestät der Verwittibten Römischen Kaiserin AmaliaWilhelmina Hof Capelle das gewöhnliche Seelen Amt für eine in GOtt selig entschlaffene Hoch Adeliche Stern Creutz Ordens Frau( ) Frau MariaVictoria, Gräfin von Thurn geborne Gräfin von Sauer ge halten.']"
195,194,43,194_ertz_hertzogin_böhmen_hertzo,"['ertz', 'hertzogin', 'böhmen', 'hertzo', 'hungarn', 'hertzoginnen', 'hertzogl', 'gin', 'leopoldinischen', 'leopoldinische']","['die Ertz Hertzogin in dieser Stadt angekommen und nachdeme Jhre Durchl.', 'Kaiser auch zu Germanien Hispanien Hungarn und Böhmen König Ertz Hertzog zu Oesterreich  Auf der andern Seiten befindet sich der Reichs Apfel wie selbiger zu Nürnberg verwahret wird die Umschrifft heisset: Divorum CAROLO dedit hoc concordia pomum.', 'Ertz Hertzogin nen in die Kaiserl.']"
196,195,43,195_1789_convoc_juli_karansebes,"['1789', 'convoc', 'juli', 'karansebes', 'bogschan', 'kineny', 'may', 'donaustauf', 'bannat', 'wien']","['Wien den   1789.', 'der 1789.', '1789.']"
197,196,43,196_königl_königi_thrones_seine,"['königl', 'königi', 'thrones', 'seine', 'throne', 'oben', 'die', 'königs', 'neue', 'neuen']","['Die Königl.', 'Die Königl.', 'Die Königl.']"
198,197,43,197_wornach_schaden_hütten_hüten,"['wornach', 'schaden', 'hütten', 'hüten', 'richten', 'jeder', 'achten', 'wissen', 'jedermann', 'vor']","['Wornach sich ein jeder zu richten, und vor Schaden zu hütten wissen werden.', 'Wornach sich ein jeder zu richten, und vor Schaden zu hütten wissen wird.', 'Wornach sich ein jeder zu richten, und vor Schaden zu hütten wissen wird.']"
199,198,43,198_jhro_kaiserin_königin_majestät,"['jhro', 'kaiserin', 'königin', 'majestät', 'nassau', 'jestät', 'kaiser', 'printzen', 'mittags', 'stät']","['Nach  Uhr haben Sich auch  Majestät der Kaiser mit Jhro Königl.', 'Majestät AntiCamera unter abermaliger Begleitung obbenannter beeder Herren Ritteren getragen aldorten die Königliche Frau Aja den Durchlgsten Ertz Hertzogen wieder abgenommen und in Jhrer Majestät der Königin Schlaf Zimmer in welchem wehrender Taufe bey Allerhöchst gedachter Königlichen Maje stät Dero Frau Mutter die Verwittibte  Kaiserin ElisabethaCristina beständig ge blieben auf denen Armen hinein gebracht und nachdeme Jhre Königl.', 'Sonst haben heute Jhro Majestät die Kaiserin Königin dem Königl.']"
200,199,43,199_unbekannt_noch_weiss_nicht,"['unbekannt', 'noch', 'weiss', 'nicht', 'umständliche', 'wohin', 'zweifel', 'unglücksfalles', 'verhehlen', 'erthellt']","['Jndessen hat Baboeuf doch immer viele Anhänger, und es scheint, dass sie noch nicht alle Hoffnungen aufgeben, eine neue Umwäl zung hervor zu bringen.', 'in Pohlen Abreiss von Otsock kan man keine zuverlässliche Nachricht von Hof haben und weiss man nicht eigentlich wie weit Dieselbe gegen Jawoscow  avancirt seyn.', 'Endlich versieht man sich der richtigen Ein lieferung solcher verunglückter Personen um so mehr, als nicht der Eigenthümer des das Unglück angerichteten wüthigen Hundes, noch jener, bey welchem derselbe gefunden wird, son dern bloss diejenigen mit den bestimmten Stra fen werden beleget werden, welche einen wü thigen Hund verhehlen, oder die unverzügliche Anzeige eines solchen Unglücksfalles zu machen verabsäumen.']"
201,200,43,200_juden_vlies_rabbiner_platz,"['juden', 'vlies', 'rabbiner', 'platz', 'judenhaus', 'judengässel', 'goldenen', 'gentschitz', 'röcke', 'formulare']","['wegen auf einen vom Jakob Markus, Juden, unterm  Febr.', '2) Dieser Rabbiner wird von den Juden unterhalten; in Cerimo nialsachen hat er im ganzen Lande die Erkenntniss, in Civilisachen aber, Juden gegen Juden betreffend, nur die erste Jnstanz über die Maynzer Stadtjuden.', 'Juden Gassen.']"
202,201,43,201_löbl_lobl_ludw_resolution,"['löbl', 'lobl', 'ludw', 'resolution', 'traget', 'seitenstätten', 'blasende', 'lohbreche', 'probstorf', 'besagt']","['Von des Löbl.', 'Von des Löbl.', 'Löbl.']"
203,202,42,202_fruh_uhr_kettel_woran,"['fruh', 'uhr', 'kettel', 'woran', 'löbl', 'rekompens', 'gefunden', 'emailliret', 'emaillirter', 'uhrplatt']","['Wer diese Uhr sammt Ketten gefunden hat, wird ersuchet, selbe unter die Tuchlauben in das Haus beym Aug Gottes im  Stock gegen gute Rekompens zu bringen.| Dienstsuchender.', 'Es ist den  Martii 1750. eine sil berne Minuten Uhr in zwey Gehäuss von ei ner mittern Grösse, das aussere Gehäuss hat zwey Büge, mit einem daran hangenden sil bernen Kettel von Esseln, woran auch ein Pett schäftl an einem kleinen Ringel ware, verlo ren gegangen, und des Meisters Namen ist GarnetLondon; Wem also solche zu Han den kommen möchte, der wird höflichst ersu chet, dieses dem  Anton Meltzer, Bur gerl.', 'Mittwoch den  August von 10 bis 11 Uhr vormittag zwischen der Meidlingerlinie und Hietzing ist eine von dem Wiener Uhrmacher Hohenadel verfertigte glatte goldene Minuten uhr mit einem gravirten Ranftl, in einem grün zapfenen Geheiss, mit einem ganz ordi nairen blau seidenen Uhrbandl, woran ein stahlenes Herzel mit einem Hackerl, dann ein stahlener Uhrschlüssel, nebst einem grün seide nen Schnürl, woran ein ordinärer messinge ner Uhrschlüssel gebunden, verlohren worden.']"
204,203,42,203_kind_darunter_mutter_brachm,"['kind', 'darunter', 'mutter', 'brachm', 'gürtel', 'infantin', 'wiege', 'krankenbette', 'mediz', 'wunderbar']","['darunter Kind| Den  Brachm.', 'darunter Kind| Den  Brachm.', 'darunter Kind| Den 6 Brachm.']"
205,204,42,204_christ_jesu_kinde_christian,"['christ', 'jesu', 'kinde', 'christian', 'gegenliebe', 'heiligspre', 'prozessen', 'anwend', 'katecheten', '1767']","['Christ.', 'Christ.', 'Christ.']"
206,205,41,205_barb_barbarey_einederin_dietzin,"['barb', 'barbarey', 'einederin', 'dietzin', 'häfer', 'fuselierkorps', 'leonard', 'kärntnerstr', 'fragner', 'noe']","['Barb.', 'Barb.', 'Barb.']"
207,206,41,206_pension_summe_gulden_millionen,"['pension', 'summe', 'gulden', 'millionen', 'uns', 'schatze', 'capital', 'renten', 'livres', 'fond']","['Da die   bestättigte Societät des Be amtenwittwenpensionfondes alle halbe Jahre bey 4 5 und nach Umständen auch mehrere tausend Gulden mit Sicherheit auf Häuser, oder Landgüter anzulegen hat, so wollen die jenige, welche ein derley, ohne wichtiger Ur sache nicht so leicht aufkündbares, Capital, gegen billige und gesetzmässige Perzenten, auf zunehmen gedenken, für heuer den  Juli, in Hinkunft aber jedesmal mit Anfang des Monats Jäner und Juli bey den Hauptkas sier Herrn Mayer, wohnhaft bey  Anna in der Josephstadt  91 im zweyten Stock sich anzumelden belieben.| Arbeitsleute werden gesucht.', 'Da die   bestättigte Societät des Be eamtenwittwenpensionfondes alle halbe Jahre bey 4 5 und nach Umständen auch mehrere tausend Gulden mit Sicherheit auf Häuser, oder Landgüter anzulegen hat, so wollen die jenige, welche ein derley, ohne wichtiger Ur sache nicht so leicht aufkündbares, Capital, gegen billige und gesetzmässige Perzenten, auf zunehmen gedenken, für heuer den  Juli, in Hinkunft aber jedesmal mit Anfang des Monats Jäner und Juli bey den Hauptkas ster Herrn Mayer, wohnhaft bey  Anna in der Josephstadt  91 im zweyten Stock sich anzumelden belieben.| Nachricht.', 'Schulden versichert werden, welche also lautet: Da es de nen conföderirten Ständen auf dem 1775 gehaltenen Reichstage gefallen, theils in Ansehung des Verlustes Unserer Einkünf te, die sich nach untersuchter und öffentlich gezeigten Rechnung auf Drehzehn Millionen belauffen, theils auch wegen des Vorschusses den Wir für das allge meine Beste gethan, zu versprechen, uns nach und nach eine Summe von 9 Millionen Polnischen Gulden auszahlen zu lassen, Wir auch diese Anerbietung der Nation und Zuneigung für Uns mit dankbaren Herzen angenommen haben; so haben Wir Uns doch von dieser Zeit an, nicht nur wegen der nicht eingegan genen Summen, des zur Bezahlung der Schulden,derRepubliquebestimmten Geldes mit einer sehr geringen Summe, die uns aus dem Kron und Litthauischen Schatze bezahlet worden, begnügen las sen müssen, sondern es ist auch die alte Uns versprochene Summe von 7 Millio nen Polnischen Gulden, da sie Uns nicht völlig bezahlet worden, vom 1sten März 1775 bis zum letzten August des jetztlau fenden Jahres, Unsere königl.']"
208,207,41,207_leipzig_8vo_berlin_1764,"['leipzig', '8vo', 'berlin', '1764', '1770', '1755', '4to', '1762', 'vertreib', 'erzeh']","['Leipzig 1762.', 'Leipzig 1762.', 'gross 8vo, Leipzig 1755.']"
209,208,41,208_alt_militärsp_czech_deutsche,"['alt', 'militärsp', 'czech', 'deutsche', '20', 'jvan', '19', 'hungarn', 'mich', 'militärspit']","['Jendruzizick, alt 25  Mich. Kawekl, alt 19  Andrä Meschak, alt 20  Dominik Braunek, alt 33  Jvan Limberth, alt 24  alle 5  Peter Pfleger, Tambour, alt 15   Ratz,  alt 28  alle 7 im Militärsp.', 'Wrawel, alt 20  Jos Baumann, alt 83   Schromeck, alt 24  Jazko Czemmerensti alt 25  Mich Czech, alt 20  Laur.', 'alt 34  im Militärsp.']"
210,209,41,209_perückenmachergewerb_jahnisches_pulvermacherin_altebollone,"['perückenmachergewerb', 'jahnisches', 'pulvermacherin', 'altebollone', 'moni', 'ane', 'steuer', 'seitenstück', 'ältere', 'landstrass']","['Jahnisches Perückenmachergewerb.', 'Jahnisches Perückenmachergewerb.', 'Jahnisches Perückenmachergewerb.']"
211,210,41,210_deutsche_wien_vienne_beygesetzten,"['deutsche', 'wien', 'vienne', 'beygesetzten', 'lergesellschaft', 'ordenscommenda', 'amadeische', 'winterszeit', 'stephanie', 'pressb']","['Wien.', '| Wien.', 'Man ist entschlossen, das Ständische Thea ter in Laybach für den künftigen Herbst und Winterszeit an eine gute deutsche Schauspie lergesellschaft zu überlassen.']"
212,211,41,211_augsb_augsp_augsbug_conv,"['augsb', 'augsp', 'augsbug', 'conv', 'augs', '1tes', 'heft', 'aug', '4to', '8vo']","['Augsb.', 'Augsb.', 'Augsb.']"
213,212,41,212_20000_2000_40000_200000,"['20000', '2000', '40000', '200000', '24000', '60000', '100000', '6525', 'acquiriret', '20500']","['2000.', '2000.', '20000.']"
214,213,41,213_bless_dechiliau_josephcuriel_leutenant,"['bless', 'dechiliau', 'josephcuriel', 'leutenant', '', '', '', '', '', '']","['Bless.', 'Bless.', 'Bless.']"
215,214,41,214_deutschen_griechen_sprache_deutsch,"['deutschen', 'griechen', 'sprache', 'deutsch', 'französisch', 'lehrer', 'französischen', 'lateinisch', 'latein', 'sprachmeister']","['Er besitzt nebst der deutschen, auch die pohlnische Sprache, und ist auch willens auf Reisen zu gehen.', 'Er wünschet auch noch ein paar Knaben oder Mädchen zu sich in die Kost zu nehmen, als wozu seine Woh nung sehr bequem ist, und seine Kostkinder zugleich den Vortheil geniessen, dass sie nebst der französischen Sprache auch in allen vorge schriebenen deutschen Lehrgegenständen, weil der Unterzeichnete auch Lehrer der deutschen Schule ist, unterwiesen werden.', 'Er wünschet auch noch ein paar Knaben oder Mädchen zu sich in die Kost zu nehmen, als wozu seine Woh nung sehr bequem ist, und seine Kostkinder zugleich den Vortheil geniessen, dass sie nebst der französischen Sprache auch in allen vorge schriebenen deutschen Lehrgegenständen, weil der Unterzeichnete auch Lehrer der deutschen Schule ist, unterwiesen werden.']"
216,215,40,215_patent_böhmen_patents_kracksenträger,"['patent', 'böhmen', 'patents', 'kracksenträger', 'unbefugte', '1787', 'patenten', 'hornviehes', 'giftgattung', 'giftverkaufe']","['Es ist bereits durch das allerhöchste Patent vom  September des  1752 aller unbefugte Verkauf des Arsenik, des gelben und weissen Hüttenrauchs, und anderer was immer für Nahmen haben der Giftgattungen, unter schwerer Ver antwortung verbothen, auch ist die Vor sicht, unter welcher dergleichen Giftgat tungen in Fällen, wo sie unentbehrlich sind, zur Arzeney des Hornviehes, von den hierzu besagten Materialisten, in den bestimmten Städten und Marktflecken, abgegeben werden dürfen, umständlich be schrieben, vorzüglich aber auf die Hausi rer und sogenannten Kracksenträger, die meistens sich mit dem Giftverkaufe ab geben, ein obachtsames Aug zu halten, und im Betrettungsfalle selbige nach ab genommenen Gifte, und nach Beschreibung ihrer Waaren, landgerichtlich anzuhal ten, angeordnet worden.', 'Es ist bereits durch das allerhöchste Patent von  September des  1752 aller unbefugte Verkauf des Arsenik, des gelben und weissen Hüttenrauchs, und anderer was immer für Nahmen haben der Giftgattungen, unter schwerer Ver antwortung verbothen, auch ist die Vor sicht, unter welcher dergleichen GiftgatGiftgattungen tungen in Fällen, wo sie unentbehrlich sind, zur Arzeney des Hornviehes, von den hierzu befugten Materialisten, in den bestimmten Städten und Marktflecken, abgegeben werden dürfen, umständlich be schrieben, vorzüglich aber auf die Hausi rer und sogenannten Kracksenträger, die meistens sich mit dem Giftverkaufe ab geben, ein obachtsames Aug zu halten, und im Betretungsfalle selbige nach ab genommenen Gifte, und nach Beschreibung ihrer Waaren, landgerichtlich anzuhal ten, angeordnet worden.', 'Es ist bereits durch das allerhöchste Patent vom  September des  1752 aller unbefugte Verkauf des Arsenik, des gelben und weissen Hüttenrauchs, und anderer was immer für Nahmen haben der Giftgattungen, unter schwerer Ver antwortung verbothen, auch ist die Vor sicht, unter welcher dergleichen Giftgat tungen in Fällen, wo sie unentbehrlich sind, zur Arzeney des Hornviehes, von den hierzu befugten Materialisten, in den bestimmten Städten und Marktflecken, abgegeben werden dürfen, umständlich be schrieben, vorzüglich aber auf die Hausi rer und sogenannten Kracksenträger, die meistens sich mit dem Giftverkaufe ab geben, ein obachtsames Aug zu halten, und im Betretungsfalle selbige nach ab genommenen Gifte, und nach Beschreibung ihrer Waaren, landgerichtlich anzuhal ten, angeordnet worden.']"
217,216,40,216_strodl_stoll_schodterer_geschänk,"['strodl', 'stoll', 'schodterer', 'geschänk', 'stöhr', 'erhaltenden', 'strasser', 'chyrurgus', 'chyrurgischen', 'stadler']","['Georg Schodterer, Chyrurgus in der l  Stadt Stein ist gesonnen, sein Haus, sammt den darauf radicirten chyrurgischen Gewerb, täglich aus freyer Hand zu verkaufen.', 'Wer von ihr Wissenschaft hat, wird gebeten, ihr zu mel den, sie habe sich binnen einem Jahre von heute Dato an, wegen einem zu erhaltenden Geschänk niss, bey Herrn Valentin Stadler, burgerl.', 'Wer von ihr Wissenschaft hat, wird gebeten, ihr zu mel den, sie habe sich binnen einem Jahre von heute Dato an, wegen einem zu erhaltenden Geschänk niss, bey Herrn Valentin Stadler, bürgerl.']"
218,217,40,217_1798_böhmen_september_wien,"['1798', 'böhmen', 'september', 'wien', 'lech', 'friedberg', 'august', 'citat', 'jnterimsschein', 'eingangser']","['Wien 1798.', 'Wien 1798.', 'Wien 1798.']"
219,218,40,218_böhmen_ungarn_jnfanterieregiments_regiments,"['böhmen', 'ungarn', 'jnfanterieregiments', 'regiments', 'diesseitige', 'verstorben', 'crediti', 'deto', 'vorzuladen', 'nothwendig']","['GrafHohen rassierregimentsGericht macht: es sey der bey gedachtem Regiment angestellt gewesene Oberlieutenant, Johann Mumb, am  May   in der Station Hruschowaa, Saatzer Kreises in Böhmen, oh ne letztwilligen Anordnung verstorben.', 'Von des   2ten Garnisons Regiments gericht wird hiemit denen daran gelegen, kund gemacht: Es sind bey diesem 2ten Garnisons Regiment   ohne Testament, und ohne wissentlichen Erben mit Tod abgegangen: als der Gemeine Wenzel Suchi, von Teinitz in Böhmen  hat hinterlassen 3  2  Der Gefreite Joseph Zimbrich von Knappendorf auf Böhmen 12  40  Deto Johann Gold, von Neustadt in Mähren  so tod ge funden worden 6  18  Der Gemeine Ja kob Staude, von Weinsteig in Niederösterreich  3  30  Deto Sehastian Knautz, von Slaning in Obersteyer  10  De ro Albert Bastiersky aus Dubinsko in Galli zien  21  Korporal Franz Portner, von Klosterneuburg  4  30  Der Gemei ne Georg Uibiro, von Jagdheim aus Preu ssisch ssisch Schlesien  2  17  Deto Georg Mindal, von Chwost ans Böhmen  1  55  Deto  Morawez, von Collin aus Böhmen  13  Deto Johann Schmi rall, von Peltz aus Böhmen    De to  Malitscheck, von Platz aus Böhmen    44  Deto Urban Schanck, von Pristowa aus Untersteyer   fl 37  Deto  Kraus, von Kreinnik aus Steyer mark  4  23  Deto Primas Regosch.', 'Von des   2ten Garnisons Regiments gericht wird hiemit denen daran gelegen, kund gemacht: Es sind bey diesem 2ten Garnisons Regiment   ohne Testament, und ohne wissentlichen Erben mit Tod abgegangen: als der Gemeine Wezel Suchi, von Teinitz in Böhmen  hat hinterlassen; 3  2  Der Gefreite Joseph Zimbrich von Knappendorf auf Böhmen 12  40  Deto Johann Gold, von Neustadt in Mähren  so tod ge funden worden 6  28  Der Gemeine Ja kob Stande, von Weinsteig in Niederösterreich  3  30  Deto Sehastian Knautz, von Slaning in Obersteyer  10  De to Albert Bastiersky aus Dubinsko in Galli zien  21  Korporal Franz Portner, von Klosternenburg  4  30  Der Gemei ne Georg Uibiro, von Jagdheim aus Preu ssisch ssisch Schlesien  2  17  Deto Georg Mindal, von Chwost aus Böhmen  1  55  Deto  Morawez, von Collin aus Böhmen  13  Deto Johann Schmi rall, von Peltz aus Böhmen  10  De to  Malitscheck, von Platz aus Böhmen  11  44  Deto Urban Schanck, von Pristowa aus Untersteyer  3  37  Deto  Kraus, von Kremnik aus Steyer mark  4  23  Deto Primas Regosch, von Laybach aus Crain  3  32  De to  Zins, von Reicherstorf in Niederö sterreich  15  Deto  Medlitschka, von Libon auf Crain  30  Deto  Kronberger, von Prettendorf in Niederöster reich  2  Deto Thomas Metzger, auf dem Anhermarsch gestorben, hat hinter lassen 14  Endlich die Soldatenswittib Ag nes Prunerin, unwissend wo sie gebürtig, hat hinterlassen 12  15  weswegen alle und jede, die entweder titulohæredishaeredis, oder aber einen anderweitigen gerechten Anspruch an die se Verlassenschaften haben, sich in der gesetz mässigen 3 und respective 6 monatlichen Frist von heutigem Dato an, hier in Czernowitz in des Regimentskommandantens Haus um so gewisser zu melden, und ihre Ansprüche rechtsgeltend erweislich zu machen haben, als sonst selbige nach den oben festgesetzten Termin nicht mehr angehöret werden würden.']"
220,219,40,219_1785_1784_1786_ok,"['1785', '1784', '1786', 'ok', 'tober', 'bauervitz', 'damenkalender', 'logischer', 'okroh', 'zuaym']","['1785.', '1785.', '1785.']"
221,220,40,220_bill_bills_verlesen_commission,"['bill', 'bills', 'verlesen', 'commission', 'unterhause', 'gelesen', 'colonien', 'andernmal', 'pairs', 'gesetzes']","['Mittwochs lasen die Gemeinden eine Bill zum andernmal und verstelleten die Bill, um die See Raubereyen auszurotten und die feindlichen Priesen denen die sie neh men würden zu lassen gegen künftigen Dienstag zu einer grossen  Commission.', 'In dem Unterhause ist am 7ten die Bill we gen Verbots auf die Ausfuhr des Getraides, und eine gleiche wegen freyer Einfuhr der ge salzenen Waaren aus Jrland und America zum drittenmal verlesen und zu Stande ge bracht, auch eine Bill, wegen fernerer He bung der Abgaben vom Malze abzufassen, verordnet worden.', 'an die Süd See Compagnie: hernach wurde auch eine Bill zu besserer Erhaltung des Feder Viehes zum er stenmal gelesen und deren zweyte Le sung befohlen: die Berahtschlagungen über die Mittel zu Hebung deren Hülfs Geldern wurden bis am Sonn Abend die Berichte von denen über die Spa nier geführten Klagen bis am Dienstag und die Land Tax Bill bis am Mitt woch ausgesetzet.DasHausbegabe sichineinegrosse Commissionüberdie Bill )(2| Bill wider die aufrührische Soldaten und Ausreisser und nachdeme vorge stellet worden einen Schluss wegen de ren jenigen Soldaten die eine gewisse Anzahl Jahre gedienet und sodann ih ren Abschied verlangen darein zu fü gen wurde dieser Schluss zum ersten mal gelesen dessen zweyte Verlesung aber nach geschehener Umfrage mit  Stim men gegen  abgeschlagen.']"
222,221,40,221_polen_warschau_juny_aus,"['polen', 'warschau', 'juny', 'aus', 'julii', 'castellan', 'july', 'augusti', 'pohlen', 'friedenburg']","['Aus Polen von dem  April.', 'Aus Polen von dem  April.', 'Aus Polen von dem  April.']"
223,222,40,222_meteorologische_sternwarte_beobachtungen_barometer,"['meteorologische', 'sternwarte', 'beobachtungen', 'barometer', 'barometerstand', '27', 'reaumur', 'thermometerstand', '12', 'windes']","['| Wien.| Meteorologische Beobachtungen auf der   Sternwarte.| Von  May bis  Juni.| Barometerstand.Täg8Uhrfrüh 3  nachm.', '| Wien.| Meteorologische Beobachtungen auf der   Sternwarte.| Vom  bis  Juli.| Barometerstand.', '| Wien.| Meteorologische Beobachtungen auf der   Sternwarte.| Vom  Juni bis  Juli.| Barometerstand.']"
224,223,40,223_frankf_frank_sebastian_gehollten,"['frankf', 'frank', 'sebastian', 'gehollten', 'untermeisterssohn', 'torik', 'jntestaterb', '226', 'student', 'rhe']","['Frankf.', 'Frankf.', 'Frankf.']"
225,224,40,224_kaiserl_jhro_jhre_altere,"['kaiserl', 'jhro', 'jhre', 'altere', 'geruheten', 'sechzehen', 'hint', 'hochzeit', 'geendigtem', 'mitt']","['Jhro Kaiserl.', 'Jhro Kaiserl.', 'Jhro Kaiserl.']"
226,225,40,225_leopoldst_leopold_leopoldi_alt,"['leopoldst', 'leopold', 'leopoldi', 'alt', 'groschop', 'antonia', 'biliard', 'chriftina', 'yg', 'vessely']","['alt 1  in  Leopoldst.', 'alt 1  in  Leopoldst.', 'alt 1  in  Leopoldst.']"
227,226,40,226_frauenstift_frauenstifts_frauenzimmer_frauen,"['frauenstift', 'frauenstifts', 'frauenzimmer', 'frauen', 'damengarderob', 'heil', 'thönen', 'punktiren', 'stahlene', 'oraculum']","['Der wahrsagende Mercurius, oder ganz nen ver mehrtes Glücksbüchlein, worinnen über 100 Fragen von allerhand Begebenheiten, welche sowol dem männlich als weiblichen Geschlecht vorfallen kön nen, enthalten, und nach dem Fall dreyer Würfel beautwortet werden, zu keinerz sichern Wahr heit, sondern bey Zusammenkünften guter Freun de zum Scherz und Kurzweil erdacht, 4to Nürn berg 1762. ordinari gebunden   Catholisches Hand duch, nunmehro unter dem Titul( Catholisches Kirchen jahr) oder buchstäbliche Erklärung Sonn und Feyertäglichen Evange lien des ganzen Jahrs, von  Francisco NeumayrS.', ""Für Herrn und Frauen gol dene und stahlene Uhrketten Zwey Violen d'amour mit besondern Thönen von besten Mei stern— Eine Art Waderl genannt Oraculum Geomanticum, oder wunderwirkende, welche die gestellten Fragen durch das Punktiren rich tig und vollkommen deantworten."", 'Für Herrn und Frauen gol dene und stahlene Uhrketren Zwey Violen damour mit besondern Thönen von besten Mei stern— Eine Art Waberl genannt Oraculum Geomanricum, oder wunderwirkende, welche die gestellten Fragen durch das Punktiren rich tig und vollkommen benutworten.']"
228,227,39,227_allg_alt_38_26,"['allg', 'alt', '38', '26', 'bede', 'militsp', '23', '28', '31', 'alle']","['alt 38  alle 10 im allg.', 'alt 38  alle 9 im allg.', 'alt 30  alle 4 im allg.']"
229,228,39,228_fürstl_entschlieffe_cell_sanft,"['fürstl', 'entschlieffe', 'cell', 'sanft', 'edle', 'selig', 'käyserl', 'von', 'samstag', 'ex']","['Von der fürstl.', 'Von der fürstl.', 'Von der fürstl.']"
230,229,39,229_begnehmigung_versteigerung_waarenlager_käufer,"['begnehmigung', 'versteigerung', 'waarenlager', 'käufer', 'bochtiz', 'mödlau', 'vorbehalt', 'grund', 'klinghofer', 'körblerisches']","['Durch die     Staatsgüter Veräus serungskomission wird den    Septem ber Vormittag um 9 Uhr das Schloss zu Breitenfurt( mit Ausnahme der mit demsel ben verbundenen Kirche, des Pfarrhofs, denn des Schulhauses, und der zu diesen vorbe haltenen Gartengründe) um den Schätzungs werth  5825  samt den dazu bestimmten zu dem Grundbuchs des     Wald amts dienstbaren Gründen, als a) dem un tern Garten  4 Joch 75 □ Klafter zu 546  19 1 2  b) dem obern Garten  1 Joch 1024 □ Klafter zu 220  36  c) der obern Wiese, dann 3 Teucheln enthaltend 14 Joch 101 □ Klafter  1687  34 1 2  d) dem Alleegrunde mit Ausnahme des darauf stehenden Holtzes  5 Joch 1499 □  zu 742  6 1 2  e) der an der Schlossmauer liegenden Gestätte oder Gestripp, auch mit Ausnahme des darauf stehenden Holtzes  1282 □  zu 24  2 1 4  Zusammen um 9054  38 3 4  in dem Schloss zu Breitenfurt selbst öffentlich feilge boten, und mit Vorbehalt der höchsten Rati fikazion dergestalt an den Meistbietenden ver kauft werden, dass der Käufer an dem zum höchsten Anbott ausfallenden Kaufschilling bey erfolgender höchsten Verkaufsbestättigung, wenn er ausser diesen erkauften Realitäten noch eine weitere Sicherheit ausweisen kann, sogleich aus ein Drittel, ausser dem aber die Hälfte, und den Ueberrest in dreyährigen Fristen, ge gen gehörige Sicherstell und   Cent Ver zinsung des verbleibenden Kaufschillingskapi tals baar abzuführen schuldig seyn solle; bis dahin steht den Kauflustigen frey, zu allen Stunden des Tages nicht nur die Schätzung und den Abtheilungsplan in der   Staats güter Aministrazionskanzley in dem ehemali gen  Jakobs Kostergebäude allhier einzu stehen, und die etwa nöthige nähere Auskunft einzuholen, sondern auch das Schlossgebäude und die Gründe selbst in Augenschein zu neh  Uebrigens wird zu diesem Kauf Jeder mann, ohne Rücksicht auf Religion und Stand, die Judenschaft allein ausgenommen, zugelas  An dem obbemeldten und folgenden Tä gen werden in dem nämlichen Schlosse zu Breitenfurt zu den gewöhnlichen Stunden auch zween silberne Vorleg und  deto Esslöffel, dann  paar Messer in Rehen eingenossen mit silbernen Blatteln, unterschiedlichen Ta felwäsche,  Wand spiegel, unterschiedliche Damast Basset und Leinwanden, Spalier, wie auch unterschiedliche Wände mit Landschaf ten in Oel gemalte Spalier sammt Suprapor ten und vergoldten Zierleisten, genäht und gemalene Bilder, Bettstätte mit Damast und tafetenen Vorhängen, auch ordinari Bettstät te, Kästen, Tische, Sesseln, Kannapee und Tabureten, eine eiserne Häng und eine Pen tiluhr in weiss und blaulackirten Kasten, welche Viertl und Stunden schlägt und repetiret, einiges Feuergewöhr, Gläser und Karafinen, allerhand Kuchelgerätschaften an Eisen, Zinn, Kupfer, Messing, nebst einem kupfernen Wäsch kessel, bei 200  Brunnröhrenbley,   kupferne Brunnfeiger und Brunnröhrenbohrer, auch andere Brunnrequisiten, unterschiedliche Gartengeräthschaften, Baumaterialien, ver schiedene Feuerlöschrequisiten, mit einer Trag spritzen, und mehr andere Fahrnissen gegen gleich baare Bezahlung an den Meistbieter öffentlich versteigert werden.| Licit.', 'Von der Kanzley der Stiftherrschaft Schot ten: Nachdem jener Grund, welcher auf den Schottenfeld zwischen Martin Küwer, und Kaspar Klinghofer lieget, bis auf diese Stund zum grösten Nachtheil benannten seiner zwey Nachbarn noch nicht eingeplanket, viel weni ger ein Haus darauf erbauet worden, so wird dem allfälligen Eigenthümer desselben die Erin nerung gemacht, dass er diesen seinen Grund von heut über 4 Wochen, das ist, bis  Oc tober   mit einer aufrechten Planken um geben haben müsse; wie im widrigen Fall er wähnter Grund ohne weiteren an einen ande ren Käufer veräussert werden soll.| Licit.', 'Von der Kanzley der Stiftherrschaft Schot ten: Nachdem jener Grund, welcher auf den Schottenfeld zwischen Martin Küwer, und Kaspar Klinghofer lieget, bis auf diese Stund zum grösten Nachtheil benannten seiner zwey Nachbarn noch nicht eingeplanket, viel weni ger ein Haus darauf erbauet worden, so wird dem allfälligen Eigenthümer desselben die Erin nerung gemacht dass er diesen seinen Grund von heut über 4 Wochen, das ist, bis  Oc tober   mit einer aufrechten Planken um geben haben müsse; wie im widrigen Fall er wähnter Grund ohne weiteren an einen ande ren Käufer veräussert werden soll.| Licit.']"
231,230,39,230_weiterem_burgischen_verzug_ausgefolget,"['weiterem', 'burgischen', 'verzug', 'ausgefolget', 'geantwortet', 'gewünschte', 'publico', 'antwort', 'bewunderungswürdig', 'isi']","['Schön burgischen Erben, ohne weiterem Verzug ein geantwortet, und ausgefolget werden solle.', 'Schön burgischen Erben, ohne weiterem Verzug ein geantwortet, und ausgefolget werden solle.', 'Schön burgischen Erben, ohne weiterem Verzug ein geantwortet, und ausgefolget werden solle.']"
232,231,39,231_juni_bewilligung_juli_löbl,"['juni', 'bewilligung', 'juli', 'löbl', 'gräfl', 'bochlöbl', 'nachmittagestun', 'exezizium', 'verlobung', 'maymayland']","['Den  Juni wird mit Bewilligung einer löbl.', 'Den  Juni werden mit Bewilligung eines löbl.', 'Den  Juni werden mit Bewilligung eines löbl.']"
233,232,39,232_kaiserl_sechszehen_unterzeichtet_tripolis,"['kaiserl', 'sechszehen', 'unterzeichtet', 'tripolis', 'choiseul', 'geru', 'bildnus', 'consul', 'africa', 'colloredo']","['Von der Kaiserl.', 'Von der Kaiserl.', 'Von der  Kaiserl.']"
234,233,39,233_1783_faustin_ordinariaten_citat,"['1783', 'faustin', 'ordinariaten', 'citat', 'patriot', 'jahrhundert', 'philosophische', 'familienbriefen', 'vergoldern', 'kindleben']","['1783.', '1783.', '1783.']"
235,234,39,234_1796_convoc_sogewiss_abgehandelt,"['1796', 'convoc', 'sogewiss', 'abgehandelt', 'hinlänglich', 'legitimirenden', 'eingeantwortet', 'ansprüche', 'erben', 'bevollmächtigten']","['Diesemnach wer den alle jene, welche an die gedachte Verlassenschaft einige Forderungen zu stellen vermeinen, den  August 1796 entweder persönlich, oder durch einen hinlänglich Bevollmächtigten sogewiss bey dieser Ortsgerichtskanzley zu erscheinen, und ihre For derungen anzumelden haben, widrigen die Ver lassenschaft ohne weiters abgehandelt, und den sich legitimirenden Erben eingeantwortet werden soll.| Amort.', 'Diesemnach wer den alle jene, welche an die gedachte Verlassenschaft einige Forderungen zu stellen vermeinen, den  August 1796 entweder persönlich, oder durch einen hinlänglich Bevollmächtigten sogewiss bey dieser Ortsgerichtskanzley zu erscheinen, und ihre For derungen anzumelden haben, widrigen die Ver lassenschaft ohne weiters abgehandelt, und den sich legitimirenden Erben eingeantwortet werden soll.| Convoc.', 'Diesemnach wer den alle jene, welche an die gedachte Verlassenschaft einige Forderungen zu stellen vermeinen, den  August 1796 entweder persönlich, oder durch einen hinlänglich Bevollmächtigten sogewiss bey dieser Ortsgerichtskanzley zu erscheinen, und ihre For derungen anzumelden haben, widrigen die Ver lassenschaft ohne weiters abgehandelt, und den sich legitimirenden Erben eingeantwortet werden soll.| Convoc.']"
236,235,39,235_1785_juden_1786_wien,"['1785', 'juden', '1786', 'wien', 'citat', 'amort', 'juni', 'may', 'erinnerung', 'anzeige']","['Wien den  Juni 1785.| Nachricht.', 'Wien den  Juni 1785.', 'Wien den   1785.']"
237,236,38,236_königl_beygewognet_brieffenmaninalldortigemreichsehrnachderzuruckkunfftdes_ine,"['königl', 'beygewognet', 'brieffenmaninalldortigemreichsehrnachderzuruckkunfftdes', 'ine', 'auffgeworffen', 'scheschian', 'spinnereyfakt', 'nois', 'niver', 'kauzley']","['Von der Königl.', 'der Königl.', 'Dass vermög Schwedi scher BrieffenmaninalldortigemReichsehrnachderZuruckkunfftdes )(3 Königs| Königs seufftze; Jn Schonen würden aller Orten wo man sich einer Landung besorge Schantzen auffgeworffen.']"
238,237,38,237_sterl_viii__,"['sterl', 'viii', '', '', '', '', '', '', '', '']","['Sterl.', 'Sterl.', 'Sterl.']"
239,238,38,238_livorno_auss_december_july,"['livorno', 'auss', 'december', 'july', 'juny', 'october', 'enstandenen', 'witer', 'april', 'aus']","[')| Livorno  April.', 'Aus Livorno von dem  April.', 'Aus Livorno von dem  April.']"
240,239,38,239_ǀǀ_millepedes_asseln_salpetermagnesie,"['ǀǀ', 'millepedes', 'asseln', 'salpetermagnesie', 'magnesianitri', 'antimonium', 'abǀ', 'haematites', 'lutum', 'diaphoreticum']","['5 ǀǀ  mitelm.', 'ǀǀ 8 Uhr früh ǀǀ  nachm.', ""ǀǀ 10 abend Den ǀǀ Zoll ǀ  ǀǀ Zoll ǀ  ǀǀ Zoll ǀ 5ǀǀ27ǀ9⅓ǀǀ27ǀ10ǀǀ27ǀ10½6ǀǀ27ǀ11ǀǀ27ǀ11⅓ǀǀ27ǀ11⅔7ǀǀ27ǀ11ǀǀ27ǀ11ǀǀ28ǀ08ǀǀ27ǀ11½ǀǀ27ǀ11ǀǀ27ǀ109ǀǀ27ǀ8¾ǀǀ27ǀ6½ǀǀ27ǀ810ǀǀ28ǀ9½ǀǀ27ǀ9ǀǀ27ǀ1011ǀǀ27ǀ9ǀǀ27ǀ8ǀǀ27ǀ7⅔| Reaumur'scher Thermometerstand.ǀǀGradǀǀGradǀǀGrad5ǀǀ15ober0ǀǀ18ober0ǀǀ16ober0 6 ǀǀ 14—— ǀǀ 16—— ǀǀ 13—— 7 ǀǀ 15¾—— ǀǀ 18—— ǀǀ 11½—— 8 ǀǀ 15—— ǀǀ 19—— ǀǀ 16—— 9 ǀǀ 18—— ǀǀ 21—— ǀǀ 13—— 10 ǀǀ 13½—— ǀǀ 16—— ǀǀ 12—— 11 ǀǀ 13—— ǀǀ 18—— ǀǀ 14——| Anzeige des Windes.""]"
241,240,38,240_schuh_zoll_breit_juden,"['schuh', 'zoll', 'breit', 'juden', 'hoch', 'extra', 'schuhmach', 'brust', 'pallma', 'holz']","['1  Extra Schlachtel, die Höhe 1 Schuh  Zoll, breit ein Schuh  Zoll.', '53  fein Brust stuck, auch  extra, hoch  Schuh  Zoll, breit  Schuh  Zoll.', 'hoch  Schuh  Zoll, breit  Schuh.']"
242,241,38,241_burgl_mathiassche_berl_horn,"['burgl', 'mathiassche', 'berl', 'horn', 'dieshalb', 'humss', 'inhabende', 'theker', 'bedingnisse', 'billige']","['Hof und burgl.', 'burgl.', 'burgl.']"
243,242,38,242_päpstl_priesters_priester_priest,"['päpstl', 'priesters', 'priester', 'priest', 'offentl', 'priestern', 'geistlichers', 'handfröhner', 'casserio', 'schlosseris']","['Der Päpstl.', 'Der Päpstl.', 'päpstl.']"
244,243,38,243_doct_dokt_chirurgus_arzt,"['doct', 'dokt', 'chirurgus', 'arzt', 'chelsenden', 'chirurgum', 'divisés', 'chyrurgs', 'badkur', 'eineoperation']","['Doct.', 'Doct.', 'Doct.']"
245,244,38,244_hochfürstl_general_feld_lieutenants,"['hochfürstl', 'general', 'feld', 'lieutenants', 'lieutenant', 'marschalls', 'hochgräfl', 'jhrer', 'marschall', 'hoch']","['Herrn General Lieutenant Jhrer Hochfürstl.', 'General Lieutenant Jhrer Hochfürstl.', 'General Lieutenant Jhrer Hochfürstl.']"
246,245,38,245_jhre_königl_kasp_komp,"['jhre', 'königl', 'kasp', 'komp', 'dressden', 'kolps', 'frembd', 'mühlnerisch', 'kargl', 'koll']","['Jhre Königl.', 'Jhre Königl.', 'Jhre  Königl.']"
247,246,38,246_verordnung_juni_mixt_august,"['verordnung', 'juni', 'mixt', 'august', 'hochlöbl', 'allhiesig', 'löbl', 'convokationsedikten', 'nes', 'berufungstagsatzung']","['Den  Juni werden auf Verordnung der hochlöbl.', 'Den  Juni werden auf Verordnung eines löbl.', 'Den  Juni werden auf Verordnung eines löbl.']"
248,247,37,247_1798_krems_1799_1810,"['1798', 'krems', '1799', '1810', 'gezeichnet', 'geographischen', 'brosch', 'malta', 'karte', 'erwohnt']","['1798.', '1798.', '1798.']"
249,248,37,248_anzuhören_möchten_sicher_vorgehen,"['anzuhören', 'möchten', 'sicher', 'vorgehen', 'burgermeister', 'nothwendig', 'tod', 'vernehmen', 'vorzuladen', 'rath']","['Wir Burgermeister und Rath der Stadt Wien geben hiemit jederman zu vernehmen: Es sey die Elisabeth Schahingerin, gewest ledigen Standes und ohne Condition, allhier mit Tod abgegan gangen, und daher, um mit der künftigen Ver lassenschaftsabhandlung sicher vorgehen zu kön nen, für nothwendig befunden worden, diejenige vorzuladen und anzuhören, welche an dieser Ver lassenschaft einige Ansprüche und Foderungen ha ben möchten.', 'Wir Burgermeister und Rath der Stadt Wien geben hiemit jederman zu vernehmen: Es sey die Elisabeth Schahingerin, gewest ledigen Standes und ohne Condition, allhier mit Tod abgegan gangen, und daher, um mit der künftigen Ver lassenschaftsabhandlung sicher vorgehen zu kön nen, für nothwendig befunden worden, diejenige vorzuladen und anzuhören, welche an dieser Ver lassenschaft einige Ansprüche und Foderungen ha ben möchten.', 'Wir Burgermeister und Rath der Stadt Wien geben hiemit jedermann zu vernehmen: Es seye die Elisabeth Mansin, gewest ledigen Standes allhier mit Tod abgegangen, und daher um mit der künftigen Verlassenschaftsabhandlung sicher fürgehen zu können, für nothwendig befunden worden, diejenigen vorzuladen und anzuhören, welche an diese Verlassenschaft einige Ansprüche und Forderungen haben möchten.']"
250,249,37,249_mart_märz_sontag_monats,"['mart', 'märz', 'sontag', 'monats', 'march', 'nachmit', 'nachfolgende', '8tägige', 'vorziehungs', 'vorderst']","['Mart.', 'Dem  Mart.', 'Dem  Mart.']"
251,250,37,250_retzer_reconvent_retractus_reverendiss,"['retzer', 'reconvent', 'retractus', 'reverendiss', 'reubell', 'pcto', 'cons', 'nungsoffiz', 'krancken', 'bussinger']","['Joseph  Retzer.| Ankündigung.', 'Von Jo seph  Retzer.', 'Von Jo seph  Retzer.']"
252,251,36,251_parlaments_senat_parlements_versammlung,"['parlaments', 'senat', 'parlements', 'versammlung', 'parlament', 'könig', 'bohten', 'königs', 'häuser', 'sitzung']","['Der König hat in der den 3ten dieses gehaltenen Parlaments versammlung dem Gross canzler anbefohlen, denen beyden Kammern zu vermelden, dass dieselbe die Ursache ihrer Zusammen beruffung nicht ehender bekant machen wolle, bis nicht in der Kammer der Gemeinen ein Redner wä re erwählet worden: es würde denenselben also alles Ernstes anbefohlen, an dem hie zu gewöhnlichen Ort zusammen zu kommen, zu dieser Wahl zu schreitten, und die erwählte Person hernach der Gutheissung des Königs zu unterwerfen.', 'Die neue Regentin hat sofort des dritten Tages nach ihrer Ankunft den aus  Personen bestehenden Senat zu sammen gerufen und an denselben fol gende Rede gehalten: Jch bedanke mich erstlich dass ihr nach Erledigung des Thrones Sorge tragen wollen denen uralten Reichs und von meinen Vor fahren hinterlassenen Verordnungen gegemäss mäss der Erb Folge halber auf meine Person eine Acht zu machen: Jch ver spreche die dem Senat zustehende  Privilegia, und Würden auf das kräftigste hand zu haben.', 'Sitzung vernimmt man,   hätten sehr liebreich und nachdrücklich mit dem Adel gesprochen, mit der vorläufigen Versicherung, dass Sie nicht als Souverain, nicht als Präsident, sondern als Mitstand in diese Versammlung treten;   bothen dann alle Beredsamkeit auf, den Adel und die Ritterschaft von der Nothwendigkeit zu überzeugen, dass sie die Bewilligung nicht beschränken sollten, in dem dieses das einzige Mittel wäre, das Reich zu retten, einen vortheilhaften Frie den zu erhalten    Dieses hatte die glückliche Wirkung, dass der Stand sich in Unterhandlungen einliess, durch welche über verschiedene Punkte der Ent schluss gefasst, und unter andern von  Majestät bewilliget wurde, dass die von dem Adel verworfene Si cherheitsakte, der Bestätigung der drey übrigen Stände ungeachtet, ohne Wir kung seyn, und derselben in dem Reichs tagsschlusse keine Erwähnung geschehen soll, auch der Adel sich ausbedung, dass er nur in Rücksicht der gegenwärtigen Lage des Reichs für dieses Mahl sei nes Rechts, die Dauer der Bewilligun gen zu bestimmen, sich begebe, aber in Zukunft dasselbe wieder ungekränkt aus zuüben befugt seyn müsse.']"
253,252,36,252_kaufen_gedenken_früh_behausung,"['kaufen', 'gedenken', 'früh', 'behausung', 'erscheinen', 'obbestimmten', 'uhr', 'tag', 'obbe', 'gedachtes']","['bestimbestimmet met worden, als haben all jene, welche ge dachtes Haus samt Hausüberlas und Uiber ländgrundstücken, und zwar die letztere auch al lenfalls einzeln zu kaufen gedenken, an obbe stimmten Tag früh um 9 Uhr auf dem Rath hause zu Himberg zu erscheien, wo sodann mit dem Meistbietenden das weitere abgehan delt werden wird.', 'bestim met worden, als habe all jene, welche ge dachtes Haus samt Hausüberlas und Uiber ländgrundstücken, und zwar die letztere auch al lenfalls einzeln zu kaufen gedenken, an obbe stimmten Tag früh um 9 Uhr auf dem Rath hause zu Himberg zu erscheinen, wo sodanm mit dem Meistbietenden das weiters abgehan delt werden wird.', 'bestim met worden, als haben all jene, welche ge dachtes Haus samt Hausüberlas und Uiber ländgrundstücken, und zwar die letztere auch al lenfalls einzeln zu kaufen gedenken, an obbe stimmten Tag früh um 9 Uhr auf dem Rath hause zu Himberg zu erscheinen, wo sodann mit dem Meistbietenden das weitere abgehan delt werden wird.']"
254,253,36,253_juden_reichs_reichshofrathsagent_archivo,"['juden', 'reichs', 'reichshofrathsagent', 'archivo', 'ehrenbach', 'cekanzer', 'blutbannes', 'feudi', 'reichskanzl', 'reichshofrathscollegii']","['Alle diese Lebens Beschreibun gen aber müsten von jeglichem Ort, da sie eingeliefert seynd, jährlich zu Unserem und des Reichs Canzley Collegium eingesandt und im Reichs Archivo verwahret werden.', 'Reichs.', 'Den  Vor, mittags hat der Herr Reichs Hof Raht, Ba ron von Hagen, von der hiesigen Juden schaft die Huldigungs Pflichten eingenommen.']"
255,254,36,254_frle_frider_fleischh_florini,"['frle', 'frider', 'fleischh', 'florini', 'wage', 'florentz', 'phil', 'triest', 'zisser', 'aravs']","['Frle.', 'Frle.', 'Frle.']"
256,255,36,255_1762_künftigen_künfti_1762sten,"['1762', 'künftigen', 'künfti', '1762sten', 'martii', 'boren', 'dubscky', 'abgereichet', 'februarii', 'wiesenen']","['1762.', '1762.', '1762.']"
257,256,36,256_hungarn_böheim_körnerzehend_hoferischer,"['hungarn', 'böheim', 'körnerzehend', 'hoferischer', 'hablinischer', 'kolessel', 'klings', 'kölln', 'königl', 'germanien']","['auch zu Hungarn, und Böheim Königl.', 'auch zu Hungarn und Böheim,  Königl.', 'auch zu Hungarn, und Böheim Königl.']"
258,257,36,257_jnländische_deutschen_1783_sonnabend,"['jnländische', 'deutschen', '1783', 'sonnabend', 'begebenheiten', 'wiener', 'digsterfreiheit', 'berlin', 'mittewoche', '1795']","['1669|   Mit  allergnä digsterFreiheit| Wiener Zeitung.| Mittewoche, den  Junius 1795 | Jnländische Begebenheiten.| Wien.', '|  | Sna  allergnä| digsterFreiheit| Wiener Zeitung.| Sonnabend, den  Junius 1795.| Jnländische Begebenheiten.| Wien.', 'Wiener Zeitung.| Sonnabend, den  Junius 1795.| Jnländische Begebenheiten.| Wien.']"
259,258,36,258_verkauft_sold_seitel_gebrauchszetel,"['verkauft', 'sold', 'seitel', 'gebrauchszetel', 'bouteille', 'verkaufen', 'schaafwolle', 'staatsherrschaft', 'verkauf', 'centner']","['Die Seitel Bouteille mit dem Gebrauchszetel wird um 2  verkauft.', 'Die Seitel Bouteille mit dem Gebrauchszetel wird um 2  verkauft.', 'Die Seitel Bouteille mit dem Gebrauchszetel wird um 2  verkauft.']"
260,259,36,259_jenner_ibid_mjttwoch_maesstrom,"['jenner', 'ibid', 'mjttwoch', 'maesstrom', 'stark', 'freytag', 'starkss', 'stills', 'starks', 'vo']","['MJttwoch den  Jenner.', 'MJttwoch den  Jenner.', 'MJttwoch den  Jenner.']"
261,260,36,260_stadtrichter_rath_bürgermeister_landesfürstl,"['stadtrichter', 'rath', 'bürgermeister', 'landesfürstl', 'jnventurskommissar', 'feneck', 'sämmtl', 'landes', 'stadtmagistrats', 'rötz']","['Von  Stadtrichter und Rath der landes fürstl.', 'Von  Stadtrichter und Rath der landes fürstl.', 'Von  Stadtrichter und Rath der landes fürstl.']"
262,261,36,261_gefängnisse_trettungsfälle_vermöchte_geldstrafe,"['gefängnisse', 'trettungsfälle', 'vermöchte', 'geldstrafe', 'erle', 'zuzubringen', 'gefängnissen', 'derjenige', 'oeden', 'pfundner']","['Derjenige, der die für diese Ueber trettungsfälle bestimmte Geldstrafe zu erle gen nicht vermöchte, hat für jeden Gulden einen Tag im Gefängnisse zuzubringen.', 'Derjenige, der die für diese Ueber trettungsfälle bestimmte Geldstrafe zu erle gen nicht vermöchte, hat für jeden Gulden einen Tag im Gefängnisse zuzubringen.', 'Derjenige, der die für diese Ueber trettungsfälle bestimmte Geldstrafe zu erle gen nicht vermöchte, hat für jeden Gulden einen Tag im Gefängnisse zuzubringen.']"
263,262,35,262_deutsche_deutschen_diarium_jemand,"['deutsche', 'deutschen', 'diarium', 'jemand', 'will', 'bestallungs', 'zeitungskomtoir', 'finder', 'schreib', 'bestallungsweise']","['Der Finder wird gebe ten, gegen Rekompens von 3 Dukaten in das deutsche Zeitungskomtoir in der Singer strasse zu bringen.| Satz abzulösen.', 'Der redliche Finder wird ersucht, diese Brieftasche gegen einem Rekompens von 50 Gulden in das deutsche Zeitungskomtoir abzugeben.| Betrettene Waar und Farbzeichen.', 'Der redliche Finder wird ersucht, diese Brieftasche gegen einem Rekompens von 50 Gulden in das deutsche Zeitungskomtoir abzugeben.| Warnung.']"
264,263,35,263_oeuv_blas__,"['oeuv', 'blas', '', '', '', '', '', '', '', '']","['Oeuv.', 'Oeuv.', 'Oeuv.']"
265,264,35,264_viol_vitriol_vitriolumdecypro_blauer,"['viol', 'vitriol', 'vitriolumdecypro', 'blauer', 'elixier', 'vitrioli', 'vign', '12219', 'eybler', 'quintetto']","['2 Viol.', '2 Viol.', 'a 2 Viol.']"
266,265,35,265_nachtrag_diarium_wienerischen_1771,"['nachtrag', 'diarium', 'wienerischen', '1771', 'estrati', 'stuttgart', '1775', '1780', '1774', 'auserlesener']","['20  Nachtrag zu dem wienerischen Diarium Nro  1771.| Von der  kais.', '1  30  Nachtrag zu dem wienerischen Diarium   1771.| Von der  kais.', '3  30 | Nachtrag zu dem wienerischen Diarium   1771.']"
267,266,35,266_zimmergs_zoll_zoraide_zählungen,"['zimmergs', 'zoll', 'zoraide', 'zählungen', 'zoller', 'zwey', 'zimmandels', 'zintl', 'zweytertheil', 'abtheiiung']","['Zimmergs.', 'Bey Herrn Adam Dämer im Zwet tel Hof ist zu haben:  Tabula Methodica, oder eine ordentlich neu eingerichteund ver| verbesserte Tafel der so wol Regularals IrregulariumVerborum einer jeden Conjugation der Welschen Sprach.', 'B Zwey  Historien, vorstellend: gibt dem Kaiser was des Kaisers ist, und Companion Judas verkauft um  Silbering Christum, hoch  Schuh  Zoll, breit  Schuh  Zoll.']"
268,267,35,267_alt_19_lerchenf_laimgr,"['alt', '19', 'lerchenf', 'laimgr', 'wilh', 'gumpend', 'landstr', '28', '17', 'aufgeg']","['alt 19  in  Alstervorst.', 'alt 28  im Lerchenf.', 'Mader,   alt 19  Wilh.']"
269,268,35,268_parlament_parlaments_parlements_berufen,"['parlament', 'parlaments', 'parlements', 'berufen', 'parlement', 'nachleben', 'parlamentsachen', 'schwebe', 'verwor', 'versichertedazudas']","['Man glaubte, das Parlament würde am   in der Sache des Card.', 'Unterdessen wird ein neues Parlament zusammen berufen seyn.', 'das Parlament wür de nicht mehr Jhr Parlament seyn.']"
270,269,35,269_wirthshaus_bestand_wisbauer_anerinneren,"['wirthshaus', 'bestand', 'wisbauer', 'anerinneren', 'behöriger', 'wielander', 'gegenwärtiges', 'wimmer', 'wirth', 'wirths']","['Wirthshaus in Bestand.', 'Wirthshaus in Bestand.', 'Wirthshaus in Bestand.']"
271,270,35,270_verkaufen_haus_anzufragen_belieben,"['verkaufen', 'haus', 'anzufragen', 'belieben', 'inhaber', 'hausinhaber', 'neugebautes', 'liebhaber', 'tungskomptoir', 'deshalb']","['Haus zu verkaufen.', 'Haus zu verkaufen.', 'Haus zu verkaufen.']"
272,271,35,271_erz_maria_anna_kron,"['erz', 'maria', 'anna', 'kron', 'herzogin', 'erb', 'herzogen', 'herzoginnen', 'prinzen', 'joseph']","['Erz herzoginnen Maria Anna, und Maria Christina, wie auch Jhro Königl.', 'der Erz herzogin Maria Anna, wie auch Jhro Königl.', 'der Erz Herzogin Maria Anna, und Jhro Königl.']"
273,272,35,272_rossau_castoreum_bibergeil_rossbacher,"['rossau', 'castoreum', 'bibergeil', 'rossbacher', 'rossmann', 'caspar', 'alt', 'ossberger', 'alsalt', 'geschlag']","['in  Rossau.', 'in  Rossau.', 'in  Rossau.']"
274,273,35,273_majestäten_jhro_krönungsceremonie_sultaninnen,"['majestäten', 'jhro', 'krönungsceremonie', 'sultaninnen', 'königl', 'durchl', 'korbitz', 'milt', 'jhreu', 'ankommenundbereitsbeyjhro']","['Majestäten mit Jhro Königl.', 'Majestäten mit Jhro Königl.', 'Majestäten mit Jhro Königl.']"
275,274,34,274_kais_nied_gräflich_von,"['kais', 'nied', 'gräflich', 'von', 'des', 'gefunden', 'darauf', 'der', 'dem', '']","['Von des kais.', 'Von des kais.', 'Von des kais.']"
276,275,34,275_jahrhunderts_geistergeschichte_geister_geschichte,"['jahrhunderts', 'geistergeschichte', 'geister', 'geschichte', 'zwölften', 'zehnten', 'jahrhunderte', 'nirgends', 'uiberall', 'original']","['Braunschweig  2  15  Spiess, Geheimisse der alten Aegyptier, eine wahre Zauber und Geistergeschichte des acht zehnten Jahrhunderts.', 'Jn der Emerich Felix Baderischen Buchhandlung in der Bogner gassen neben dem Todten kopf ist zu haben: Neue Sammlung merkmürdiger Geschichten von unterirdischen Schätzen, Höhlen, und Gängen, wie auch einigen Begebenhei ten von wahrhaften, und betrüglichen Er scheinungen deren Geister, sonderbaren Träumen, Vorbedeutungen, auch Zaubereyen.', 'Eine Geister geschichte des zwölften Jahrhunderts.']"
277,276,34,276_magdalena_hertzogin_ertz_maria,"['magdalena', 'hertzogin', 'ertz', 'maria', 'tzogin', 'magmagdalenadalena', 'durchleucht', 'herzogin', 'erz', 'leopoldinische']","['Jhre Durchleucht Ertz Hertzogin Ma ria Magdalena.', 'Ertz Hertzogin  Magdalena.', 'Ertz Hertzogin Maria Magdalena.']"
278,277,34,277_hoheit_hornung_durchl_fausta,"['hoheit', 'hornung', 'durchl', 'fausta', 'macuer', 'heüer', 'mafeischer', 'vocent', 'ubique', 'reiterns']","['Hoheit der Durchl.', 'Hoheit der Durchl.', 'Hoheit der Durchl.']"
279,278,34,278_fahrnisse_madruzzische_demelmayers_hruschkinsche,"['fahrnisse', 'madruzzische', 'demelmayers', 'hruschkinsche', 'madlenische', 'schwarzgruberische', 'bittlerische', 'angelmayrische', 'jungmayerische', 'plerons']","['Fahrnisse.', 'Fahrnisse.', 'Fahrnisse.']"
280,279,34,279_diarium_wiener_wienerisches_zeitung,"['diarium', 'wiener', 'wienerisches', 'zeitung', 'nachtrag', 'anhang', 'schauffische', 'ro', 'allemande', 'hänschen']","['1  30  Nachtrag zum Wiener Diarium N ro .', '| Nachtrag zum Wiener Diarium N ro .', 'Anhang zum Wiener Diarium.']"
281,280,34,280_adam_adamischer_stellter_bernhard,"['adam', 'adamischer', 'stellter', 'bernhard', 'reducirte', 'dessoeffy', 'ziemend', 'adamischen', 'alberti', 'zacharias']","['Carl Johann Adam.', 'Dem  Adam, Burgerl.', 'Adam Adam.']"
282,281,34,281_weine_weyl_befehl_,"['weine', 'weyl', 'befehl', '', '', '', '', '', '', '']","['Weine.', 'Weine.', 'Weine.']"
283,282,34,282_arnold_washington_klinton_andre,"['arnold', 'washington', 'klinton', 'andre', 'clinton', 'general', 'washing', 'liess', 'spion', 'ihn']","['Noch vor der Hinrichtung des Herrn Andre, machte General Washington dem General Klinton den Antrag, wenn er ihm Arnolden auslieferte, wolle er ihm ge dacht seinen Adjutanten zurück geben; allein Klinton schlug dieses Begehren ab, und trug dem amerikanischen Generale an, er wolle ihn 30 Gefangene dafür ausliefern, welche, weil sie nach abge legten Eide der Treue dennoch wider  grossbrittanische Majestät die Waffen wie der ergriffen hätten, alle zum Tode ver urtheilt wären; da aber Herr Washing ton auch hievon nichts hören wollte, so that der General Klinton den äussersten Schrit, um seinen Adjutanten, Herrn Andre, zu retten, indem er sich anbot, er wolle an seinen Hof schreiben, und die Auslieferung des Herr Laurens für diesen Gefangenen betreiben; da aber auch dieses Anbiethen fehlschlug, so blieb kein Mittel mehr übrig das traurige Schicksal des Herrn Andre zu mildern, und er musste folgbar sterben.', 'Sobald der General Washington von der Entweichung des Herrn Arnold verständigt wurde, liess er alsogleich den General Lord Stirling, 7 Obristen, und 2 Glieder des Kongresses gefangen setzen; Herr Klinton sandte hierauf gleich nach erhaltener Zeitung von der Einziehung des Herrn Andre, den General Roberts zum amerikanischen Kriegsheere, um die Freyheit, oder we nigstens das Leben dieses Gefangenen sich auszubitten; allein Herr Washing ton antwortete, dass er ihn als einen Spion betrachte, und dem zufolge nicht anderst könnte, als ihn nach der Schärfe der Kriegsgesetze zu bestraffen Auf diese Weise wurde der Tod des Herrn Andre beschlossen, und dieser Offizier von ei nem edlen andund unerschrockenen Karakter liess nach seiner Eintreffung auf dem Ge richtplatze eine solche Hoheit der Seele, und seltene Gemüthsruhe von sich blicken, dass er alle Umstehende in Erstaunung setzte; ich sterbe, sagte er, zu den nächsten amerikanischen Offizieren, zum Dienst meines Vaterlandes und meines Königs,| und betrachte diesen Augenblick als den glorreichesten meines Lebens, allein dieser schändliche Tod, den ich so eben an mir vollziehen lassen muss, wird vielmehr ein Schandfleck für euer Oberhaupt als für meine Gedächtniss seyn.', 'Er nahm es auf sich, die Briefe des Generals Klinton an den amerikanischen General Arnold zu überüberbringen bringen, und hat sich zu dem Ende 2mal aus Neuyork in das Washingtonische Kriegsheer eingeschlichen; da er aber das Unglück hatte entdeckt zu werden, wurde er von 3 Mann angehalten, welchen er seine Börse und seine goldene Sackuhr, dass sie ihn frey lassen möchten, anbot; allein eben daraus argwohnten dieselben, Herr Andre dürfte eine Person von Wich tigkeit seyn, hielten ihn deswegen desto fester, und gaben hiervon dem General Washington Nachricht, welcher ihn vor führen, und nach beschehenem Verhöre, in das Gefängniss werfen liess, zugleich aber auch an den französischen Generalen Rochambeau hierüber ein Schreiben er liess; diese zween Generale kamen darauf übereins dem General Arnold zu wissen zu machen, dass sie am folgenden Tage bey ihm zusprechen wollten, worauf die ser antwortete, dass es ihm eine Ehre seyn würde sie beyde zu empfangen; da er aber bald darauf von der Gefangen setzung des Herrn Andre Nachricht erhielt, roch er die Lunte, und nahm die Flucht nach Neuyork.']"
284,283,33,283_1772_wien_may_aktum,"['1772', 'wien', 'may', 'aktum', 'april', '14ten', 'febru', 'theatralalmanach', 'rel', 'ansteckender']","['Wien 1772.', 'Wien 1772.', 'Wien 1772.']"
285,284,33,284_farben_gesprengte_gesprangte_arunculen,"['farben', 'gesprengte', 'gesprangte', 'arunculen', 'verschiedenen', 'annanas', 'arnuncu', 'gelbe', 'stuck', 'aurunkeln']","['Gesprengte Arunculen von verschiedenen Farben.', 'Gesprengte Arunculen von verschiedenen Farben.', 'Gesprengte Arunculen von verschiedenen Farben.']"
286,285,33,285_durchl_jhro_joschay_sr,"['durchl', 'jhro', 'joschay', 'sr', 'angekündeten', 'durchschitte', 'zelin', 'ones', 'galeer', 'eugene']","['Jhro Durchl.', 'Jhro Durchl.', 'Jhro Durchl.']"
287,286,33,286_thürisches_ortsgericht_grundgericht_justiziair,"['thürisches', 'ortsgericht', 'grundgericht', 'justiziair', 'poystorf', 'kier', 'ortsgerichte', 'gräfl', 'richter', 'gerichtl']","['Thürisches Haus.', 'Thürisches Haus.', 'Thürisches Haus.']"
288,287,33,287_nacht_geschlafen_erwachen_dauerte,"['nacht', 'geschlafen', 'erwachen', 'dauerte', 'abends', 'spat', 'ganze', 'schlaf', 'glaubte', 'blieben']","['Er glaubte zu erwachen, nachdem er hun dert Jahre geschlafen.', 'Er glaubte, zu erwachen, nachdem er hun dert Jahre geschlafen.', 'alt   alle  de von Auswärts, vom Lande, hiesige, und allhier angestellter, verheuratherverheurather5 ) Diese Anzeige von denjenigen zu verstehen, welche sich nur eine einzige Nacht irgendwo aufhalten, und wäre diese Parthey auch nur spät Abends an gekommen, und folgenden Morgens wie der abgangen, so hat dennoch die An zeige zu geschehen, dass sie sich die Nacht hindurch daselbst aufgehalten habe,da mitaber ) Dieses zu jedermanns Wissen schaft zuverlässig gelangen, auch in Hinkunft Niemand den Vorwand der Unwissenheit anführen könne, als wer den jede Hausinhaber, Sequester, AdAdministratoren ministratoren, und Jnspektoren nicht allein sich hienach selbst zu achten, son dern auch sämmtlichen ihren Partheyen bey schwerester Verantwortung diese Nachricht mitzutheilen haben.']"
289,288,33,288_stadt_vor_thurm_der,"['stadt', 'vor', 'thurm', 'der', '', '', '', '', '', '']","['| Vor der Stadt.', '| Vor der Stadt.', '| Vor der Stadt.']"
290,289,33,289_burg_schloss_schlosse_buden,"['burg', 'schloss', 'schlosse', 'buden', 'zufinden', 'zuruk', 'dorotheen', 'schlosscanzley', 'rücke', 'drummond']","['Burg zuruk gekehret.', 'Die gantze Hofstatt welche sich der so ungemein grossen Kälte ohnerachtet in guter Gesundheit befindet wird ehistens von hier nacher Seville zuruk gehen und nachdeme sie alda dieStier Gefechte und andere für sie zubereitete Freuden Feste und Lustbarkeiten wird besehen haben eine Reise nach anderen Provintzien dieses König reiches vornehmen.', 'Auf dem Schlossplatze werden höl zerne Buden aufgeschlagen, damit die Ge werbtreibenden, welche ihre Buden im Bran de verloren haben, in denselben ihre Ge werbe fortsetzen können.']"
291,290,33,290_deutschen_1719_wien_1716,"['deutschen', '1719', 'wien', '1716', '1721', 'vom', 'jenner', '1712', '1714', '1725']","['Wien vom  bis  July 1719.', 'Wien vom  bis  Jenner 1719.', '1689. statt 4  30  um 1  16 Abriss des Reichs Atilass, oder Einleitungs karten zur deutschen Staats Erdbeschreibung, mit 21 illuminirten Eharten,  4to Leipzig 1758.']"
292,291,33,291_1745_1748_1740_1743,"['1745', '1748', '1740', '1743', 'emmer', '1747', '1741', 'und1745', 'leipzic', 'em']","['1745.', '1745.', '1745.']"
293,292,33,292_landesfürstl_landsfürstl_camm_grossfürstl,"['landesfürstl', 'landsfürstl', 'camm', 'grossfürstl', 'palatinal', 'marktrath', 'einhebung', 'gouverneur', 'ausmachte', 'whitehall']","['Von des landesfürstl.', 'Von des landesfürstl.', 'Von des landesfürstl.']"
294,293,33,293_gestorbenen_testaments_denzstadt_resi,"['gestorbenen', 'testaments', 'denzstadt', 'resi', 'terlassung', 'erfolgen', 'rechtsgrunde', 'rechtlich', 'einantwortung', 'magistrate']","['Vor dem Magistrate der   Haupt und Resi denzstadt Wien haben alle jene, welche an die Verlassenschaft des am  May   mit Hin terlassung eines Testaments gestorbenen Martin Sattler, Handlungsdiener, entweder als Erben, oder als Gläubiger, und überhaupt aus was im mer für einem Rechtsgrunde einen Anspruch zu machen gedenken, zun Anmeldung desselben den  Oc tober   vormittags um 10 Uhr persönlich, oder durch einen Bevollmächtigten zu erscheinen; wi drigens nach Verlauf dieser Zeit die Abhandlung und Einantwortung derselben Verlassenschaft an den jenigen, welcher sich hierzu rechtlich wird ausgewie sen haben, ohne weiters erfolgen wird.', 'Vor dem Magistrate der   Haupt und Resi denzstadt Wien haben alle jene, welche an die Verlassenschaft der den  August   ohne Hin terlassung eines Testaments gestorbenen Frau Ka tharina Konti, Someliers Ehegattin, enweder als Erben, oder als Gläubiger, und überhaupt aus was immer für einem Rechtsgrunde einen Anspruch zu machen gedenken, zur Anmeldung desselben den  November   vormittags um 10 Uhr persönlich, 4 2934| oder durch einen Bevollmächtigten zu erscheinen; widrigens nach Verlauf dieser Zeit die Abhandlung und Einantwortung derselben Verlassenschaft, an denjenigen, welcher sich hierzu rechtlich wird aus gewiesen haben, ohne weiters erfolgen wird.| Convoc.', 'Vor dem Magistrate der   Haupt und Resi denzstadt Wien haben alle jene, welche an Verlassenschaft der den  August   ohne Hin terlassung eines Testaments gestorbenen Frau Ka tharina Konti, Someliers Ehegattin, entweder als Erben, oder als Gläubiger, und überhaupt aus was immer für einem Rechtsgrunde einen Anspruch zu machen gedenken, zur Anmeldung desselben den  November   vormittags um 10 Uhr persönlich, oder durch einen Bevollmächtigten zu erscheinen; widrigens nach Verlauf dieser Zeit die Abhandlung und Einantwortung derselben Verlassenschaft, an denjenigen, welcher sich hierzu rechtlich wird aus gewiesen haben, ohne weiters erfolgen wird.| Convoc.']"
295,294,33,294_amtskanzley_freyherrl_schwadorf_amts,"['amtskanzley', 'freyherrl', 'schwadorf', 'amts', 'bestandskontract', 'licit', 'scheinen', 'kanzley', 'tragt', 'dortiger']","['Amtskanzley zu erscheinen haben.| Licit.', 'Amtskanzley zu erscheinen haben.| Licit.', 'Amtskanzley zu erscheinen.| Licit.']"
296,295,33,295_stimmen_kongress_mehrheit_kongresse,"['stimmen', 'kongress', 'mehrheit', 'kongresse', 'repräsentirten', 'repräsentazion', 'congress', 'terhandlung', 'provinzen', 'kolo']","['Die Oppositionsparthey äus serte: Es wäre bey itzigen Zeitläuften nicht rathsam neue Taxen zu bewilligen; dieser Satz wurde aber von einigen, für die Regierung gutgesinnten Parlements gliedern scharf widerlegt, und bey Samm tung der Stimmen fand man 170 bey pflichtende, und blos 47 widersprechende Stimmen,alsodassgleichanfänglichei neMehrheitvon123Stimmenwider die Regierung sich ergab.', '1783, und dem  Aprils 1784 ausdrücklich zur Abstel lung dieses Misbrauchs gemacht hat; und da durch den Mangel einer hinläng lichen Repräsentazion die wichtigsten An gelegenheiten der vereinigten Staaten ost vernachlässigt, und verzögert worden sind und noch werden; und da die Kon föderazion selbst, oder der Kongress, der die Verwaltung derselben auf sich hat als die Ursachen des Uibels angesehen wer den könnte, das doch nur aus einer un vollkommenen Repräsentazion entspringt; und da dem Kongresse daranliegt, die Meinungen, die seiner Ehre nachtheilig.', 'Der Präsident von der Woche giebt den fremden Gesandten Audienz, eröffnet die einlauffende De pechen, Memorialien und Bittschriften, trägt die Angelegenheiten der Versammlung vor, sammlet die Stimmen und fertigt die Schlüsse  Die Mehrheit der Stimmen gilt blos, wenn von schon vorhandenen Gesetzen die Rede ist; wenn neue eingeführt, oder Krieg, Friede und Bündnisses beschlossen werden sollen, müssen alle  Stim den vereinigt seyn; wiewohl auch diese Regel in dringenden Fällen eine Ausnahme leidet.']"
297,296,33,296_uber_urthl_zang_glüender,"['uber', 'urthl', 'zang', 'glüender', 'bekantnuss', 'zwick', 'uberfuhr', 'jspahan', 'fluss', 'nachfolgendes']","['Uber diesen Fluss setzte das sämtliche Fuss volk in Schlacht ordnung mit dem besten Willen.', 'Uber das hatte Chur Mayntz weiters fortgefahren: GOtt!', 'Diese seine begangene schwere Misshandlung seye ihme von Hertzen leyd be fehle sich hierüber GOtt der Obrigkeit und erwarte ein gnädiges Urthl: Uber diese seine gethane und anjetzo frey offen wiederholte Bekantnuss ist ihme nachfolgendes Urthl geschöpfft und von der hohen Lands Fürstlichen Obrigkeit be stättiget worden dass ihn Michael Rabenbauer der Freymann von dem Huetstock alsobalden übernehmen von dannen auff den hohen Wagen setzen und ihme bey dem Stock am Eisen einen Zwick mit glüender Zang in die rechte Brust: sodann vor dem Cärntner Thor gegen Vorweiss und Erinnerung des Orths der also grau samb verübten Mordthat wiederumb einen Zwick mit glüender Zang in die lincke Brust geben folgends zu dem Räder Creutz an die gewöhnliche Richtstatt geführt allda mit dem Rad oben herab vom Leben zum Todt hingerichtet der Cörper in das Rad geflochten und auffgesteckt auch ein Galgen mit dem Strang darüber gemacht werden solle; Dieses ihme zu wohl verdienter Straff andern aber seines gleichen zum erspieglenden Exempel und Abscheu; GOtt seye seiner armen Seel gnädig und barmhertzig.']"
298,297,32,297_monsig_mons_trouvent_chez,"['monsig', 'mons', 'trouvent', 'chez', 'monsr', 'il', 'aaguessau', 'entkleidet', 'darwar', 'monsignorscoti']","['der neue Monsig.', 'Es ist mit einem von dem Monsig.', 'Die  Monsig.']"
299,298,32,298_fürstl_grast_des_von,"['fürstl', 'grast', 'des', 'von', 'dahin', 'dem', 'durchl', 'ihrer', 'vom', 'bis']","['Von des fürstl.', 'Von des fürstl.', 'Von des fürstl.']"
300,299,32,299_1796_ungeb_change_florins,"['1796', 'ungeb', 'change', 'florins', 'citat', 'grafeneck', 'junius', 'wirths', '1797', 'märz']","['1796.', '1796.', '1796.']"
301,300,32,300_winterm_wintermon_winter_eisfelders,"['winterm', 'wintermon', 'winter', 'eisfelders', 'winterisches', 'coulon', 'einelobredefürdieabwechslung', 'krankensesseltrag', 'terungszeichen', 'wintermonaten']","['Es war den  Winterm.', 'Am  Winterm.', 'Den  Winterm.']"
302,301,32,301_card_hungarn_kartenplänen_karten,"['card', 'hungarn', 'kartenplänen', 'karten', 'gienge', 'collecipoli', 'spielkarten', 'javanischen', 'presbytero', 'pastore']","['Der Card.', 'Der Card.', 'Der Card.']"
303,302,32,302_griechen_religion_religions_pasquillantisch,"['griechen', 'religion', 'religions', 'pasquillantisch', 'boshaft', 'revisions', 'widrig', 'weiteres', 'ceremonies', 'religieuses']","['Keines von beyden kann bey solchen Stücken, die im hohen Grade Religions— Sitten— oder Staats widrig, oder pasquillantisch, ebrenrührisch und ossenbar boshaft sind, statt haben, als welche ohne Weiteres vom Revisions Amte zu vertilgen sind.', 'Keines von beyden kann bey solchen Stücken, die im hohen Grade Religions— Sitten— oder Staats widrig, oder pasquillantisch, ehrenrührisch und ossenbar boshaft sind, statt haben, als welche ohne Weiteres vom Revisions Amte zu pertilgen sind.', 'Und da die Zufriedenstellung der Nichtunirten Griechen und Dissidenten, schon einen Theil der Tractaten ausgemacht hat, welche itzt ent weder aufgehoben worden, oder der Ver änderung unterworfen sind; so wird es die Schuldigkeit der gedachten Gevollmächtig ten seyn, in den wesentlichen, unten in der Jnstruction beym  Artickel, ausgedrück ten Punkten, den herrschenden heiligen Rö mischkatholischen Glauben sicher zu stellen.']"
304,303,32,303_caffeehaus_durchhaus_haarbeutelgewölbe_schmeckenden,"['caffeehaus', 'durchhaus', 'haarbeutelgewölbe', 'schmeckenden', 'baugründe', 'lamm', 'bäckenstrasse', 'wurm', 'kaffeehaus', '143']","['Man hat sich deswegen in der obern Bäckenstrasse im Durchhaus zum schmeckenden Wurm im Haarbeutelgewölbe, und bey mir in der Leopoldstadt in weissen Lamm  143 in ersten Stock zu erkundigen.', 'Man hat sich deswegen in der obern Bäckenstrasse im Durchhaus zum schmeckenden Wurm im Haarbeutelgewölbe, und bey mir in der Leopoldstadt im weissen Lamm  143 im ersten Stock zu erkundigen.', 'Man hat sich deswegen in der obern Bäckenstrasse im Durchhaus zum schmeckenden Wurm im Haarbeutelgewölbe, und bey mir in der Leopoldstadt im weissen Lamm  143 im ersten Stock zu erkundigen.']"
305,304,32,304_sultan_böhmen_sultans_gross,"['sultan', 'böhmen', 'sultans', 'gross', 'sophi', 'esref', 'persien', 'thronfolger', 'caravanne', 'abgesetzte']","['Jndessen siehet man hier einen Brief welchen der Sultan Esref an den Gross Sultan geschrie den haben solle lautend wie folget: Sehr grosser und mächtigen Kaiser!', 'Aldieweilen der Printz Thamas des ent throneten Sophi Sohn die Bedingungen so ihm in dem zwischen der Porten und Reussen beschlossenen Tractat vorgeschlagen worden angenommen hat sich der Gross Sultan entschlossen ihn wiederum auf sei ner Vorfahren Thron zu helffen und den Sultan  Esref aus Persien zu jagen.', 'SEitdeme der neue Gross Sultan die vornehmste Urheber der jüng sten Empörung welche nach deme sie den vorigen Sultan von dem Thron und den jetzigen auf denselben gebracht sich ihres gebrauchten Gewalts wider den jetzigen Sultan selbsten bedie nen wollen um den Hals gebracht als ist nun in hiesiger Haupt Stadt alles wieder in erwünschter Ruhe.']"
306,305,32,305_wallis_prinzen_prinz_blattern,"['wallis', 'prinzen', 'prinz', 'blattern', 'printz', 'nes', 'getretten', 'lord', 'twed', 'cireular']","['Graf von Wallis Wenzl.', 'Wallis, Graf Philipp.', 'Michael Graf  Wallis, Obrister  Wallis.']"
307,306,32,306_convoc_widerspruch_welcher_,"['convoc', 'widerspruch', 'welcher', '', '', '', '', '', '', '']","['Convoc.', 'Convoc.', 'Convoc.']"
308,307,32,307_1658_licit_1659_1640,"['1658', 'licit', '1659', '1640', '1674', '16502', '1861', '1638', 'exregulamento', 'johahn']","['1658. in 9  Bänden.', '1658|| Licit.', '1658| Licit.']"
309,308,32,308_schneidermeist_schneiderm_schneiderns_schneider,"['schneidermeist', 'schneiderm', 'schneiderns', 'schneider', 'eulog', 'komptoir', 'zeitungs', 'pizeck', 'rumgaudy', 'reinthaller']","['Schneidermeist.', 'Schneidermeist.', 'Schneidermeist.']"
310,309,32,309_pol_ungarn_arcivescovo_eminenz,"['pol', 'ungarn', 'arcivescovo', 'eminenz', 'botschafter', 'kutschen', 'kinsky', 'di', 'preussen', 'abschieds']","['Heute ist Jhrer Hochmögenden deren Herren General Staaten der vereinigten Niderlanden Plenipoten Primarius, Herr Graff Rechtern Amelo, von hier wider nacher Ungarn zu Beylegung dasiger Unruhen abgereyst.', ""Heut hat der Kaiserlich auserordent liche Botschafter Herr Graf Kinsky seine Ankunft denen vornehmsten Her ren Cardinälen durch den Cavalier Herrn Franz von  Viteleschi, Rittern des  Johann von Jerusalem Orden und Cammermaistern von der während Kaiserlichen Botschaft bey dem Römischen Stul zuwissen machen lassen Welche Herren Cardinäl Dienstag den  Dito den Kaiserlichen Herrn Botschafter wegen gedachter Ankunft durch den Cammermaister des Herrn Cardinals Ursini wieder bewillkom men: und ihn auf das höflichst empfangen lassen; Darauf Mittwoch den  Dito der Kaiserliche Herr Botschafter von demS.Collegio mit gewöhnlicher Manier um sein erste Audienz die Ansuchung tuhn lassen; Welche dan auch für Morgigen Tag gegen  Uhr Römisches Zeigers nach geendig tem Scrutinio verwilliget worden; Zu dem Ende der Kaiserliche Herr Botschafter alle PrælatenPraelaten Ministern deren Fürsten wie auch die Römische Baronen dan die übrig Teutsch und Römische einheimisch und fremde Edelleuthe um den Kaiser lichen Herrn Botschafter mit ihren Wägen persönlich zu der Audienz zu begleiten dazu einladen lassen;Welches ich dann auch folgenden Donnerstag den  May bey demselben in grosser Meng eingefunden als denen er sogleich vielfältige Erfrischungen und allerhand stiessstiessund und kalte Wässer aus theilen lassen nachdem aber war in Bedienung Jhrer Eminenz des Herrn Cardinal Althan sammentlicher Hofstatt auch dero drey mit  Pferden bespant kostbaren Kutschen in Vorhertrettung mehr als  Laggeyen und Vorherfahrung einer beson dern Kutschen gegen  Uhr der Kaiserliche Herr Botschafter in seiner Kutschen gefahren bey sich habend  Erz Bischöffe und ein andern Bischoffenals  Monsignor Fra  Francesco Nicolai, Arcivescovo di Mira, é Vicarii della Basilica Vaticana &c, Vincenzo Petra, Arcivescovo di Damasco, Secretario de' Vescovi, e Regolari & Pietro Luigi Caraffa, Arcivescovo di Larissa, Secretario de Propaganda Fide & Thomaso Cervini, Arcivescovo di Nicomedia, Vicegerente & é Nicola Maria Tedeschi, Vescovo di Lipari., Secretario de Riti,edell'EsamedeVescovi Jn den andern zwey Kutschen aber waren die Herren Grafen als der Herr Bischof von  Terracina, Colonna di Borgo, Sylva, Strozzi, Cremona, Valdina, degl' Afflitti, Farsetti."", 'Minister Nuñez Peralta und Canillac Audi tores RotæRotae den Grafen Lagnask Pol nischen Minister den Grafen Riviera Sardinischen Minister den Grafen Porta Sicilianischen Minister den Mylord Tombara und noch andere vornehme Herren an der Zahl  Gä  Abends sahe man eben dieses Fe stins halber verschiedene Palläste deren Neapolitanischen Ministern und Un terthanen beleuchtet.| Aus Franckreich.| Aus dem Hafen von Orient   Man hat 1000.']"
311,310,32,310_holzinger_hofmann_schmied_georg,"['holzinger', 'hofmann', 'schmied', 'georg', 'anton', 'hoborka', 'holzschur', 'hörger', 'hortl', 'holzbey']","['Es wird verkauft bey Franz Holzinger, bürgerl.', 'Schmied meister, Lorenz Holzinger, zu erfahren | Wägen zu verkaufen.', 'Schmied meister, Lorenz Holzinger, zu erfahren  Wägen zu verkaufen.']"
312,311,31,311_lmprimatur_artikel_bedingung_erzogene,"['lmprimatur', 'artikel', 'bedingung', 'erzogene', 'gimnasien', 'geschwindern', 'visionsamte', 'ausgestrichenen', 'fehlerhaften', 'unbedingt']","['Es wünscht jemand gegen sehr billige Bedingung zwey oder drey wohl erzogene Studenten aufs Zim mer und in Kost zu nehmen, in einer nicht weit von beyden Gimnasien entlegenen Strasse; man erbietet sich zugleich die sittliche Erziehung dersel ben zu übernehmen.', 'Wenn über dergleichen Verzeich nisse das lmprimatur nicht unbedingt, son dern mit der Beschränkung omissisdeletis ertheilt wird, so sind dieselben vor gänzli cher Vollendung des Drucks bey dem Re visionsamte noch einmahl vorzulegen, da mit dasselbe sich von der geschehenen Weg lassung der ausgestrichenen Artikel überzeu gen, und das unbedingte lmprimatur bey setzen könne.', 'Wenn über dergleichen Verzeich nisse das Imprimatur nicht unbedingt, son dern mit der Beschränkung omissisdeletis ertheilt wird, so sind dieselben vor gänzli cher Vollendung des Drucks bey dem Re visionsamte noch einmahl vorzulegen, da mit dasselbe sich von der geschehenen Weg lassung der ausgestrichenen Artikel überzeu gen, und das unbedingte lmprimatur bey setzen könne.']"
313,312,31,312_auflage_verbesserte_editio_accurata,"['auflage', 'verbesserte', 'editio', 'accurata', 'originalauflage', 'neueste', '2te', 'edit', 'münztabelle', 'auctior']","['2te verbesserte Auflage.', '2te verbesserte Auflage.', 'Neue verbesserte Auflage.']"
314,313,31,313_1731_1746_wien_1730,"['1731', '1746', 'wien', '1730', '1741', '1732', '1747', '1734', 'bolog', '9ter']","['Wien 1746.', 'Wien 1746.', 'Wien 1746.']"
315,314,31,314_österr_öster_östl_nied,"['österr', 'öster', 'östl', 'nied', 'von', 'dem', 'der', '', '', '']","['österr.', 'österr.', 'österr.']"
316,315,31,315_pfänder_einkommenden_kundschaftsbogen_versetzt,"['pfänder', 'einkommenden', 'kundschaftsbogen', 'versetzt', 'versatzamte', 'unberichtigt', 'überlassen', 'verzeichniss', 'monat', 'gebrachte']","['Von dem   Versatzamte wird hiermit die Erinnerung gemacht: womit die allda im Monat Juli 1797 versetzt, und bis anher unberichtigt gelassene Pfänder um so gewisser bis den  des Monats October 1798 berichtiget, und in Sicher heit gestellet werden; als im widrigen derley Pfän der als verlassen angesehen, und in den folgenden Tagen, nämlich den  und  die Effekten dann den  und  October 1798 die Prätiosen pfänder in den gewöhnlichen Stunden Vormittag von 9 bis 12, und Nachmittag von 3 bis 6 Uhr durch öffentliche Versteigerung den Meistbietender käuflich werden überlassen werden.| Licit.', 'Von dem   Versatzamt wird hiemit kund gemacht, dass die im Monat März 1782 allda versetzt, und bis  Juni   nicht in behörige Richtigkeit ge brachte Pfänder als verlassen angesehen, und in den folgenden Tägen, als den 24 und  dieses Monats( vermög in dem Kundschaftsbogen hievon einkommenden inhaltlichen Verzeichniss) gewöhnlich aus gefeilet, und den Meistbietenden werden überlassen werden.| Feuerwerk.', 'Von dem   Versatzamt wird hiemit kund gemacht, dass die im Monat May 1785 al da versetzt, und bis  dies Monats August 1786 nicht in gehörige Richtigkeit gebrachte Pfänder als verlassen angesehen, und in den folgenden Tägen als den  und  dies, ( vermög des in dem Kundschaftsbogen hievon einkommenden inhaltlichen Verzeichniss) ge wöhnlich ausgefeilet, und dem Meistbietenden käuflich werden überlassen werden.| Licit Fritschische Fahrnisse.']"
317,316,31,316_1777_1778_aussenbleibungsfalle_commende,"['1777', '1778', 'aussenbleibungsfalle', 'commende', 'februar', 'red', 'lossen', 'gewärtigen', 'berkrain', 'bieberich']","['1777.', '1777.', '1777.']"
318,317,31,317_gen_anmerkun_genen_findliche,"['gen', 'anmerkun', 'genen', 'findliche', 'gene', 'empfan', 'gefan', 'churpfälzische', 'erbfolgern', 'gonvernement']","['Das sicherste Mittel diesen vorgeschla genen Zweck zu erreichen, ist, dass man denen Verwirrungen vorzubeugen trachte, welche dieser Absicht verhinderlich wer den könnten.', 'der hochgebohrne Graf von Balascha unterliessen nicht nur nicht, als Oberstudiendirektor allen diesen Prüfun gen unausgesetzt beyzuwohnen, sondern foderte auch in eigener Person viele der jenigen auf, welchen verschiedene Fra gen vorgelegt werden sollten.', 'Amtskanzley Man nerstorf einfinden und anmelden, wo im widri gen derselbe, oder dessen etwann angeehligte Ehegattinn samt deren erzeugten Erbfolgern pro mortuis gehalten, und die diesfällige allda be findliche Erbsforderung unter die eben allda be findliche nächste Befreundte nach Ausweiss der kais.']"
319,318,31,318_gerichtsordnung_erblande_richteramtshand_redoute,"['gerichtsordnung', 'erblande', 'richteramtshand', 'redoute', 'advocat', 'gerichtsadvokaten', 'übertragen', 'gerichtlichen', 'judicii', 'ausgeführet']","['Erblande bestimmten Gerichtsordnung aus geführet.', 'Richter Hand wird eine neue redoute zu  defendirung der redoute und des crochets des ganz neu angeleget und verfertiget und endlich an erhöhung und erweiterung der communication von dem  retrenchement, gegen der parallele zu fortgese tzet.', 'Erblande bestimmten Gerichtsordnung aus geführet, und entschieden werden wird.']"
320,319,31,319_juny_maesstrom_freptag_18ten,"['juny', 'maesstrom', 'freptag', '18ten', 'neapel', 'nats', 'maynstrom', 'mailand', 'diess', 'mo']","['DEn  Juny.', 'Den  Juny.', 'Aus  von dem  Juny.']"
321,320,31,320_hungarn_haag_holland_niederlande,"['hungarn', 'haag', 'holland', 'niederlande', 'staaten', 'convention', 'westfriesland', 'niederlanden', 'proponiren', 'amsterdam']","['Als am   der General, Graf Maillebois, zum Gouverneur von Bre da wirklich angestellet worden ist, hat die Provinz Holland erkläret, dass sie das Recht zu den Gouvernements zu er nennen, welches der Prinz Erbstatthal ter sich vorbehalten zu können glaubet, nicht für entschieden erkenne, bis in der aufferordentlichen Versammlung der U nion darüber eine Untersuchung angestellt, und irgend etwas festgesetzet seyn wird.— Dennoch heisst es nun allgemein, dass der Erbstatthalter ehestens wieder nach dem Haag zurückkommen werde, und wirklich trift man im Pallaste dieses Prin zen solche Vorkehrungen, die das Ge rücht wahrscheinlich machen.', 'Majestät ob, für Dero zuständige Lande zu sorgen: Jedoch ist ein der vornehmsten Beweg gründen ge wesen, welcher Jhro Majestät, wie auch die Kaiserin, Königin von Hungarn und Bö heim zu dem Entschluss bewogen der OesterOesterreichischen reichischen Niederlande Neutralität ausdrücklich zu bedingen, denen vereinigten Nieder landen für Dero Staaten und Nachbarschaft die Sicherheit, so Sie nicht ohne Ursache so sehr verlangten, zu verschaffen.', 'Was die Oesterreichische Niederlande betrift, so wie derholten Jhro Majestät gegen die vereinigten Niederlande ganz geneigt, diejenige Ver sicherungen, welche Dieselbe der Kaiserin, Königin von Hungarn und Böheim desfals durch eine Neutralitäts convention, welche den 1sten May zu Versailles unterzeichnet, und Jhro Hochmögenden abschriftlich mitge theilet worden, albereits gegeben haben.']"
322,321,31,321_stiftsgrundbuch_diesseitigen_gedenken_baarer,"['stiftsgrundbuch', 'diesseitigen', 'gedenken', 'baarer', 'obbemeldten', 'behausung', 'früh', 'bezahlung', 'meistbietenden', 'aufkün']","['Daher haben die Lieb haber sothaner Behausung an obbemeldten Tag früh um 9 Uhr für diesseitigen Stiftsgrundbuch zu erscheinen, wo selbe sodann dem Meistbie tenden gegen baare Bezahlung hindangegeben werden soll.', 'Dahero werden die Liebhabere sothanen Hauses an obbemeldten Tag frühe um  Uhr zur Behand lung desselben bey diesseitigen Stiftsgrundbuch zu erscheinen haben, wo es dem Meistbietenden, in dessen Abgang aber dem klagenden Christoph Gass ner um den Schätzungswerth überlassen werden solle.', 'Daher haben die Lieb haber sothaner Behausung an obbemeldten Tag früh um 9 Uhr für diesseitigen Stiftsgrundbuch zu erscheinen, wo sodann dem Meistbietenden selbe gegen baare Bezahlung käuflich überlassen werden soll.']"
323,322,31,322_audienz_publikum_zuschauer_publik,"['audienz', 'publikum', 'zuschauer', 'publik', 'stärke', 'vorei', 'spezialrevüe', 'allerdemütigste', 'vorgearbeitet', 'umarmung']","['Thurn und Taxischen Hof facto, Löser Leiter und Moyses Benedict Beyfuss,eineallergnädigsteöffentliche Audienz zu ertheilen, und ihre gewönliche allerdemütigste Geschenke allergnädigst anzu nehmen.| Kurz gefasste Nachrichten.', 'Daher dem hochverehrlichsten Publik in ein solches zu dem Ende hiemit kund gemacht wird, damit sich jedermann vor Schaden und Nachtheil um so mehr wahrnen, und hüten möge, als auf dem Fall eines, wie immer Namen haben mögenden Geld oder Waarengeschäftes und a Conto Schreib und Ausborgung, so von dem  Grafen Joseph Wenzel zu Würben gesucht, oder selbst gemachet, oder von jemanden, wie bisher vielfältig geschehen ist, durch die 3te und 4te Hand zum äussersten Schaden des  Gra fens freyerdings und unnachlässig angetragen worden, der unbeschränkte Administrator Edler  Windberg die gerichtl.', 'Der häufige Zuspruch, womit das verehrungs würdige Publikum uns im verflossenen Jahre be ehret hat, und wiederholte neue Anfragen lassen uns hoffen, dass wir auch in gegenwärtigem Jah re uns dieses Beyfalls werden erfreuen dürfen, da wir nicht nur allen während des Winters das Sortiments von Angelruthen, Angelschnüren, Wurf schnüren, Ködern, künstlichen Jnsecten  ansehnlich vermehret, sondern auch alle diese Artikel in verschiedenen Preisen vorgearbeitet haben, um den Liebhabern der Angelfischerey den Ankauf so viel möglich zu erleichtern.']"
324,323,31,323_frieden_amerika_friedens_nation,"['frieden', 'amerika', 'friedens', 'nation', 'friede', 'nationen', 'unsere', 'erwecken', 'unterbrochen', 'amerikaner']","['sie haben sich bey den unversehe nen Augenblicken einer zügellosen Lei denschaft, von einer tugendhaften Leicht gläubigkeit hintergehen lassen, dass sie ihre glückseligkeit hintan setzen, um ei ner Nation zu dienen, die weder den Willen, noch die Macht hat, uns zu schützen, und deren Hauptabsicht dahin gehet, sowohl das Mutterreich, als sei ne Provinzen zu ruiniren.', 'Die Absicht der Unterhandlungen der obengedachten Gevollmächtigten, soll seyn: Der gegenwärtigen innerlichen Noth und Bedrückungen ein Ende zu machen, wie auch, so viel Menschenmöglich, künftigen vorzubeugen; die fremden Truppen aus den Ländern der Republik zu bringen; sie in nerlich sicher zu stellen; bey welchem allen sie sich vorsehen sollen, dass der Republick so wenig, als möglich, Unrecht oder Nach theil zuwachsen möge: Endlich sollen sie die Reichthümer derselben durch Versicherung des Handels, und der dahin einschlagenden Materien, zu vermehren suchen.', 'Es wurde aber bemerket, dass ein so wich tiger Punkt reiflich erwogen werden, und man sich nicht so unbedachtsam über eilen müsste, die starken Verbindlichkei ten, welche die Natur zwischen Nord amerika und den westindischen Jnsuln angelegt hat, seyn einer Seits zu über denken, und anderer Seits müssten sie, als Handelsleute und Pflänzer, sich nach der sanften Rückkehre des Friedens se hen, und alles vermeiden, so die Ge müther noch mehr aufbringen könnte.']"
325,324,31,324_licht_lampen_lampe_lichter,"['licht', 'lampen', 'lampe', 'lichter', 'nachtlichter', 'beleuchtet', 'augen', 'krystallfeuer', 'schwaches', 'herumspatziren']","['Ueber diese Lampe ist ein Schiran befindlich, der vorzüglich zur Conservation der Augen, zur Zusammenhaltung der Lichtstralen, und also zur stärkern Erleuchtung des Tisches, an dem man schreiben, lesen, nähen, oder andere Beschäftigungen vornehmen will, an gebracht werden kann.', 'Viele Personen finden sich an ihren Au gen beschweret, wenn sie in Gesellschaften in brennende Lichter sehen müssen, auch wenn sie allein sind, und lesen oder schreiben wol len, und auf Reisen, wo sie nicht allemal die Bequemlichkeit der Lichtschirme haben können, diesen zum Nutzen macht man hier durch eine sehr artige Jnvention von Licht schirmen bekannt, welche von der Stärke eines Briefes gemächlich bey sich getragen werden können, das Stück wird zu zwey  verkauft.| Oekonomische Lampen.', 'Viele Personen finden sich an ihren Au gen beschweret, wenn sie in Gesellschaften in brennende Lichter sehen müssen, auch wenn sie allein sind, und lesen oder schreiben wol len, und auf Reisen wo sie nicht allemal die Bequemlichkeit der Lichtschirme haben können, diesen zum Nutzen macht man hier durch eine sehr artige Jnvention von Licht schirmen bekannt, welche von der Stärke eines Briefes gemächlich bey sich getragen werden können, das Stück wird zu zwey  verkauft.| Oekonomische Lampen.']"
326,325,30,325_1781_georgizeit_anfangend_künftige,"['1781', 'georgizeit', 'anfangend', 'künftige', 'nacheinander', 'authoristirte', 'schiffkapitains', 'aymar', 'wintermo', 'vrginien']","['1781.', '1781.', '1781.']"
327,326,30,326_wasser_wixe_allerfeinsten_putzen,"['wasser', 'wixe', 'allerfeinsten', 'putzen', 'haut', 'fläschel', 'weich', 'leinwand', 'tüchern', 'oel']","['Der vortrefliche Nutzen und Gebrauch dieser Oel oder Schmiersaife mag sich nachstehend zeigen: 1) Jst diese vortrefliche Oel oder Schmiersai fe ein sehr nutzbares Arkanum zur Leinwand, Garn, und Cortonbleiche, nämlich, wenn mit solcher bey Anfang der Bleiche aproportione der Quantität Leinwand, Garn oder Corton eingebaicht, oder eingefächtelt, und dann auf der Bleiche bey Sonnenschein fleissig begossen wird, so wird die Bleiche sicher um einige Wochen befördert; auch versichert man die Her ren Bleichmeister, an Holz, Gesind und Zins ein sehr ansehnlichen Nutzen zu verschaffen.— 2) Jst diese vortrefliche Oel oder Schmiersai fe für alle Gattungen Wolle, Tuch, Zeug, und wollene Strümpffabrikanten sehr dienlich, wenn solche wie sonst die ordinari Saifen ge braucht wird, sie verschaft der Wolle eine Mil digkeit, und erfrischet aller Gattungen der Cou leurs.— 3) können sich auch die Herren Sei denfabrikanten solcher mit vielen Nutzen bedie — 4).', 'Ein Wasser für Sommer Leber und Kin derflecke, von der Sonne oder Luft verdorbene Gesichter, wird in einer sehr kurzen Zeit nicht nur allein geholfen, auch das zarteste Fell her vorgebracht, brauchende dörfen undesorgt seyn, indem ich schon so viele hundert Proben damit gemacht habe, das Fläschel 40 — Ferner folgende nützliche wirthschaftliche Artikel, als eine weiche Wixe für jedes Leder, die in ihrer Art alle Qualitäten hat, das Leder im mer weich zu erhalten, oder das schon hart ist, weich macht, den allerfeinsten Glanz und Schwärze giebt und nicht schmutzet, und am Ende wohlfeiler kommt, als die mindeste Was serwixen, auch immer gut bleibt und man we nig braucht, das Glas kostet 15  Eine weiche weisse Wixe die Kästen und Tische  sehr leicht zu putzen, dass sie viel schöner werden, als von Wachs a 15  Eine Tinktur 1 aus allen Tüchern und Seidenzeigen jeden Schmier und Fettfleck herauszubringen; eine  2 für verfressene Farben; und eine  3 Tinten und Eisenflecke, und in rothen Tüchern die blauen Flecke aufzubringen, das Fläschel 24  Ein Pulver, damit man Schnallen und alles Silber, Tombak und Spiegel ohne Verletzung so rein wie nen putzen kann, die Schachtel 10  Nachtlichter, die mit wenig Oel 16 Stund brennen, kosten auf ein Jahr 40, auf 1 2 Jahr 20, auf 1 4 Jahr 10  Das BudredeTateredevinaigre, das alle Unreinigkeit von den Zähnen hinweg nimmt, und das konservirende für die Zähne und des Zahnfleisch — Das gerechte Gesundheits kimmelwasser, die Seitelbouteille 20 — Schminke, die in der Schönheit, Feine, und Haltung, auch schadlos, den allerfeinsten französis.', 'Ein Wasser für Sommer Leber und Kin derflecke, von der Sonne oder Luft verdorbene Gesichter, wird in einer sehr kurzen Zeit nicht nur allein geholfen, auch das zarteste Fell her vorgebracht, brauchende dörfen unbesorgt seyn, indem ich schon so viele hundert Proben damit gemacht habe, das Fläschel 40 — Ferner folgende nützliche wirthschaftliche Artikel, als eine weiche Wixe für jedes Leder, die in ihrer Art alle Qualitäten hat, das Leder im mer weich zu erhalten, oder das schon hart ist, weich macht, den allerfeinsten Glanz und Schwarze giebt und nicht schmutzet, und am Ende wohlfeiler kommt, als die mindeste Was serwixen, auch immer gut bleibt und man we nig braucht, das Glas kostet 15  Eine weiche weisse Wixe die Kästen und Tische  sehr leicht zu putzen, dass sie viel schöner werden, als von Wachs a 15  Eine Tinktur  1 aus allen Tüchern und Seidenzeigen jeden Schmier und Fettfleck herauszubringen; eine  2 für verfressene Farben; und eine  3 Tinten und Eisenflecke, und in rothen Tüchern die blauen Flecke auszubringen, das Fläschel 24  Ein Pulver, damit man Schnallen und alles Silber, Tombak und Spiegel ohne Verletzung so rein wie neu putzen kann, die Schachtel 10  Nachtlichter, die mit wenig Oel 16 Stund brennen, kosten auf ein Jahr 40, auf 1 2 Jahr 20, auf 1 4 Jahr 10 — Das BudredeTateredevinaigre, das alle Unreinigkeit von den Zähnen hinweg nimmt, und das konservirende für die Zähne und das Zahnfleisch — Das gerechte Gesundheits wasser, die Seitelbouteille 20 — Schminke, die in der Schönheit, Feine, und Haltung, auch schadlos, den allerfeinsten französis.']"
328,327,30,327_steif_gebund_bogen_pfündige,"['steif', 'gebund', 'bogen', 'pfündige', 'anrechnen', 'mitkommt', 'broch', 'sternenkranz', 'raubritter', 'bo']","['1  56  steif gebund.', '3  16  steif gebund.', '3  16  steif gebund.']"
329,328,30,328_löbl_bourne_reitenauer_appel,"['löbl', 'bourne', 'reitenauer', 'appel', 'sentent', 'restitut', 'servien', 'schust', 'contra', 'seite']","['Von dem löbl.', 'Von dem löbl.', 'Von dem löbl.']"
330,329,30,329_hefte_21ten_allg_26,"['hefte', '21ten', 'allg', '26', '37', 'beutel', 'den30', 'getraidm', 'mondag', '35ten']","['26 Hefte.', '26 Hefte.', '26 Hefte.']"
331,330,30,330_ceremonien_händen_kleidern_cronen,"['ceremonien', 'händen', 'kleidern', 'cronen', 'kleidung', 'augustini', 'wappen', 'ketten', 'baronen', 'neunzehnten']","['Die ViceGräfinen und ViceGrafen in  Ceremonien Kleidern mit ihren Cronen in denen Händen.', 'Die Hertzoginen und die Hertzogen in  Ceremonien Kleidern und ihre Cronen in denen Händen ausgenohnen jene welche einiges Zeichen der Kö nigl.', 'Die  Marquisinen, und  Marquisen in  Ceremonien en Kleidern mit ihren Cronen in denen Händen.']"
332,331,30,331_bücher_bibliothekdien_lektüre_andertes,"['bücher', 'bibliothekdien', 'lektüre', 'andertes', 'drittes', 'buchh', 'erstes', 'ejusdem', 'exemplarien', 'buchs']","['Bücher.', 'Bücher.', 'Bücher.']"
333,332,30,332_pcto_überkommener_cent_garnitur,"['pcto', 'überkommener', 'cent', 'garnitur', 'rathen', 'wechsel', 'bezahlen', 'unkösten', 'bezahlt', 'unkosten']","['an Zahlung überkommener Wechsel in Verlust ge rathen: ""   2000   März.', 'an Zahlung überkommener Wechsel in Verlust ge rathen:„  2000dd.', 'Geld und Gelds wert ersetzet worden,) von dem ande ren eine ihme Delinquenten einzig und allein der Fassungs Art halber zum angebentlichen Vorweisen anvertraute Rauten Garnitur per   Von dem dritten eine Garnitur Frauen Zimmer Geschmuk per 7625.']"
334,333,30,333_1765_1767_1766_wichenen,"['1765', '1767', '1766', 'wichenen', 'bergamt', 'donstetter', 'calvinisme', 'grundbuchsertrakt', 'ausbeut', 'neuerrichten']","['1765.', '1765.', '1765.']"
335,334,30,334_flandern_auss_jenner_gent,"['flandern', 'auss', 'jenner', 'gent', '343112', 'hulst', 'decemb', 'bekriegen', 'december', '900000']","['Auss Flandern von dem  Jenner.', 'Aus Flandern von dem  October.', 'Aus Flandern von dem  October.']"
336,335,30,335_erzbischöfl_marq_botschafter_,"['erzbischöfl', 'marq', 'botschafter', '', '', '', '', '', '', '']","['erzbischöfl.', 'erzbischöfl.', 'erzbischöfl.']"
337,336,30,336_censoren_censor_censur_censursbewilligung,"['censoren', 'censor', 'censur', 'censursbewilligung', 'censu', 'aufbewahren', 'revisionsamte', 'manuscript', 'druck', 'schriften']","['Niemand ist befugt sich den Censor seines Buchs, oder Manuscripts selbst zu wählen, oderdemRevisionsamteaufirgendeineArt 1679| anzusinnen, dass es ein Stück eigends den Censor A, statt des Censors B zur Censu rirung zusende, noch soll der Eigenthümer, wenn er den Censor erfahren hat, densel ben selbst, oder durch andere überlaufen, oder mit Bitten oder Vorstellungen behelli gen, sondern jeder soll nach Einreichung seines Werkes die Entscheidung ruhig ab warten, und sich dieser ohne Widerrede und Verunglimpfung der Censoren oder des Re visionsamtes, welche allerdings nach dem Grade des Frevels geahndet werden wür de, geziemend fügen.', 'Niemand ist befugt sich den Censor seines Buchs, oder Manuscripts selbst zu wählen, oder dem Revisionsamte auf irgend eine Art anzusinnen, dass es ein Stück eigends den Censor A, statt des Censors B zur Censu rirung zusende, noch soll der Eigenthümer, wenn er den Censor erfahren hat, bensel ben selbst, oder durch andere überlaufen, oder mit Bitten oder Vorstellungen behelli gen, sondern jeder soll nach Einreichung seines Werkes die Entscheidung ruhig ab warten, und sich dieser ohne Widerrede und Verunglimpfung der Censoren oder des Re visionsamtes, welche allerdings nach dem Grade des Frevels geahndet werden wür de, geziemend fügen.', 'Niemand ist befugt sich den Censor seines Buchs, oder Manuscripts selbst zu wählen, oder dem Revisionsamte auf irgend eine Art anzusinnen, dass es ein Stück eigends den Censor A, statt des Censors B zur Censu rirung zusende, noch soll der Eigenthümer, wenn er den Censor erfahren hat, densel ben selbst, oder durch andere überlaufen, oder mit Bitten oder Vorstellungen behelli gen, sondern jeder soll nach Einreichung seines Werkes die Entscheidung ruhig ab warten, und sich dieser ohne Widerrede und Verunglimpfung der Censoren oder des ReRevisionsamtes visionsamtes, welche allerdings nach dem Grade des Frevels geahndet werden wür de, geziemend fügen.']"
338,337,30,337_jenner_elbstrom_sambstag_auss,"['jenner', 'elbstrom', 'sambstag', 'auss', 'pohlen', 'moselstrom', 'schwaben', 'vom', 'mosselstrohm', 'starhembergis']","['Auss Pohlen vom  Jenner.', 'Auss Pohlen vom  Jenner.', 'Auss Pohlen vom  Jenner.']"
339,338,30,338_1779_musgrave_iius_dec,"['1779', 'musgrave', 'iius', 'dec', 'aufla', 'hausmutter', 'szegedin', 'vermehrte', '3ter', 'geschäften']","['1779.', '1779.', '1779.']"
340,339,30,339_40_20_gebund_steif,"['40', '20', 'gebund', 'steif', 'privleg', 'alt', 'meilenarten', 'billardsregeln', '20kr', 'papilloten']","['40  gebund.', '40  steif gebund.', '40  steif gebund.']"
341,340,29,340_kauflustige_licit_einfinden_ort,"['kauflustige', 'licit', 'einfinden', 'ort', 'obbestimmten', 'tag', 'stund', 'daher', 'einzufinden', 'demnach']","['Kauflustige be lieben sich daher an dem obbestimmten Tag in dem Hause des Dorfrichters zu Oberdöbling, wo die Li citation gehalten werden wird, einzufinden.| Licit.', 'Kauflustige mö gen sich demnach an vorgemeldten Tag, Stund und Ort einfinden.| Licit.', 'Kauflustige mö gen sich demnach an vorgemeldten Tag, Stund und Ort einfinden.| Licit.']"
342,341,29,341_1764_1760_hässliche_weiber,"['1764', '1760', 'hässliche', 'weiber', 'inhaberinn', 'frofroher', 'erschalten', 'segenswünsche', 'verdrusses', 'überhobelt']","['1764.', '1764.', '1764.']"
343,342,29,342_wien_sonntagspredigten_vergleichung_residentz,"['wien', 'sonntagspredigten', 'vergleichung', 'residentz', 'residenz', 'tyrol', 'ausländergewichts', 'derellen', 'abgeordneter', 'hauzinger']","['34) Vergleichung des Ausländergewichts mit dem Wienerge wicht.', '33) Vergleichung der Auslän derellen mit der Wienerelle.', 'Unter diesen sind die Vornehmsten  Hauzinger und  Zeiler von Raita aus Tyrol; von denen der Letzte im Reiche, und der Erste zu Wien den Ruhm der tro gerischen Schule behauptet.']"
344,343,29,343_kaiserl_uhlfeld_wienerisches_jhrer,"['kaiserl', 'uhlfeld', 'wienerisches', 'jhrer', 'administrirung', 'andrehohbotn', 'jorgowitz', 'lenhard', 'newen', 'leopoldnadisleopoldnadisdydy']","['Wienerisches DIARIUM.| Mit Jhrer  Kaiserl.', 'Wienerisches DIARIUM.| Mit Jhrer  Kaiserl.', 'den er sten Herrn Obrist hofmeister, Grafen von Uhlfeld, der gewest Kaiserl.']"
345,344,29,344_hungarn_türken_böhmen_gebürtig,"['hungarn', 'türken', 'böhmen', 'gebürtig', 'niedergang', 'hauptgewerkschaftliche', 'sechste', 'excellentz', 'schwefel', 'jahr']","['NeichsCanzleydieserTagenbeizandigetworden Soistalchsüngsteno der Obris eurenan und Comendant zu Cperies Her Johann Gcorg von reylingk, wegen semerin die  Jahr so wohlin vorlgen Türken leg in Hugari als auch nachge hends am Nhein und in Jtalien, sonderlich abet m Cpannien erwisen tapsermühtigen Kriegs Oiensten und wegen der darbey empfungen vielfältig harten Wunden, von Jhro Nömisch Kaiserlich und Catho lischen Majestät zu Dero Obristen allerguädlgst ernesnet: und darüber das gewöhnliche Patent auo Dero Hochiöblichen Kusegs Canzley ihm ausgesertiget worden.', 'Römischen Reichs Grafen und Herrn von Seeau Freyherrn auf Ebenzweyer und Puechberg Herrn derer Herr schaften Ebenzweyer Hillprechting Thalhaim Roiht und Leichten egge der Römisch Kaiserlichen Majestät Leopoldi Primi, Glorwürdigsten Andenkens hinterlassenen Cammerern und würklichen Stadt Pfarrern der Kaiserlich und Lands Fürstlichen Stadt Gmünden in Oesterreich ob der Ens in Allermildestem Ansehen seines Uralt Ade lichen Herkommens und deren von seinen Vor und Eltern sowohl in Kriegs als Staats Weesen dem Durchleuchtigsten Erz Hauss Oesterreich viel und ersprieslich geleistet treu gehorsamsten Diensten und dadurch erworbenen Verdiensten dan anderen in dessen Person vereinbart guten Eigenschaften die Abtey VertesKeresztur, im Kö nigreich Hungarn Allergnädigst verliehen: und ihme deswegen das Gewöhnliche von der Löblich Königlich Hungarischen Hof Canz ley ausgefertiget worden.', 'Zu Teutsch: Von Gottes Gnaden Carl der Sechste  Kaiser auch zu Germanien Hispanien Hungarn und Böhmen  Kö nig Ertz Hertzog zu Oesterreich   Auff der andern Seiten ware vorgestellet ein gedoppelter  Adler wie Er von dem Niedergang ge gen dem Auffgang zufliehet auf dem Haupt gegen dem Niedergang hat er die Spannische Kron und führet den Degen gegen Aufgang aber hat Er die Kaiserliche Kron auf dem andern Haupt und führet den Zepter; anzudeuten dass ob Er gleich vom Niedergang herkomme und unerachtet Sel biger nunmehro gegen Aufgang um daselbst des  Reichs Kron und Zepter zuführen sich wende nichts desto weniger mit dem andern Kopf gegen dem Niedergang zusehe und denen Feinden das Schwerdt entgegen halte; Die Uberschrift ist: Venit ab Occasu Victor, nune tendit ad Ortum.']"
346,345,29,345_inpulvere_pulver_sandbeeren_blätter,"['inpulvere', 'pulver', 'sandbeeren', 'blätter', '95', 'uvaursinaintoto', '7316', 'tincturaaloes', '92', '2223']","['10——— inPulvere, Sandbeeren Blätter in Pulver.| Licit.', '10——— inPulvere, Sandbeeren Blätter in Pulver.', '10——— inPulvere, Sandbeeren Blätter in Pulver.']"
347,346,29,346_deutschen_hungarn_enthaltend_getaufften,"['deutschen', 'hungarn', 'enthaltend', 'getaufften', 'drittens', 'vierdtens', 'zugetragen', 'denckwürdiges', 'jedermahliger', 'verzeichnuss']","['Wiennerisches Diarium, Enthaltend alles das jenige was von Tag zu Tag sowol in dieser Residentz Stadt Wienn Denckwürdiges und Neues sich zugetragen; Als auch was dergleichen nachrichtlich allda eingeloffen sambt einem Anhang jedermahliger Verzeichnuss; Erstlich aller täglich per Posta allhier Ankommenden; Zweytens aller in und vor der Stadt getaufften Kindern; Drittens aller VerehlichterundVierdtensallerverstorbenen Personen Mit Jhrer Römisch Kayserlichen Majestät allergnädigstem Privilegio.', 'Wiennerisches  DIARIUM, Enthaltend alles dasjenige was von Tag zu Tag sowohl in dieser Residentz Stadt Wienn Denckwürdiges und Neues sich zugetragen; Als auch was dergleichen nachrichtlich allda eingeloffen; sambt einem Anhang jedermahliger Verzeichnuss; Erstlich aller täglich perPosta allhier Ankommenden: Zweytens aller in und vor der Stadt getaufften Kindern: Drittens aller verehelichten und vierdtens aller verstorbenen Persohnen.', 'Wiennerisches Diarium, Enthaltend alles das jenige was von Tag zu Tag sowol in dieser Residentz Stadt Wienn Denckwürdiges und Neues sich zugetragen; Als auch was dergleichen nachrichtiglich allda eingeloffen samt einem Anhang jedermahliger Verzeichnuss; Erstlich aller täglich perposta allhier Ankommenden; Zweytens aller in und vor der Stadt getaufften Kindern; Drittens aller Verehlichten und Vierdtens aller verstorbenen Personen.']"
348,347,29,347_sangin_chur_jaguschinski_jwa,"['sangin', 'chur', 'jaguschinski', 'jwa', 'mandai', 'nowjitz', 'churfürstl', 'fürstl', 'pohlen', 'chine']","['Geheimen Rahts Grafen Andrei Jwa nowjitz Ostermanns derer Chineser Merlin San gin Mandai.', 'geheimen Rahts Grafen Andrei Jwanowjitz O stermanns und ware darinnen der Chine ser Marin Sangin Mandai. )', 'Jn des General Grafens Paul Jwa nowjitz Jaguschinski Kutsche ware ein Chine ser Menin Sangin Aschay. )']"
349,348,29,348_pens_stift_heil_eipeldanerbriefe,"['pens', 'stift', 'heil', 'eipeldanerbriefe', 'administrirte', 'cäcil', 'gial', 'gaupp', 'pross', 'prohask']","['Käm merer  pens.', 'Haasin, pens.', 'pens.']"
350,349,29,349_bedient_schlafrockschneiders_saniyni_leporin,"['bedient', 'schlafrockschneiders', 'saniyni', 'leporin', 'fitta', 'gemachs', 'schlaf', 'behaust', 'gewilliget', 'bett']","['Bedient.', 'Bedient.', 'Bedient.']"
351,350,29,350_königl_der_dem_von,"['königl', 'der', 'dem', 'von', '', '', '', '', '', '']","['Der Königl.', 'Der Königl.', 'Der Königl.']"
352,351,29,351_hungarn_preussischen_preuss_preussische,"['hungarn', 'preussischen', 'preuss', 'preussische', 'brandenburg', 'saxonia', 'friedericus', 'generalendevendôme', 'doncornecho', 'ausssprengen']","['Dass die Frantzosen in Na mur ausssprengen es werde dieses Jahr der geweste Churfürst in Bayern und unter ihme die beede GeneralendeVendôme undVillars, in den Nie derlanden commandiren.', 'Preussische Minister  Cantzler von Grum kau langet im Sächsischen haupt quartier zu Langenfuhr  Das neue retrenschement zwischen der Ost und Sasper see wird diese nacht gäntzlich im stand gebracht mit der übri gen arbeit aber fortgefahren.', 'Preussischen Landen fort setzen werden.| Aus Hungarn.| Ofen   Verwichenen Donnerstag als den 22sten Dieses ist das Kaiserl.']"
353,352,28,352_apost_nämlich_se_jhre,"['apost', 'nämlich', 'se', 'jhre', 'auch', 'da', 'dass', '', '', '']","['apost.', 'Apost.', 'apost.']"
354,353,28,353_pfründl_pfeffer_pflaster_stamp,"['pfründl', 'pfeffer', 'pflaster', 'stamp', 'pfandner', '65000', 'makeldt', 'pabrisch', 'hofstetter', 'pfundthéebouy']","['Pfründl.', 'Pfründl.', 'Pfründl.']"
355,354,28,354_1771_terische_hofstadtbehausung_haftend,"['1771', 'terische', 'hofstadtbehausung', 'haftend', 'schuldenlast', 'grundstücke', 'neysse', 'überantwortung', 'diesequestrirt', 'hüt']","['1771.', '1771.', '1771.']"
356,355,28,355_reichsfreyherrl_reichsgräfl_amtskanzley_lordmaire,"['reichsfreyherrl', 'reichsgräfl', 'amtskanzley', 'lordmaire', 'kotilli', 'reichsritterl', 'nunweisstduwasesheisst', 'präläten', 'richlisky', 'dinten']","['Von der reichsfreyherrl.', 'Von der Amtskanzley der reichsfreyherrl.', 'Von der Amtskanzley der reichsfreyherrl.']"
357,356,28,356_jahrs_jahren_jahr_jah,"['jahrs', 'jahren', 'jahr', 'jah', 'contraets', 'coneinuiret', 'hauptjahr', 'halb', 'würdigst', 'jahres']","['Einige wollen die Dividende für das künftige halbe Jahr auf 6, andere auf 10 vom Hundert bestimmen.| Mayland den  Wintermon.', 'Wer nun solche Käsmacherey künftig in Be stand zu übernehmen gedenket, kann sich alle Tage zu Schliessung des Contraets in der Amts kanzley Jedenspeigen melden.', 'Darunter zehlet man, dem Alter nach, von  bis  Jahren , von  bis  Jah ren , von 20, bis  Jahren ,von  bis  Jahren , von  bis  Jah ren , von  bis  Jahren , von  bis  Jahren , von  bis  Jah ren , von  bis  Jahren  und  von  und ein halb Jahr.']"
358,357,28,357_zug_häu_procession_anfang,"['zug', 'häu', 'procession', 'anfang', 'schluss', 'strohm', 'kompagnie', 'ser', 'grenadiers', 'tenschall']","['Hoheit an den Ort gekommen, machte der sehr geschickte Fahnenschwen ker nach einer kurzen Anrede seine Kunst stücke mit vieler Fertigkeit, feuerte welch selweise zwischen dem Fahnenschwenken 2 Pistolen ab, und nachdem der Zug den Wagen zur Seite etwas gefolget, schloss sich selbiger hinter den Wagen  kais.', 'Der Zug war sehr zahlreich.', 'Der Zug nahme seinen Anfang vom Czarischen Pallast längst den Strohm bis an das Post Haus und von da über den Strohm nach der Festung auf dem Eiss waren Bretter geleget wie eine Brücke; auf benden Seiten des gantzen Weges waren Tannen Bäume gesetzet zwischen welchen Soldaten stunden so weisse brennende Wax Fackeln hielten; die Procession fieng gegen  Uhr nach Mittag an und weh rete 2 Stunden alle sowol Hohe und Niedrige so der Procession beywohneten hatten die Hüte abgenommen; bey Anfang der Procession that man alle Mimuten einen StuckStuckSchluss Schluss;| Schluss; oben auf denen Wercker der Festung wurde und um die Guarde gestellet so drey mal Salve mit ihren  Musqueten gaben.']"
359,358,28,358_1795_citat_regierungsverordnung_leihen,"['1795', 'citat', 'regierungsverordnung', 'leihen', 'seinigen', 'ehegattin', '1794', 'sindhernicht', 'mandatarti', 'ginelausgabe']","['1795.', '1795.', '1795.']"
360,359,28,359_eichhörnen_spezies_gattung_rier,"['eichhörnen', 'spezies', 'gattung', 'rier', 'fuchs', 'schwarze', 'lustige', 'zurückgehen', 'hausthie', 'vollftandige']","['Jn dem Zurückgehen sind die auf den Gän gen aufgemachte Hirschköpfe, deren je der mit besonderer Gattung Hirschge weyhe versehen ist, betrachtet worden.', 'Durch Briefe aus Aristing vom 3ten dieses, ist man sicher benachrichtiget, dass der junge Prätenden sich noch daselbst befinde, auch von allen Seiten umzingelt seye; man glaube auch, das Lochiel sich dasiger Orten aufhalte, und einige Häup ter derer Bergschotten bey sich habe.', 'Man hat inzwischen eine Menge Hasen, die nicht grösser, als wilde Kaninchen seynd, Stachel schweine, so gross, wie ein kleiner Hühner hund, schwarze Bären, die nicht sehr gross seynd, eine Art von grossen Hirschen, viele rote und schwarze Füchse, und noch ei nige andere Thiere, darunter Eichhörnen und Fuchs eichhörnen sich befinden, die bey nahe so gross, wie ein Fuchs, ingleichen einige, die wie die Fleder mäuse geflügelt seynd, ob man gleich ihre Flügel wenig oder gar nicht sehen kan, wann sie auf dem Boden lauffen, wie sie dann in einem Felle bestehen, das von dem Rücken ab, bis an die Vorder pfoten, und hinten zu bis auf die Hinter beine gehet.']"
361,360,28,360_kayserl_jhro_kays_pomposester,"['kayserl', 'jhro', 'kays', 'pomposester', 'allerhöchstbesagter', 'celebriten', 'jhre', 'verursa', 'judenpl', 'verhängnuss']","['des Kayserl.', 'des Kayserl.', 'Es haben Jhro Kayserl.']"
362,361,27,361_dank_abzustatten_verbindet_besuche,"['dank', 'abzustatten', 'verbindet', 'besuche', 'empfiehlt', 'beehret', 'danke', 'ferneren', 'zahlreich', 'ansehnlichen']","['Die so zahlreich als ansehnlichen Besuche, mit welchen man ihm diesen Sommer beehret, verbindet ihm seinen schuldigen Dank daher abzustatten, und empfiehlt sich zu De ro ferneren hohen Gnaden.', 'Die so zahlreich als ansehnlichen Besuche, mit welchen man ihm diesen Sommer beehret, verbindet ihm seinen schuldigen Dank daher abzustatten, und empfiehlt sich zu De ro ferneren hohen Gnaden.', 'Die so zahlreich als ansehnlichen Besuche, mit welchen man ihm diesen Sommer beehret, verbindet ihm seinen schuldigen Dank daher abzustatten, und empfiehlt sich zu De ro ferneren hohen Gnaden.']"
363,362,27,362_magd_fehringerin_wit_alt,"['magd', 'fehringerin', 'wit', 'alt', '', '', '', '', '', '']","['Magd.', 'Magd.', 'Magd.']"
364,363,27,363_fortsetzung_folgt_continuation_künftig,"['fortsetzung', 'folgt', 'continuation', 'künftig', 'folget', 'priors', 'künftigfolgetmehrere', 'fernere', 'künftigfolgetdie', 'jnhalt']","['( Die Fortsetzung folgt.', '( Die Fortsetzung folgt.)', '( Die Fortsetzung folgt.']"
365,364,27,364_termino_2do_1mo_fallenden,"['termino', '2do', '1mo', 'fallenden', 'solchemnach', 'einschliessung', 'tagsatzung', 'entzwischen', 'pro', 'habenden']","['Solchemnach wird hiemit allen des obgedachten Pfaffinger Gläubigern zur Anmel dung ihrer habenden Sprüche und Anforderun gen eine Tagsatzung  pro termino 1mo, 2do, &3tioperemptorie von unten gesetzten Dato an, und zwar mit Einschliessung deren entzwischen fallenden Pfingstferien auf den  Julii dies Jahrs früh um  Uhr auf dem   Stadtgericht entweders persönlich, oder durch genugsam be vollmächtigte also gewiss zu erscheinen bestim met, wie im widrigen die ausbleibend und sich in bestimmter Zeit nicht anmeldende Gläubigere mit ihren Sprüchen nicht mehr angehöret, son dern von des mehrwiderholten Leonhard Pfaf finger vorhandener Haabschaft und Vermögen völlig ausgeschlossen seyn, auch hieran nicht das geringste mehr, bey ewigen Stillschweigen zu for deren haben sollen, wornach sich dann ein jeder zu richten, und sein Recht zu besorgen wissen wird.', 'Solchemnach wird hiemit all und jeden des obgedachten Kirrer Glau bigern zur Anmeldung ihrer habenden Sprüch und Anforderungen eine Tagsatzung  pro termino 1mo, 2do,&3tioperemptorie von unten ge setzten Dato an und zwar mit Einschliessung de ren entzwischen fallenden Pfingstferien auf den 15ten des künftigen Monats July diess Jahrs früh um  Uhr auf den   Stadtgericht ent weders persönlich oder durch genugsam Bevoll mächtigte alsogewiss zu erscheinen bestimmet, wie im widrigen die ausbleibend und sich in bestimm ter Zeit nicht anmeldende Glaubigere mit ihren Sprüchen nicht mehr angehört, sondern von des mehr wiederholten Johann Kirrer vorhandener Habschaft und Vermögen völlig ausgeschlossen seyn, auch hieran nicht das geringste mehr bey ewigen Stillschweigen zu forderen haben sollen, wornach sich dann ein jeder zu richten, und sein Recht zu besorgen wissen wird.', 'Solchemnach wird hie mit all und jeden des obgedachten Ernst Glau bigern zur Anmeldung ihrer habenden Sprüch und Anfoderungen eine Tagsatzung  pro termino, 1mo, 2do,& 3tio,peremptorie von unten gesetzten Dato an, und zwar mit Einschliessung deren entzwischen fallenden Pfingstferien auf den  künftigen Monats Julii diess Jahrs fruh um  Uhr auf dem   Stadtgericht entweders persönlich, oder durch genugsam Bevollmächtigte alsogewiss zu erscheinen bestimmet, wie in widri gen die ausbleibende und sich in bestimmter Zeit nicht anmeldende Glaubigere mit ihren Sprüchen nicht mehr angehört, sondern von des mehr wi derholten Martin Ernst vorhandener Habschaft und Vermögen völlig ausgeschlossen seyn, auch hiervon nicht das geringste mehr bey ewigen Stillschweigen zu fodern haben sollen, wornach sich dann ein jeder zu richten, und sein Recht zu besorgen wissen wird.']"
366,365,27,365_landesregierung_oberamtsregierung_oberamts_bestättiget,"['landesregierung', 'oberamtsregierung', 'oberamts', 'bestättiget', 'regierung', 'adinstantiam', 'grundbuchsamte', 'antumtractandum', 'introduciren', 'nistrazionen']","['Landesregierung bestättiget wurde.', 'Landesregierung bestättiget wurde.', 'Landesregierung.']"
367,366,27,366_zusammen_pavia_dunant_giacomoni,"['zusammen', 'pavia', 'dunant', 'giacomoni', 'coroha', 'bossiglion', 'irlanda', 'redio', 'affrica', 'asturia']","[':   Zusammen.', '| Zusammen.', '|| Zusammen.']"
368,367,27,367_thol_preuss_preussis_thlr,"['thol', 'preuss', 'preussis', 'thlr', 'ca', 'preus', 'brzinsko', 'preselmayer', 'erträgnissentwurfe', 'preindl']","['Ca thol.', 'Ca thol.', 'Ca thol.']"
369,368,27,368_paris_märz_exemplaire_groskanzler,"['paris', 'märz', 'exemplaire', 'groskanzler', 'morliere', 'meaupon', 'doten', 'anec', '12mò', 'schickals']","['4 à Paris.', 'Paris.', 'Paris.']"
370,369,27,369_invigiliren_wornach_richten_recht,"['invigiliren', 'wornach', 'richten', 'recht', 'bestens', 'jeder', 'jnteressirter', 'wissen', 'besorgen', 'vigiliren']","['Wornach sich also dieselbe zu richten, und ihrem Recht zu invigiliren wissen werden.', 'Wornach sich also ein jeder Jnteressirter zu richten, und seinem Recht bestens zu invigiliren wissen wird.', 'Wornach also ein jeder Jnteressirter sich zu richten, und seinem Recht bestens zu invigiliren wissen wird.']"
371,370,27,370_reitknechte_gesetz_belegt_strafung,"['reitknechte', 'gesetz', 'belegt', 'strafung', 'strafe', 'verbothen', 'straf', 'unnachsichtlich', 'ernstlich', 'verbrechen']","['einem jeden die und andere verbo tene Missbräuche, Betrüg, und Fälschung der Münz der Obrigkeit eines jeden Orts, da die geübet, oder da der Verbrecher be tretten wird, alsbald, und unverzüglich an zubringen, und zu rügen nicht allein erlaubt, sondern auch bey Pön zwey Mark löhtigen Goldes anzuzeigen, hiemit auferlegt seyn; und wäre es Sach, dass ein solcher Ver brecher am Gut gestraffet wurde, alsdann solle dem Ansager an solcher verwürkten Buss ein dritter Theil, die andere zwey Drit tel aber der Obrigkeit, darunter die Ueber fahrung geschehen, gebühren; welche Straf fen die Obrigkeit auch also einbringen, und dem Ansager seinen dritten Theil zustellen solle; wurde aber solche Obrigkeit an Ein bringung der verwürkten Straf saumig seyn, oder sich selbst der Sach theilhaftig machen, alsdann solle durch die Kreiss, unter denen sie, die Saumigen, gesessen, de ren Ueberfahrung halber, Unserem Kaiserl.', 'Es gebe die Erfahrenheit, dass die Kutscher, Post und Reitknechte, auch Herrschaftspostil lione mehrmalen stark zu schnalzen pflegen, wo durch manche Verunglückungen verursachet werden können, wessentwegen auch das Schnal zen schon ehehin einmal bey Gelegenheit eines andurch erfolgten Unglücks verbothen worden  Gleichwie nun dieser Unfug nicht gestat tet wird und alles Ernstes abgestellet werden muss: Als wird von Obrigkeitswegen noch malen ernstlich anbefohlen, dass die sämmtlichen Kutscher, Post und Reitknechte, auch Herr schaftspostillione in Hinkunft sowohl in hiesiger Residenzstadt selbst, in dero Vorstädten, in der Praterau, als auch auf den in die kais.', 'Es gebe die Erfahrenheit, dass die Kutscher, Post und Reitknechte, auch Herrschaftspostil lione mehrmalen stark zu schnalzen pflegen, wo durch manche Verunglückungen verursachet werden können, wessentwegen auch das Schnal zen schon ehehin einmal bey Gelegenheit eines andurch erfolgten Unglücks verbothen worden  Gleichwie nun dieser Unfug nicht gestat tet wird, und alles Ernstes abgestellet werden muss: Als wird von Obrigkeitswegen noch malen ernstlich anbefohlen, dass die sämmtlichen Kutscher, Post und Reitknechte, auch Herr schaftspostillione in Hinkunft sowohl in hiesiger Residenzstadt selbst, in dero Vorstädten, in der Praterau, als auch auf den in die kais.']"
372,371,27,371_deleg_clavier_detto_abschrift,"['deleg', 'clavier', 'detto', 'abschrift', 'bremmerprücken', 'aufs', 'chim', 'line', 'joa', 'baruch']","['deleg.', 'Deleg.', 'Von dem     Deleg.']"
373,372,27,372_paul_kraus_krauss_comödienhaus,"['paul', 'kraus', 'krauss', 'comödienhaus', 'rennerin', 'hafners', 'nächst', 'beylager', 'gedicht', 'hochzeit']","['Bey| Bey dem Buchhändler Johann Paul Kraus nächst der   Burg, dem Comödienhaus gegen über ist zu haben:  Wetsch,( D) das bestrittene Vorurtheil in zwey Abhandlungen, die Einpfropfung der Kinds pocken und die Beerdigungen der Todten in den Kirchen und Städten betreffend, 8vo Wien 1764.', 'Bey   Paul Kraus nebst der Kaiserl.', 'Bey  Paul Kraus, nächst der Königl.']"
374,373,27,373_buchdruckern_hof_holzversilb_holzapfel,"['buchdruckern', 'hof', 'holzversilb', 'holzapfel', 'impress', 'oriental', 'hofbuchdruckern', 'kurtzböcken', 'buchdrukern', 'druckern']","['Hof Buchdruckern.', 'Hof Buchdruckern.', 'Hof Buchdruckern.']"
375,374,27,374_feilbietung_gegentheiligen_geschätzten_schuldigen,"['feilbietung', 'gegentheiligen', 'geschätzten', 'schuldigen', 'gerichtlich', 'gerichtl', 'brillantringes', 'kaufschillingsrest', '5250', 'ovalen']","['All maher, wider den Joseph Göller, und Ka tharina dessen Ehewirthin, wegen schuldigen 400  in die Feilbietung der gegentheiligen, auf 2350  gerichtlich geschätzten Behausung zun 3 Lilien  53 allhier gewilliget, und zu dessen Versteigerung 3 Termine, und zwar für den ersten der  Juli, für den zweyten der  August, und für den dritten der  September   mit dem Beysatze bestimmt worden, dass, falls diese Behausung weder bey dem ersten, noch zweyten Termin um den Schätzungswerthe, oder darüber an Mann gebracht werden sollte, solche bey dem drit ten Termin auch unter der Schätzung verkauft werden würde.', 'All mayer, wider den Joseph Göller, und Ka tharina dessen Ehewirthin, wegen schuldigen 400  in die Feilbietung der gegentheiligen, auf 2350  gerichtlich geschätzten Behausung zun 3 Lilien  53 allhier gewilliget, und zu dessen Versteigerung 3 Termine, und zwar für den ersten der  Juli, für den zweyten der  August, und für den dritten der  September   mit dem Beysatze bestimmt worden, dass, als diese Behausung weder bey dem ersten, noch zweyten Termin um dem Schätzungswerth, oder darüber an Mann gebracht werden sollte, solche bey dem drit ten Termin auch unter der Schätzung verkauft werden würde.', 'All mayer, wider den Joseph Göller, und Ka tharina dessen Ehewirthin, wegen schuldigen 400  in die Feilbietung der gegentheiligen, auf 23 0  gerichtlich geschätzten Behausung zun 3 Lilien  53 allhier gewilliget, und zu dessen Versteigerung 3 Termine, und zwar für den ersten der  Juli, für den zweyten der  August, und für den dritten der  September   mit dem Beysatze bestimmt worden, dass, falls diese Behausung weder bey dem ersten, noch zweyten Termin um den Schätzungswerthe, oder darüber an Mann gebracht werden sollte, solche bey dem drit ten Termin auch unter der Schätzung verkauft werden würde.']"
376,375,27,375_hungarn_spanien_spanischen_portugesischen,"['hungarn', 'spanien', 'spanischen', 'portugesischen', 'madrid', 'amtseides', 'valencianer', 'franckreich', 'amerika', 'friedens']","['nach Madrid gesandt wor  Hiesigen Orts sinnet nunmehro das Ministerium sowohl als die Nation über haupt auf nichts anders als auf die Mit tel, sich die Vortheile des Friedens zu Nu tze zu machen, und die meisten unter der Nation, welche von dem Vergleiche mit Spanien unpartheyisch denken, sehen nun all dasjenige, so die Widerspruchsparthey mit so reizenden Farben anstreicht, weiter nicht, als für ein blosses Blendwerk  Der Hof hat einen Courier nach Du blin mit Briefen an den Vicekönig von Jr land gefertigt.', 'Ministere, bey der jüngsten Unterhandlung mit dem spanischen Hofe in Betref der Jnsul Falkland, verabsäumet hätten, die Erläuterung des von den span ischen Gouverneurs in Amerika geleisteten Amtseides, ihrer allgemeinen Befehle und der in Amerika eingeführten Gesetze zu be gehren, nach welchen besagte Gouver neurs sich zu richten vorgeben, und mit tels deren der spanische Hof dieselbe, in Ansehung der angehobenen Feindseligkeiten, rechtfertigen will, unseres Königs Gerecht same und Besitzungen in Amerika dadurch ausgestellt verbleiben, von besagten Gou verneurs, unter dem Vorwande eines solchen Amtseides ihrer allgemeinen Befehle und der in Amerika eingeführten Gesetze, ge stört zu werden. ""', 'Erklärung ware auch ein Manifest allhier gedruckt so von Jhro Catholischen Majestät unterschrieben und|  gemacht worden; mittels dessen der gantzen Welt sonderlich aber der Spanischen Nation, klar gezeiget wurde mit was für Listen Franckreich bisshero entweder Spanien an sich zu ziehen oder im Gegenstand dasselbe völlig in Grund zu richten und die Spanier zum Werckzeug ihres selbst eigenen Unglücks und Untergangs zu brauchen sich bemühet habe; massen dann zu solchem Ende Franckreich Jhro Catholische Majestät in denen aussgangenen offentlichen  Manifesten sonderlich was die Religion betrifft einer Ketzerey beschuldiget und dardurch Dero Vasall und Unterthanen von Jhro Majestät allerdings abwendig zu machen gesucht; Da im Gegentheil aller Welt bekannt welcher Gestalten Franckreich in dem vergangenen Hungarischen Krieg und zu jetzigen Zeiten denen Re bellischen Hungarn ohnangesehen aller Religion Hülff geleistet und noch weiters bey der Ottomannischen Pforten eyffrigst dahin sich bemühet damit dieselbe zum Friedens bruch überredet würde; bey welcher aber mehr Trauen und Glauben als bey denen Frantzosen selbsten zu finden; Ja Jhro Catholische Majestät hatten sich in Krafft dieses offentlichen Patents erklärt dass wie Sie bisshero die geringste Unehr in denen Kirchen und was darzu gehörig nicht gestattet also auch urbietig wären dass Sie nicht allein die Cron Spanien sondern alle Cronen der Welt lieber lassen und sich deren verzeihen als ein solches auff einigerley Weiss zugeben wolten; zumahlen von Deroselben der Glor reiche Rahm eines treuen und liebenden Sohns der Catholischen Kirch über alle Schätz Ehr und Reichthumb billich geachtet würde; Welchemnach alle Spanische Unterthanen und Vasallen auss Lands vätterlicher Liebe dahin vermahnet worden dass sie die Parthey des eingetrungenen Hertzogen von Anjou ohnverzüglich verlassen widrigenfalls an ihrem eigenem grösten Unglück selbst Schuld und Ursach haben solten.']"
377,376,27,376_venus_jupiter_stralen_comet,"['venus', 'jupiter', 'stralen', 'comet', 'planet', 'mondes', 'ansicht', 'cometen', 'ausrechnung', 'sonne']","['Academie deren Wissenschaften eine Abhandlung von der Wiederkunft des im Jahr 1682. wahrgenom menen Cometen zu unserm Planet systeme eingesendet, nach welcher er behaupten will, dass, da dieser Comet  Jahr vorher, mit hin 1607., imgleichen auch davon  Jahr vorher, nämlich 1531. erschienen, nun auch in dem bevorstehenden 1756sten oder 1757sten, wo nicht gar vielleicht wol eher, wieder kom men dürfte; mit dem Beyfügen, dass, wann solches geschehen möchte, dieser Cemet dan noch auf keinerley Art gefährlich seyn könte, weil dessen Gang so gerichtet ist, dass er al lezeit unsere Erde von weitem vorbey gehen muss.| Aus Teutschland.| Berlin  Novem.', 'Daher rühret es, dass der Jupiter in dem Gemählde des einen, dem Jupiter auf der Schilderung des andern vollkommen ähnlich ist; daher ist die Liebe auf allen Bil dern, in allen Bildsäulen ein Weib mit ei nem Kinde an der Brust, und einem an der Hand; daher zischen die Schlangen ewig um den Kopf des Neides, und die Sand uhr läuft in den Händen der Zeit aller Or ten ihre Stunden aus; daher sehen wir kei ne neue Allegorien, worinn die SchafsinSchafsinnigkeit nigkeit an den Tugenden, an den Lastern, an den Leidenschaften neue Merkmale wahr nimmt, und sie dadurch bezeichnet, in wel schem Stücke die Aten so erfindungsreich wa ren: daher sehen wir so wenige neue Zu sammensetzungen, welche der Aufmerksamkeit seines Kenners würdig wären, und ihn, wie die malerischen Gedichte eines Raphael, Julius Romanus.', 'Es ist alhier zu Ende erst verstrichenen Mo nats Septembris um Mittags Zeit der Planet Venus mit puren Augen von jedermann gese hen worden, welche Ansicht bey gemeinen Leu ten einen nicht geringen Eindruck verursachet  Bey denen Sternkundigen hingegen hat dieses als eine gantz natürliche Sache nicht den mindesten Grund zur Verwunderung gegeben, allermassen diese vermög ihrer Ausrechnung befunden haben, dass dieser Planet damals just in dem  Grad nach der mittägigen Län ge in dem Löwen, folgsam in der weitesten Ent fernung von der Sonne als seines Mittel Planets gestanden, wordurch er von denen Sonnen Stralen nicht so sehr, als sonsten, wann er deroselben näher ist, beleuchtet wor ManhatebendiesenPlanetenauchschon zu andern malen bey Tage gesehen, haupt sächlichen da er in dem Hertz des Löwens ge wesen, so im Julio 1724. vorgefallen, und man solte ihn fast alle Jahre sehen, nachde me er aber seinen Kreis alle sieben Jahre und etliche Tage vollendet, so kan diese Ansicht nicht iedes Jahr zu nämlicher Zeit eintreffen, zuma len auch die Brechung deren Stralen nach Maass der Rähe, oder Weite des Gestirns von der Erde nicht gleich  Heute seynd  Personen, so alhier eine Zeit lang sich aufgehalten, als berühmte Rauber entdecket, und zu Verhaft gezogen worden.']"
378,377,27,377_richten_wornach_wissen_jeder,"['richten', 'wornach', 'wissen', 'jeder', 'kund', 'wollen', 'machen', 'erbdantheils', 'jedekmänniglich', 'männiglich']","['Wornach sich also ein jeder zu richten wissen wird.', 'Wornach sich also ein jeder zu richten wissen wird.', 'Wornach sich also ein jeder zu richten wissen wird.']"
379,378,27,378_hisp_mann_angewachsen_getröste,"['hisp', 'mann', 'angewachsen', 'getröste', 'nachzusenden', '80jährigen', 'seinennumeris', 'einambo', 'erschöpfte', 'nore']","['Hisp.', 'Hisp.', 'Hisp.']"
380,379,27,379_1759_1758_exelus_anticipationen,"['1759', '1758', 'exelus', 'anticipationen', 'erleg', 'denkwürdige', 'gehenden', 'subsidien', 'journal', 'schlacht']","['1759.', '1759.', '1759.']"
381,380,27,380_nied_henn_nistrationsregistrat_admi,"['nied', 'henn', 'nistrationsregistrat', 'admi', '', '', '', '', '', '']","['nied.', 'nied.', 'nied.']"
382,381,26,381_kirche_beschädiget_gebäude_kloster,"['kirche', 'beschädiget', 'gebäude', 'kloster', 'gespalten', 'eingeschlagen', 'bomben', 'eingeäschert', 'strahl', 'währendem']","['Die Abtey Refuge de Notre Dame genannt, ist gäntzlich einge äschert, die grosse  Julian Kirche ist gleich falls gantz und gar zu Grunde gerichtet, das Kloster derer Recollecten ist durch mehr als  Canonen Schüsse durchlöchert und verdor  Das Collegium ist auch verwüstet, das Haus des Gouverneurs und das Zeug Haus seynd beyde eingeschossen.', 'Aus dem ungefähr  Meilen von hier ligenden Dorfe Blankenburg wird berichtet, dass am verwichenen Sonntag, Nach mittags, ein Donnerwetter währendem GOttes dienste in die Kirche eingeschlagen, und einen Bauren auf der Stelle getödtet, auch  andere Personen gefährlich beschädiget habe.| Bayreut  Junii.', 'Das Kloster und die Bibliothec der Fran ciscaner, und die  Lamberti pfarr kirche sind sehr beschädiget worden, indem die Hanoveraner nichts als mit Feuerfan genden Materien angefüllte Bomben und glüende Kugeln geworfen.']"
383,382,26,382_ihrs_dziali_merida_maiest,"['ihrs', 'dziali', 'merida', 'maiest', 'maji', 'beth', 'weyl', 'namens', 'ge', '']","['ihrS.', 'ihrS.', 'ihrS.']"
384,383,26,383_fortepiano_grosses_verkaufen_gutes,"['fortepiano', 'grosses', 'verkaufen', 'gutes', 'piano', 'bäckenstrass', '790', 'ton', 'forte', '5mal']","['Es ist 1 grosses Fortepiano von einem guten Meister täglich zu verkaufen.', 'Es ist 1 grosses Fortepiano von einem guten Meister täglich zu verkaufen.', 'Es ist 1 grosses Fortepiano von einem guten Meister täglich zu verkaufen.']"
385,384,26,384_fischen_fisch_fischkäuflerin_fische,"['fischen', 'fisch', 'fischkäuflerin', 'fische', 'cavalliau', 'klippenfisch', 'surden', 'chebucto', 'gesaltzenen', 'vorwissen']","['währender belagerung keinen mangel an brod bier wein stok fisch und an denen gesaltzenen fischen ge habt fleisch und butter ist auch noch zu haben gewesen nur etwas theuer.', 'Gestern Abend erlu stigten sich dieselbe mit Fischen an einem Ort der Riviere, wo eine grosse Menge von verschiedener Art Fischen sich befindet.', 'Der Fluss Chebucto gibt uns überall eine unglaubliche Menge Fische, insonderheit Kabeljau, Schellfisch, Backeljau, Bütte, Mackrelen, Heringe, allerley grosse Plattfische, Rochen, Krebse, und verschiede ne Arten von kleinen Fischen.']"
386,385,26,385_nigl_kö_nigricant_wje,"['nigl', 'kö', 'nigricant', 'wje', 'spricht', 'man', 'ist', 'so', 'der', '']","['Kö nigl.', 'Kö nigl.', 'Kö nigl.']"
387,386,26,386_juden_böhmen_zugelassen_judenschaft,"['juden', 'böhmen', 'zugelassen', 'judenschaft', 'sicherheit', 'drittel', 'verzinsung', 'kauf', 'ausgenommen', 'stand']","['Es ist dabey ein ganz neues System angenommen, und sol len den Juden viele Freyheiten gestattet, auch wird ihnen ein Theil des bisherigen Schutzgeldes erlassen werden.', 'Fortsetzung des letzthin ab gebrochenen Patentes über die Steuern der Juden: $.', 'Bediente, welche bey gedachtem Salzwerke stehen, wie auch  Bürger und  reiche Juden mit weggenommen.']"
388,387,26,387_gedruckt_kaiserl_ankünankündigung_geschmackte,"['gedruckt', 'kaiserl', 'ankünankündigung', 'geschmackte', 'imperial', 'kellnerhofgasse', 'matinées', 'nenthaler', 'jakisch', 'niederlagsin']","['Gedruckt in dem Kaiserl.', 'Gedruckt in dem Kaiserl.', 'Gedruckt in dem Kaiserl.']"
389,388,26,388_1761_anhang_samstags_mittwochs,"['1761', 'anhang', 'samstags', 'mittwochs', 'november', '1759', 'risswic', 'schneidische', 'vollmond', 'tagne']","['An   Samstags anhang  November 1761.', 'Mittwochs anhang  November 1761.', 'Mittwochs anhang  November 1761.']"
390,389,26,389_böhmen_deutschen_kupfertafeln_baukunst,"['böhmen', 'deutschen', 'kupfertafeln', 'baukunst', 'gemahlten', 'baumeister', 'lederband', 'staatswirthe', 'stieglitz', 'bürgerlichen']","['798 3  40  Stieglitz(  ) Encyklopädie der bürgerlichen Baukunst, in welcher alle Fächer dieser Kunst nach alphabetischer Ordnung abgehandelt sind, ein Handbuch für Staatswirthe, Baumeister und Landwirthe, 5ter Band mit 26 Kupfertafeln.', '3  40  Stieglitz(  ) Encyklopädie der bürgerlichen Baukunst, in welcher alle Fächer dieser Kunst nach alphabetischer Ordnung abgehandelt sind, ein Handbuch für Staatswirthe, Baumeister und Landwirthe, 5ter Band mit 26 Kupfertafeln.', '22  Pelzeis   kurzgefasste Geschichte der Böhmen von den ältesten bis auf itzige Zeiten, aus den bessten Geschichtsschreibern, alten Kro niken und glauwürdigen Handschristen,   Prag, 3  Mödels   kleine Schriften, bestehend in ökonomisch physitalisch und chymischen Abhand lungen,   Petersb.']"
391,390,26,390_böhmen_8vo_dresden_königsberg,"['böhmen', '8vo', 'dresden', 'königsberg', 'warschau', '1726', '1742', 'buchdruckern', '1745', 'octob']","['Montags des Abends zwischen  und  Uhr langeten Jhre Hoheit der Chur Printz aus Sachsen aus Warschau hier an welche sodann hier durch passierte und so gleich ohne einiges Verweilen dero Reise per Posta nach Sachsen fortsetzete.| Wien  September 1726.', 'Herr Conrad von Uffenbach, merkwürdige Reisen durch Niedersachsen, Holland und Eng land, mit Kupfern gross  Ulm 1753. per     Des Teutsche Staats Geographie mit allen seinen Verrichtungen, höchsten und hohen Her ren, Fürsten und Ständen im Teutschen Reiche, nach denen Grund sätzen der Kossmographischen Gesellschaft vorgeschlagen, von denen  dirigi renden Mitgliedern der Kosmographischen Ge sellschaft gross 4to 1753. kost   Das Allerneueste Pariser Koch und Tren schir buch,  1752. kostet   Natürlichste und leichteste Anweisung zum Brief stellen, sowol überhaupt, als auch in be sonderen Fällen, nebst Beyspielen, wie auch einer Anweisung zur Orthographie und Titula tur auch einem Lateinisch Französisch und Teutschen Wörter buch, von    Webern, in  Frankfurt 1754.', '970| Aus Teutsch Land.| Kloster Stockau im Pilsner Creise in Böhmen  Octob.']"
392,391,26,391_appell_appel_belteb_ametist,"['appell', 'appel', 'belteb', 'ametist', 'dertaun', 'durchi', 'warnemünde', 'lepper', 'gümbel', 'ring']","['appell.', 'appell.', 'appell.']"
393,392,26,392_brosch_48_45_24,"['brosch', '48', '45', '24', '798', '40', 'kr', 'ungebunden', '12', '30']","['brosch.', 'brosch.', '3  brosch.']"
394,393,26,393_todt_mayt__,"['todt', 'mayt', '', '', '', '', '', '', '', '']","['Todt.', 'Todt.', 'Todt.']"
395,394,25,394_27_28_11_11½,"['27', '28', '11', '11½', 'grad', '13', '14', 'ober', '9½', '17']","['9½ 10½ 11 0½ 0 0 11 3  27 27 27 28 28 28 27 13 ½ ober o 15 ½—— 13—— 15—— 16 2 3—— 19—— 20—— Lin 10 11 11½ 0½ 1 0 11½ Grad nachm.', '27 27 27 28 28 28 27 21 22 23 24 25 26 27 27 27 27 28 28 28 27 21 22 23 24 25 26 27 Grad frühe 9 11 11 0 1 1 11½ 9 11 11 0 1 1 11½ Lin 10 ober o 13—— 13—— 11—— 14 ½—— 16—— 17—— 10 ober o 13—— 13—— 11—— 14 ½—— 16—— 17—— Grad 27 27 27 28 28 28 27 27 27 27 28 28 28 27 Zoll.', '27 27 27 28 28 28 27 21 22 23 24 25 26 27 Grad frühe 9 11 11 0 1 1 11½ Lin 10 ober o 13—— 13—— 11—— 14 ½—— 16—— 17—— Grad 27 27 27 28 28 28 27 Zoll.']"
396,395,25,395_1775_1773_kolsburg_wien,"['1775', '1773', 'kolsburg', 'wien', 'juni', 'may', '26ten', 'sulzbachische', 'verlassenschaftsrealitäten', 'tzingerischen']","['Wien den  Juni 1775.', 'Wien den  Juni 1775.', 'Wien den  Juni 1775.']"
397,396,25,396_haag_friedens_holland_britannische,"['haag', 'friedens', 'holland', 'britannische', 'currier', 'minister', 'gevollmächtigte', 'cammerich', 'brüssel', 'principalen']","['Currier Herr Haselman aus dem Haag angelanget und sogleich ferners nacher Presburg abgangen; von dor ten nemlich aus dem Haag man mit sichern Brieffen vernommen dass die meiste Gevollmächtigte Gesandte im besagten Haag sich dermalen von Utrecht wieder eingefunden; mit dem Vorhaben ulda den  dieses ge wis einzutreffen; weilen die Französische Gevollmächtigte versprochen auf selbigen Tag ihre schriftliche Antwort auszuhändigen; immittels man auch zuvernehmen haben dörfte was bei der den  dieses zu Londen bestimten Versamlung im Parlement vorgangen.', ""Dass in dem Haag ein Currier von dem Herrn van dem Berg aus Brüssel eingelauffen; mit der Nachricht wie dass selbiger nebst den  nach dem Französischen Hof reisenden Ge sandten deren Herren General Staaten zu gemeldtem Brüssel glücklich an gekommen; und würden diese leztere alda sich etliche Tage aufhalten um mit dasiger Regierung ein und anders den Kaufhandel betreflich abzu tuhen; wie dan deswegen auch gemeldter Currier alsobald dahin wieder abgefertiget worden; Sonsten solle man in berührtem Haag sich aller hand Gedanken machen dass der Engelländische Gevollmächtigte mit einem Curier über Calais von Londen Briefe empfangen; die er aber so geheim halte dass niemand was davon erfahren könne; und weilen der selbe hierauf mit dem Französischen und des Ducd'Anjou Gesandter ge heime Unterredung gepflogen; so werde geurteilet dass es mit seiner Kö nigin Leben schlecht stehen müsse."", 'Dass Jhre Königliche Ho heit der Herzog von Orleans, Regent von Frankreich mit dem Kai serlichen Minister Herrn Baron von Pentenrieder und Engellisch auserordendtlichen Gesandten Herrn Ritter Sutton,( bey deme jüng stens der Ottomannische Botschafter aus habender Bekantschaft von Constantinopel wie auch der Friedens Handlung zu Possarowitz her seine Besuchung getahn) wegen deren Hindernussen so die Friedens Handlung zu Cammerich bishero noch aufgehalten ein lange Unter redung welcher auch der Herr Erz Bischoff von Cammerich beygewoh net gepflogen hätten um Mittel zufinden diese Hindernüssen so Span nien und Engelland verursachen sollen aus dem Weeg zuraumen damit nur einsmals erwehnte Friedens Handlung ihren Fortgang haben möge; Sonsten seye der Herr Cardinal deBissy von Pariss nacher Rom dahin ein Curier mit wichtigen Briefschaften an den  Cardinal deRohan auch abgefertiget worden jüngstens abgereiset; Deme die Herren Cärdinäl deMailly und Polignac, nächstens folgen: Die Herren Cardinäl deGesvres und Noailles, aber zu Pariss verblei ben würden; Der leztere habe beschlossen denen Ordens Geistlichen keine Weyhe mehr zuertheilen deren Obern oder dero Clöster dem Apelli renden Theil wider die ConstitutionUnigenitus anhängig seyen und das wär auch die Ursach gewesen dass der AbbèdeFleury bey dem König nicht mehr Beicht Vater geblieben dessen Stell inzwischen weilen der Herr AbbèdeVivans zu Rom sich aufhalte ein  PaterS.']"
398,397,25,397_musik_oper_parodie_music,"['musik', 'oper', 'parodie', 'music', 'dje', 'opern', 'aufgeführt', 'schläger', 'theaterstsücke', 'sundermayer']","['Abends Kammer Musik.', 'Heute Abends wird die erste Vorstellung des Aetius, einer Oper des un vergleichlichen Dichters, Abts Metasta sio seyn, und mit den Erlustigungen nach dem von dem Könige gutgeheissenen Plane fortgefahren werden.', 'Musik.']"
399,398,25,398_3000_30000_gulden_300000,"['3000', '30000', 'gulden', '300000', 'tonnen', 'derthalb', 'ungefähr', 'cabiljau', 'garonne', 'haudon']","['Mann, worunter über 3000.', 'Kammer 3000.', '3000.']"
400,399,25,399_amtsverwaltung_gräfl_speigen_unmittelbarkeit,"['amtsverwaltung', 'gräfl', 'speigen', 'unmittelbarkeit', 'bergische', 'bam', 'regierung', 'betr', 'ampferdach', 'burische']","['Von der Amtsverwaltung der gräfl.', 'Von der Amtsverwaltung der gräfl.', 'Von der Amtsverwaltung der gräfl.']"
401,400,25,400_kais_kumin_ludov_serl,"['kais', 'kumin', 'ludov', 'serl', 'kuhr', 'kai', 'fürstl', '', '', '']","['kais.', 'kais.', 'kais.']"
402,401,25,401_hyacinten_gefüllte_hyacinthen_weisse,"['hyacinten', 'gefüllte', 'hyacinthen', 'weisse', 'farb', 'violblaue', 'frühe', 'farbe', 'leib', 'hya']","['Gefüllte weisse Hyacinten.', 'Gefüllte weisse Hyacinten.', 'Gefüllte weisse Hyacinten.']"
403,402,25,402_satzbrief_satzbriefe_briefe_ruhmtüchtig,"['satzbrief', 'satzbriefe', 'briefe', 'ruhmtüchtig', 'kirchlechnerische', 'zeitlichem', 'wehedorns', 'anwei', 'verdientesten', 'lobsprüchen']","['Satzbrief.', 'Satzbrief.', 'Satzbrief.']"
404,403,25,403_1756_1755_17775_stuttgard,"['1756', '1755', '17775', 'stuttgard', 'augspurg', 'karte', '4to', 'künftigen', 'land', 'einer']","['1756.', '1756.', '1756.']"
405,404,24,404_math_calculat_kind_alt,"['math', 'calculat', 'kind', 'alt', '', '', '', '', '', '']","['Math.', 'Math.', 'Math.']"
406,405,24,405_kayserin_hungarn_kayserl_verwittibte,"['kayserin', 'hungarn', 'kayserl', 'verwittibte', 'hofstatt', 'cavallieren', 'begleitung', 'aussländischen', 'durchleuchtigsten', 'herrschafft']","['Heute Frühe haben abermahlen Jhre Majestät die verwittibte Kayserin sambt Dero Durchleuchtigsten jungen Herrschafft in Gefolg Dero gewöhnlichen Hoffstatt und ei ner Mänge Volcks zu Fuss sich nacher Herrenals begeben sodann nach all da wie auch auff dem Weeg verrichteter Andacht herein in das Kayserl.', 'Heute Abends haben Sich Jhre Maje stät die verwittibte Kayserin sambt Denen Durchleuchtigsten Ertz Hertzo ginnen in gewöhnlicher Begleitung Dero Hofstatt nach der Kirchen des Kayserl.', 'Heute haben Jhre Majestät die Verwittib te Kayserin nebst denen Durchleuchtigsten Ertz Hertzoginnen in Gefolg Dero Hofstatt in die Kayserl.']"
407,406,24,406_richter_rath_landesfürstl_rathgeb,"['richter', 'rath', 'landesfürstl', 'rathgeb', 'atzel', 'beger', 'grossbitannien', 'kasserl', 'judicis', 'kaiseri']","['Von  Richter und Rath des landesfürstl.', 'Von  Richter und Rath des landesfürstl.', 'Von  Richter und Rath des landesfürstl.']"
408,407,24,407_eimer_pillichstorf_joch_guts,"['eimer', 'pillichstorf', 'joch', 'guts', 'deto', 'gebünden', 'angesetzter', 'schoss', 'obern', 'weinfäs']","['Von der   Herrschaft Wolkerstorf wer den den  September früh um 8 Uhr die nach Absterben Eleonora Guppenbergerin, ge westen Mühlermeisterin zu Pillichstorf, vor handene Weine und zwar 1783er Bisamber ger  Eimer in 2 Gebinden, 1787er Kö nigsbrunner 252 Eimer in 9 Gebünden, und 1788er Pillichstorfer 62 2 4 Eimer in 4 Ge bünden, endlich 1103 Eimer leere Weinfäs ser in eisenen Banden, nebst einen Keller in der Holzlunden, durch öffentliche Versteige rung den Meistbietenden verkauft; Kauflusti ge dieser Weine, Fässern, oder Kellers ha ben sich daher obigen Tag und Stund in der Mühl zu Pillichstorf einzufinden, und die Versteigerung abzuwarten.| Licit.', 'Von der k  Herrschaft Wolkerstorf wer den den  September früh um 8 Uhr die nach Absterben Eleonora Guppenbergerin, ge westen Mühler  Pillichstorf, vor handene Weine und zwar 1783er Bisamber ger 35 Eimer in 2 Gebünden, 1787er Kö nigsbrnnner 252 Eimer in 9 Gebünden, und 1788er Pillichstorfer 62 2 4 Eimer in 4 Ge bünden, endlich 1103 Eimer leere Weinfäs ser in eisenen Banden, nebst einen Keller in der Holzluden, durch öffentliche Versteige rung den Meistbietenden verkauft; Kauflusti ge dieser Weine, Fässern, oder Kellers ha ben sich daher obigen  und Stund in der Mühl zu Pillichstorf einzufinden, und die Versteigerung abzuwarten.| Licit.', 'Von der   Herrschaft Wolkerstorf wer den den  September früh um 8 Uhr die nach Absterben Eleonora Guppenbergerin, ge westen Mühlermeisterin zu Pillichstorf, vor handene Weine und zwar 1783er Bisamber ger 35 Eimer in 2 Gebünden, 1787er Kö nigsbrunner 252 Eimer in 9 Gebünden, und 1788er Pillichstorfer 62 2 4 Eimer in 4 Ge bünden, endlich 1103 Eimer leere Weinfäs ser in eisenen Banden, nebst einen Keller in der Holzluden, durch öffentliche Versteige rung den Meistbietenden verkauft; Kauflusti ge dieser Weine, Fässern, oder Kellers ha ben sich daher obigen Tag und Stund in der Mühl zu Pillichstorf einzufinden, und die Versteigerung abzuwarten.| Licit.']"
409,408,24,408_heinr_heil_heiderisches_hebelaker,"['heinr', 'heil', 'heiderisches', 'hebelaker', 'wassermautoffiziant', 'jfr', 'heinlisches', 'heider', 'heilbroun', 'heindörfer']","['Heinr.', 'Heinr.)', 'Dem Heinr.']"
410,409,24,409_würdigen_schotten_lieben_stifts,"['würdigen', 'schotten', 'lieben', 'stifts', 'grundgerichts', 'zun', 'unser', 'gotteshau', 'frauen', 'gottes']","['Von des löbl Stifts, und würdigen Gotteshau ses unser lieben Frauen zun Schotten in Wien, Grundgerichts wegen, wird hiemit nochmalen zu vernehmen gegeben.', 'Stifts, und würdigen Gotteshau ses unser lieben Frauen zun Schotten in Wien, Grundgerichts wegen, wird hiemit nochmalen zu vernehmen gegeben.', 'Stifts und würdigen Gottes hauses unser lieben Frauen zun Schotten in Wien, Grundgerichts wegen wird hiemit zu vernehmen gegeben.']"
411,410,24,410_verordnung_nachmittagsstunden_hochlöbl_dies,"['verordnung', 'nachmittagsstunden', 'hochlöbl', 'dies', 'gewöhnlichen', '12', 'frühstunde', 'täge', 'folgende', 'pachtlustige']","['Den  August   zu den gewöhnlichen Vor und Nachmittagsstunden werden auf Verordnung einer hochlöbl königl.', 'Den  dies und folgende Täge, zu den gewöhnlichen Vor und Nachmittagsstunden werden auf Verordnung der hochlöbl.', 'Den  dies und folgende Täge, zu den gewöhnlichen Vor und Nachmittagsstunden werden auf Verordnung der hochlöbl.']"
412,411,24,411_obligation_obligationen_schedlische_obligatio,"['obligation', 'obligationen', 'schedlische', 'obligatio', 'kimmeriische', 'zahlungsextrakt', 'angenommen', 'nen', 'es', 'werden']","['Obligation.', 'Obligation.', 'Obligation.']"
413,412,24,412_brücke_böhmen_brücken_geschlagen,"['brücke', 'böhmen', 'brücken', 'geschlagen', 'slabode', 'thor', 'thaler', 'seil', 'elb', 'morast']","['Nach dem aber gedachte Brücke abermal im Herü berfahren, auf der Mitte des Stroms ge wesen, kamen unvermuthet zwey sehr hestige Windstösse, durch welche das die Brücke haltende grosse Seil unter dem andern klei nen Schiffe gesprungen, und die Brücke, samt den darauf befindlich gewesten  Bauer wägen, gegen den Carlburger arm getrie ben worden, welche aber nach ausgeworffenen Ankern im Einflusse des Arms stehen geblie ben, von wannen selbige, nachdem die Hef tigkeit des Windes nachgelassen, an ihren Ort wieder gebracht, und das im Vorrathe ge habte neue Seil eingezogen, mithin die Pas sage nach UhrAbendswiederhergestellet worden.', 'Bey Neustadt auf der Wiese und dem Terrain unter und oberhalb der Brücke wird ein Heu magazin durch die starke Zufuhr aus Böhmen angeleget, und an der Elb seite mit Palisaden umgeben.', 'So hat der Reichs Gräfliche Solmische amts Raht und geheime Secretarius zu Dres den Herr Carl Christian Schramm einen historischen schau platz der merkwürdigsten und sonderbaresten brücken in denen vier haupt theilen der welt bey gelegenheit der in dem volkommenesten stand und in einem recht Königlichen pracht versetzte Dresdner Elb brübrücke cke| cke dermalen völlig ausgearbeitet und in druck gegeben; nachdeme aber deren sieben und achtzig stück kostbarer brücken zeichnungen hal ber so meist in regal halb  folio, und  quart format seynd sowol auch der  correspondenz, besonderen  documenten,    dieses werk an die etliche tausend thaler kosten erfordert gedachter Herr amts Raht Schrammen entschlos sen ist sothane historische brüken beschreibung durch subscriptiones dergestalt drucken und die dazu kommende zeichnungen in kupfer stechen zu lassen dass nemlich sechs thaler für jetzo und bis zu ende des Augusti jetzt lauf fenden 1734 jahres zum voraus und bey lieferung des werks ein thaler nachgezahlet werde; so findet man nöhtig diese intention auch hiesigen orts bekannt zu machen und dass die Herren PrænumerantenPraenumeranten sich diesfalls alhier bey dem Kaiserl niederlags verwandten  Monaten in Dresden bey dem   Auctore, und in Leiptzig bey dem buchdrucker Herrn Breitkopf melden können zu benachrichti  Das werk wird ohngefehr  Alphabet ausmachen und solle auf weis druck papier in  folio, mit reinen lesentlichen und dazu neu gegossenen  Letteren gedrucket auch Oster messe 1735.   ohnfelbar zusamt denen kupferen gelieferet werden.']"
414,413,24,413_1791_convoc_juni_1789,"['1791', 'convoc', 'juni', '1789', 'wien', 'junius', 'juli', 'cantorirungsquartier', 'attestate', 'schwäbisch']","['Wien den  Juli 1791.', 'Wien den  Juli 1791.', 'Wien dem  Juni 1791.']"
415,414,24,414_joch_64_dienstbar_herrschaft,"['joch', '64', 'dienstbar', 'herrschaft', 'eimer', 'dazugehörigen', 'rabensburg', 'hausgründen', 'melkerischen', 'weingarten']","['Johann Baptist Ludwigs dorfischen Herrschaft Gundersdorf im     wird hiemit bekannt gemacht: Es sey bewilliget worden, die Verlassenschaft des Johann Eckers, behaust gewesenen Unterthans im Dorfe Wagelsdorf, bestehend in dem gut gebauten Hause, samt Stallungen, Scheuren, Keller auf 260 Eimer, und den zum Hause gehörigen 21 Joch 52 64 Aecker, 4 Joch 2 64 Weingärten, 1 Joch 55 64 Wiesen und 4 64 Garten, 1 Joch Uiberländäcker, 106 Eimer 1787er Wein, 90 Eimer 1788er, 135 Stück eisene Reife, 32 Eimer Fässer, dann der heurigen ganzen schweren und geringen Fech sung, endlich in Vieh und verschiedenen Haus einrichtungsstücken und Geräthschaften öffentlich feilzubieten, und gegen gleich baare Be zahlung zu verkaufen.', 'Von dem Amte der Stift Melkerischen Herrschaft Weikersdorf des     in dem Marchfelde wird hiemit kund gemacht: dass der Jakob Zim mermann, unterthäniger Halblehner und Bürger in dem Markte Weikendorf,undGetrauddessen 1701| Ehewirthin, die ihnen eigenthümlich angehörige Behausung  30, welche mit 3 bequemen Wohn zimmern, 1 Kuchel, 1 Speis, Stallungen, Sta del, Wagenschupfen, Körnerkasten und Hauskeller versehen ist, sammt den dazugehörigen 22 7 8 Joch Haus und 37 Joch Uiberländäckern, 1 2 Joch Weingarten in Viehtrieb, und 1 8 Kraut garten, nebst dem Anbau, als 10 1 2 Joch mit Waitzen, 9 1 2 Joch mit Korn, 21 Joch mit Ha ber und Haiden, dann das vorfindige Vieh, als 4 Pferde, 4 Kühe, 2 jährige Kalben, 14 Scha fe, 2 Lämmer, 2 Zuchtschweine, 4 kleine Schwei ne, 30 Hühner, wie auch 3 Wägen, 1 Kalless, und die gesammte Wirthschaftseinrichtung, durch Versteigerung käuflich hindanzugeben gedenken.', 'Von dem Amte der Stift Melkerischen Herrschaft Weikersdorf des     in dem Marchfelde wird hiemit kund gemacht: dass der Jakob Zim mermann, unterthaniger Halblehner und Burger in dem Markte Weikendorf, und Gertraud dessen Ehewirthin, die ihnen eigenthümlich angehörige Behausung  30, welche mit 3 bequemen Wohn zimmern, 1 Kuchel, 1 Speis, Stallungen, Sta del, Wagenschupfen, Körnerkasten und Hauskeller versehen ist, sammt den dazugehörigen 22 7 8 Joch Haus und 37 Joch Uiberländäckern, 1 2 Joch Weingarten in Viehtrieb, und 1 8 Kraut garten, nebst dem Anbau, als 10 1 2 Joch mit Waitzen, 9 1 2 Joch mit Korn, 21 Joch mit Ha ber und Haiden, dann das vorfindige Vieh, als 4 Pferde, 4 Kühe, 2 jährige Kalben, 14 Scha fe, 2 Lämmer, 2 Zuchtschweine, 4 kleine Schwei ne, 30 Hühner, wie auch 3 Wägen, 1 Kalless, und die gesammte Wirthschaftseinrichtung, durch Versteigerung käuflich hindanzugeben gedenken.']"
416,415,24,415_terni_jenem_terno_sub,"['terni', 'jenem', 'terno', 'sub', 'ambi', 'deti', 'estraten', 'detto', 'ducaten', 'detti']","['Den  dies ist allhier die Ziehung der   Lotterie vor sich gegangen, und sind die       mit vielen Ambi, Terni, und Estraten ge hoben worden, wie dann in der Amts kollektur ein Terno mit 150 Dukaten, bey den auf der Brandstatt angestellten Kol lektanten   vier Terni, ein Quar tin, bey jenem auf dem Judenplatze   fünf Terni, ein Quartin, dann an Estraten 250  bey dem   vier Terni, bey jenem   an detti 1300, bey diesem   an detti bey| dem   an detti 200 detto, bey jenem   an detti  bey dem in Krems   an detti 300 detto.', 'Den 5 dies ist allhier die Ziehung der   Lotterie vor sich gegangen, und seynd die      und  mit vielen Ambi, Terni, dann beträchtlichen Estratten gehoben, wie dann in der Amtcollectur sub Lit  ein Estratto mit   bey dem sub   in der Waldzeil angestellten Collectanten  Estratten, der eine   der zweyte   und der dritte    bey jenen sub   in tiefen Graben ein Terno mit  Ducaten, bey jenem sub   auf dem Peter  Terni, worunter einer mit  der anderte mit  Ducaten, bey diesem sub Nro  in der obern Breunerstrassen ein det to mit  Ducaten, bey dem sub   in der Kärntnerstrassen ein Estratto mit   bey dem sub  33 im Rothgässel ein Terno mit 100 Ducaten, bey dem sub   auf der Wieden  Terni, und  Quaterni, bey jenem sub   in der Rossau ein Quaterno, bey dem sub   bey Maria Hülf  Terni, bey diesem sub   zu Erdberg ein Ambo mit  Ducaten, bey dem sub   in der Neustadt ein Ter no mit  Ducaten, dann bey dem sub   zu Linz  Terni, und ein Quaterno ge wonnen und abgeführet worden.', 'Den  diess ist allhier die Ziehung der   Lotterie vor sich gegangen, und sind die Nri     und  mit vie len in Theil nahmhaften Ambi, Terni, und Estraten gehoben worden, wie dann bey dem sub   angestellten Kollek tan an 3 Terni, bey jenem   vier Terni, ein Quartin, dann an Ambi 200 Dukaten, bey diesem   an Estra ten   bey dem   an detti 250 detto, bey jenem   ein Ambo mit 500 Dukaten, bey diesem Nro  ein Terno mit 100 detto, bey dem  32 ebenmässig ein Terno  100 Duka ten, bey jenem   an detti 4000 detto, bey diesem   vier Terni, ein Quartin, bey dem   drey Terni, bey jenem   an detti 200 detto, bey diesem  79 drey Terni, dann bey dem in Schwechath   an detti 400 detto gewonnen und abge führt worden.']"
417,416,24,416_hochlöbl_bewilligung_genehmhal_beförderet,"['hochlöbl', 'bewilligung', 'genehmhal', 'beförderet', 'verwilligung', 'mittelst', 'einer', 'gnädigster', 'oberen', 'druck']","['Mit Bewilligung einer hochlöbl.', 'Mit Bewilligung einer hochlöbl.', 'Mit Bewilligung einer hochlöbl.']"
418,417,24,417_band_bände_erschienenen_pränumerirt,"['band', 'bände', 'erschienenen', 'pränumerirt', 'geschlossen', 'pränumeration', 'zween', '11te', 'angekündigten', 'pränumerationspreis']","['3 voraus bezahlet, und, wann im November besagten Jahrs die ser erste Band geliefert wird, noch 1    nachgiebet, hat weiter nichts für diesen Band, als das wenige Porto zu bonificiren, auf den 2ten Band aber wieder   vorhinein zu geben, und soll solchergestalt für jeden Theil von Jahr zu Jahre continuiret werden.', 'Uebrigens habe ich die Ehre zu erinnern, dass diejenigen, welche ausser der Sub kription, die zween schon erschienenen Bände, mithin den ersten Theil abnehmen wollen, selbe, sobald sie für den ersten Band des zweyten Theils sich unterzeichnen, und 3  voraus bezahlen, auch diese zween Bände um den äusserst wohlfeilen Preis  6  erhalten, wo im Gegentheile jeder ein zelne Band um 4  30  verkauft werden wird.', 'Uebrigens habe ich die Ehre zu erinnern, dass diejenigen, welche ausser der Sub skription, die zween schon erschienenen Bände, mithin den ersten Theil abnehmen wollen, selbe, sobald sie für den ersten Band des zweyten Theils sich unterzeichnen, und 3  voraus bezahlen, auch diese zween Bände um den äusserst wohlfeilen Preis  6  erhalten, wo im Gegentheile jeder ein zelne Band um 4  30  verkauft werden wird.']"
419,418,24,418_kuefstein_kerschner_kirchberg_32tes,"['kuefstein', 'kerschner', 'kirchberg', '32tes', 'burggräfin', 'lowenegg', 'ninger', 'kollhaneck', 'kirkirninger', 'klose']","['21tes Herr Ehrgott Graf von Kuefstein.', '32tes Herr Ehrgort Graf von Kuefstein.', 'Von der Herrschaft des aufgelassenen Stifts  Andrä an der Traisen im     wird hiemit der hieher unterthänige Michael Kerschner von Unterwölbling gebürtig, so dem Vernehmen nach vor 40 Jahren kaiserl.']"
420,419,24,419_mayerische_mayer_gläubiger_mayerey,"['mayerische', 'mayer', 'gläubiger', 'mayerey', 'mayerischer', 'mayerins', 'siechnh', 'hofsgebäude', 'billhofer', 'gargassen']","['Mayerische Gläubiger.', 'Mayerische Gläubiger.', 'Mayerische Gläubiger.']"
421,420,23,420_wissenschaft_jedermanns_landesregierung_chemie,"['wissenschaft', 'jedermanns', 'landesregierung', 'chemie', 'jedermans', 'bekannt', 'erinneren', 'höchste', 'gemacht', 'wissenschaften']","['Landes regierung zu Jedermanns Wissenschaft hier mit bekannt gemacht wird.', 'Landes regierung zu Jedermanns Wissenschaft hier mit bekannt gemacht wird.', 'regierung zu Jedermanns Wissenschaft hier mit bekannt gemacht wird.']"
422,421,23,421_1772_1771273_177273_40451,"['1772', '1771273', '177273', '40451', 'erlangen', 'aber', 'auf', '', '', '']","['1772.', '1772.', '1772.']"
423,422,23,422_1749_rousset_leiptig_vermehret,"['1749', 'rousset', 'leiptig', 'vermehret', 'anmerkungen', 'band', 'ster', 'gross', 'durch', 'er']","['1749.', '1749.', '1749.']"
424,423,23,423_phil_philos_doct_kengires,"['phil', 'philos', 'doct', 'kengires', 'vols', 'patrii', 'ernesti', 'rossan', 'publ', 'zenneg']","['Phil.', 'Phil.', 'Phil.']"
425,424,23,424_haus___,"['haus', '', '', '', '', '', '', '', '', '']","['Haus.', 'Haus.', 'Haus.']"
426,425,23,425_leop_morbis_leonh_valentin,"['leop', 'morbis', 'leonh', 'valentin', 'bürgl', 'dem', 'alt', '', '', '']","['Leop.', 'Leop.', 'Leop.']"
427,426,23,426_alters_gestorben_alter_jahr,"['alters', 'gestorben', 'alter', 'jahr', 'verstorben', 'seines', 'jahre', 'verstarb', 'alhier', 'starb']","['Ludwigs Krieges Ordens ist dieser Tagen gestorben seines Alters  Jahr.| Aus Niederland.| Brüssel   Den 26sten April ist der Herr de Fraula, 5ter RahtsHerrindemhohen Raht von Braband alhier Todes ver blichen.', 'An eben diesem Tage verstarb auch am halb 3 Uhr nach Mitternacht der hoch und wohlgebohrne  Johann Paul Frey und Panierherr von Buol,     Hof und erster   Regierungsrath, im  Jahre seines Alters, nachdem er durch 45 Jahre dem allerhöchsten Dienst mit getreuer und eifriger Verwendung bis an die letzten Tage vor seinem Tode ununterbrochen versehen hatte.', 'Dito wurde alhier eine ledige Manns Per son, Namens Johann  Catholischer Reli gion, gegen  Jahr alt, von Nidlingen aus Franken gebürtig; auf der so genannten Gäuss Weid am gewöhnlichen Richt Platz auf einem über den Scheitter Hauffen gemachten Schnell Galgen, mit dem Strang vom Leben zum Tod hingerichtet, sodann dessen Körper zu Staub und Aschen verbrannt, und folgends die Asche in den vorbey fliessenden Donau Strohm ver tilget: Um willen derselbe( ungeachtet er De linquent wegen eines im Monat Martii vori gen Jahrs in einem sicheren Wirts Haus in der Leopoldstadt alhier begangenen obschon ge ringen Diebstahls, auch müssig und Landstrei chenden herumziehens der Kaiserl.']"
428,427,23,427_edict_offene_wollen_erinneren,"['edict', 'offene', 'wollen', 'erinneren', 'männiglich', 'kund', 'jedermänniglich', 'hiemit', 'wissen', 'wis']","['Welches man durch die ses offene Edict hiemit kund und zu wissen machen wollen.| Von der Gräfl.', 'So man durch dieses offene Edict hiemit kund und zu wissen machen wollen.', 'So man männiglich durch dieses offene Edict hiemit kund und zu wissen machen wollen.']"
429,428,23,428_1771_jänner_osterzell_märz,"['1771', 'jänner', 'osterzell', 'märz', 'wien', 'relation', 'ausführliche', 'nussdorf', 'derlagsverwandten', 'fresacher']","['Wien den  Jänner 1771.', 'Wien den  März 1771.', 'Wien 1771.']"
430,429,23,429_wagner_wagneris_wagners_2ter,"['wagner', 'wagneris', 'wagners', '2ter', 'apothek', 'tagt', 'wagnerisches', 'wagnerscher', 'cordula', 'schlagfl']","['Wagner, 2ter Theil.', 'Wagner, alt 17   Elisabeth.', 'Joseph Wagner.']"
431,430,23,430_mjttwoch_december_augusti_herschaften,"['mjttwoch', 'december', 'augusti', 'herschaften', 'mjtwoch', 'november', 'gehörter', 'july', 'juny', 'alldieweilen']","['MJttwoch den  Augusti.', 'MJttwoch den  Augusti.', 'MJttwoch den  Augusti.']"
432,431,23,431_fox_bill_commissaire_stimmen,"['fox', 'bill', 'commissaire', 'stimmen', 'vorschlag', 'finanzstand', 'sheridan', 'berechnungen', 'connor', 'tooke']","['Er über nahm hierauf die Rechtfertigung des Ur habers jener Bill( des  Fox).', 'Am  May standen die Stimmen so: für Herrn Fox 480; für den Admiral Gardner 373, und für Herrn Tooke  Als am  die Wahl den Anfang nahm, ward Herr Fox von dem Herrn Scott, der Admiral Gardner durch Sir  Turton vorgeschlagen und Herr Took schlug sich selbst  Alsdann hielt Herr Fox eine Rede, welche viele Bemer kungen über die letztern beyden Parlaments acten darstellte, die so viele Aufmerksamkeit erregt hatten.', 'Bey jedem die ser Namen machte  Fox einige An merkungen über die Verdienste der Män ner— Sir Astley wollte den Vorschlag machen, dass keiner dieser Commissaire im Parlamente sitzen sollte, aber  Fox bewies, dass dadurch die ganze Ab sicht der Bill vernichtet wurde.']"
433,432,23,432_warnenden_belehrenden_spiele_oh,"['warnenden', 'belehrenden', 'spiele', 'oh', 'mund', 'seuf', 'siedenden', 'scholastisch', 'sassari', 'einführungshandlung']","['Zum warnenden und belehrenden Bey spiele für andere Völker und Nationen.', 'Bey der hierauf vor den Geschwornen angestell ten Untersuchung ergaben sich theils die obigen Umstände, theils aber, dass Lord Charles in den Mund geschossen war, oh ne dass weder Zähne noch Lippen beschä digt waren, daher es wahrscheinlich wird, dass er selbst die Pistole in den Mund ge nommen und sich erschossen habe.', 'Bey seiner Hinrichtung hatte man angemerket dass wie er sein Gebett geendiget und eini ge seiner Beschuldiger und Ankläger unter denen Umstehenden gewahr wur de er zu ihnen sagte: dass er ihnen das an ihme gethane Unrecht von Hertzen verzeichnete worauf er einige tieffe Seuf tzer zu GOtt schickete und mit solcher Hertzhaftigkeit von dem Karren spran ge dass er sich weiter nicht mehr bewe gete sondern gleich todt bliebe.']"
434,433,23,433_1776_november_wien_august,"['1776', 'november', 'wien', 'august', 'freystadt', 'blüschczau', 'leobensdorf', 'falkenberg', 'landesfürstl', 'enns']","['Wien den  August 1776.', 'Wien den  August 1776.', 'Wien den   1776.']"
435,434,22,434_deutschen_verkaufen_wallach_reitpferde,"['deutschen', 'verkaufen', 'wallach', 'reitpferde', 'faust', 'hengst', 'fuchs', '1179', 'schimmel', 'dukaten']","['Es sind zwey Zugpferde, Schwarzschimmel, Hengsten, aus einem guten Gestüt, dann drey zugerittene Reitpferde, ein Schwarzbraun, Sie denbürger, Wallach; ein Kastanienbraun, eben falls Wallach, und ein schöner Schimmel, Hengst, zu verkaufen; die Liebhaber hiezu kön nen sich am Kohlmarkt im Wallenfeldischen Haus  1179 anfragen.', 'Es ist eine wenig gebrauchte, auf 2 und 4 Personen einzurichtende mit weissen Tuche gefütterte und mit grün und weismelirten Borten gebrämte Berline, welche mit gebun denen Federn, auch Rothriemen, einem schwarz ledernen Soufflet über den ganzen Wagen, ei ner Sitzdecken eben vom weissen Tuche, und einem Bock zur Reise für die Bedienten, ver sehen, täglich zu verkaufen, und ist solche zu Margarethen in der Griesgassen bey den zwey lustigen Bauern  5 zu sehen, und der Preis hievon in dem deutschen Zeitungskomtoir zu erfahren.', 'Es ist eine wenig gebrauchte, auf 2, und 4 Personen einzurichtende, mit weissem Tuche gefütterte, und mit grün, und weismelirten Borten gebrämte Berline, welche mit gebun denen Federn, auch Nothriemen, einem schwarz ledernen Soufflet über den ganzen Wagen, ei ner Sitzdecken eben vom weissen Tuche,und 1839| einem Bock zur Reise für die Bedienten, ver sehen, täglich zu verkaufen, und ist solche zu Margarethen in der Griesgassen bey den zwey lustigen Bauern  5 zu sehen, und der Preis hievon in dem deutschen Zeitungskomtoir zu erfahren.| Wagen zu verkaufen.']"
436,435,22,435_burgl_färbermeisters_jetzin_hubmer,"['burgl', 'färbermeisters', 'jetzin', 'hubmer', 'montano', 'wanzka', 'mathias', 'eigenthümlich', 'fütterer', 'lebzelter']","['Färbermeisters allhier, und Johanna dessen Ehewirthin, die von ihnen eigenthümlich besessene burgl.', 'Färbermeisters allhier, und Johanna dessen Ehewirthin, die von ihnen eigenthümlich besessene burgl.', 'wird hiemit kund gemacht, dass nach Absterben des Mathias Jetzin ger, burgl Färbermeisters allhier, und Johanna dessen Ehewirthin, die von ihnen eigenthümlich bessene burgl.']"
437,436,22,436_majest_jhro_jhre_jh,"['majest', 'jhro', 'jhre', 'jh', 'nunmehrigen', 'schlüsse', 'ro', 'euere', 'jch', 'hoheit']","['Jhro Majest.', 'Jhro Majest.', 'Jhro Majest.']"
438,437,22,437_kaiserin_beutel_jhre_majestät,"['kaiserin', 'beutel', 'jhre', 'majestät', 'schwangerschaft', 'königin', 'königinn', 'annahender', 'infiniment', 'landesfrau']","['Jhre Majestät die Kaiserin.', 'Jhre Majestät die  Kaiserin.', 'Jhre Majestät die Kaiserin.']"
439,438,22,438_50_50000_bankozettel_lohren,"['50', '50000', 'bankozettel', 'lohren', 'dreyfaltigkeit', 'barmd', '55000', 'säckelamt', 'uhlanenregimentern', 'legrosenpfleg']","['Dreyfaltigkeit bis in die Singerstrasse ein Bankozettel von 50  ver lohren.', 'Dreyfaltigkeit bis in die Singerstrasse ein Bankozettel von 50  ver lohren.', 'Bomben, und 50000.']"
440,439,22,439_schw___,"['schw', '', '', '', '', '', '', '', '', '']","['.', '.', 'schw.']"
441,440,22,440_hungarn_taxberg_saxe_landbothe,"['hungarn', 'taxberg', 'saxe', 'landbothe', 'obristen', 'erz', 'danksagung', 'römisch', 'obiger', 'commenthnrey']","[""Histoire de Maurice Comte de Saxe, Maréchal Général des Campe& Armée de sa Majesté tréschrétienne Duc Elu de Courlande& de Semigalle& Chevalier des Ordrés de Pologne& de Saxe, Dresse sur les memorcs de  d Mencon Jon Gouverneur qui ne l'a presque jamais quitté."", 'Leztes und 41tes samt seinem Fahn Jhre Durchleucht Erz Herzog Leopold durch Herrn Ehrgott Gra fen von Kuefstein.| Ordre de Bataille der Römisch Kaiserlichen Haupt Armee in Hungarn den  Augusti 1716.| INCAPITE| Jhre Hochfürstliche Durchleucht Prinz Eugenius von Savoyen der Römisch Kaiserlichen Majestät General Lieutenant.', 'Jhre Römisch Kaiserlich und Catholische Majestät haben Dero Obristen und zu Leutschau in Ober Hungarn bestelten Commandanten Herrn von Grumbach in Ansehung so wohl seiner über  Jahr dem Durchleuch tigsten Erz Hauss von Oesterreich hiebevor im Römischen Reich so dan im Königreich Hungarn geleisteten Diensten und erworben stattlichen Kriegs Erfahrenheit als auch seiner von etlichen Jahrhundert her ab stammend uralten Reichs Adelichen Familie und dass seine Vorfahre re über  Jahr höchstgedachtem Erz Hauss von Oesterreich un aussezlich treu allerunterthänigst gedienet zu Dero General Feld Wacht Maistern allergnädigst ernennet und das behörige Patent hierüber ausfertigen lassen.']"
442,441,22,441_jnsiegel_jsabella_getheilet_folio,"['jnsiegel', 'jsabella', 'getheilet', 'folio', 'handunterschrift', 'jnstrumentmach', 'jnsigl', 'jnfulir', 'baraquiren', 'javonischen']","['Jnsigl und eigener Handunterschrift bekräftiget.', 'Gnaden, in Assistirung  Jnfulir ten Bischöffen und Abbten, mit dem gewöhnl.', 'Jngleichen beginnet auch die Jn fanterie in besagtem Lager sich zu  baraquiren um im Fall der Noht desto nä her zu seyn.']"
443,442,22,442_thuen_landgerichts_offenen_landrichter,"['thuen', 'landgerichts', 'offenen', 'landrichter', 'wasgestalten', 'kraft', 'gegenwärtig', 'neustadt', 'daran', 'edikts']","['Stadt und Landrichter in dero Haupt und Resi denzstadt Wien, dann  und  gesamte Bey sitzere des   Stadt und Landgerichts allda, thuen in Kraft gegenwärtig offenen Edikts all und je den so daran gelegen kund, und zu wissen.', 'Maj Stadt und Landrichter in dero Haupt und Resi denzstadt Wien, dann  und  gesamte Bey sitzere des   Stadt und Landgerichts allda, thuen in Kraft gegenwärtig offenen Edicts allen und jeden, so daran gelegen, kund  zu wissen; Wasgestalten der Franz Baader burgerl.', 'Stadt und Landrichter in dero Haupt und Resi denzstadt Wien, dann  und  gesamte Bey sitzere des   Stadt und Landgerichts allda, thuen in Kraft gegenwärtig offenen Edicts allen und jeden, so daran gelegen, kund  zu wissen: Wasgestalten der Franz Baader burgerl.']"
444,443,22,443_brittannien_gross_high_lord,"['brittannien', 'gross', 'high', 'lord', 'windsor', 'pair', 'hood', 'majest', 'herold', 'brittannische']","['1751.| Aus Gross Brittannien.| Londen   DEr König in Gefolg des Herzogs von Cumberland, des Marchesen von Har ington, Gross stallmeister, des Herzogs von Ancaster, des Grafen von Waldegrave, des Lords Cadogan, und des General leutenants Husque, musterte gestern in dem Park von  James das Jnfanterie regiment des Ob risten Rich, und bezeugte ein grosses Vergnü gen über dasselbe, dieses begabe sich sodann auf den Marsch, um seine Quartier in der Grafschaft Kent zu beziehen.', 'Lord Weymouth, und der Graf von Hilsborough haben als neue Staatssecretairs den Eid der Treu abgelegt und werden dem erstern die Herren Roberth Wood, und William Fraser, als Hülfssecretairs zugegeben wer  ( *) oder Lordkanzler, auf engländisch: the Lord High Chancellcur; welches in England eines der vornehmsten Aemter ist: indeme derselbe, da itzt kein Lord High noch Steward vorhanvorhanDer den| den ist, sogleich den Rang nach denen königl.', 'Jn dieser Absicht haben sie Jhre gevoll mächtigten Minister, nämlich: der König von Gross brittannien seinen geheimen Raht Philipp, Grafen Hardwicke, seinen Canz ler von Gross brittannien, John, Grafen von Granville, und Präsidenten in seinem Rhate, seinen ersten Schatz commissarium, Thomas Holles, Herzogen von Newcastle, seinen er sten Staats secretair Robert, Grafen von Holderness und den Herrn Fox; und der König von Preussen den Herrn Ludwig Mit chel,welcherdessenAngelegenheitenbeydem Gross brittannischen Hofe wahrnimmt, bevoll mächtiget, welche dann, nachdem sie ihre Voll machten einander mitgetheilet haben, über fol gende Artickel einig geworden seynd: ) Zwischen den Höchstgemeldeten Kö nigen soll ein aufrichtigen Friede und wahre Freundschaft obwalten ungeachtet der Un ruhen welche aus oben gemeldeten Zwistig keiten in Europa entstehen können; und zu folge dieses Friedens soll keine der beeden contrahirenden Partheyen, weder directe noch indirecte, das Gebiete von der anderen an greiffen, sondern im Gegentheile ein jede von ihrer Seite alle Jhre Macht anwenden, um Jhre respective Alliirten zu verhindern, dass sie gegen die Staaten beyder Partheyen, auf welche Weise es auch sey, nichts unter nehmen. )']"
445,444,22,444_leopoldstadt_süssenbrunn_leopoldau_leopold,"['leopoldstadt', 'süssenbrunn', 'leopoldau', 'leopold', 'genannte', 'suderelische', 'riemeris', 'obenauf', 'möcklin', 'barmhertzige']","['in der Leopoldstadt alt  Jahr.', 'Haus in der Leopoldstadt alt  Jahr.', 'Haus in der Leopoldstadt alt  Jahr.']"
446,445,22,445_revisionsamte_drucke_zulassung_originals,"['revisionsamte', 'drucke', 'zulassung', 'originals', 'auflage', 'exemplarien', 'buchdrucker', 'nachdruck', 'werkes', 'anfange']","['Jn Fällen, wo diese erfolget ist,istdasManuscript 1713 I| nach vollbrachten Drucke, sogleich auf das Revisionsamt nebst einem in Pappendeckel gebundenen Exemplar wieder einzuliefern, und würde jeder im Drucke ohne vorheri ge Anzeige und erhaltene Erlaubniss gemach te Zusatz, und jede erwiesene Verfälschung des Originals( die Fehler in der Rechtschrei bung oder im Styl, deren Verbesserung den Sinn nicht ändert, allein ausgenommen,) als Betrug und vorsetzliches Falsum stren der Ahndung unterliegen.', 'Jn Fällen, wo diese erfolgt ist, ist das Manuscript nach vollbrachten Drucke, sogleich auf das Revisionsamt nebst einem im Pappendeckel gebundenen Exemplar wieder einzuliefern, und würde jeder im Drucke ohne vorheri ge Anzeige und erhaltene Erlaubniss gemach te Zusatz, und jede erwiesene Verfalschung des Originals( die Fehler in der Rechtschrei bung oder im Styl, deren Verbesserung den Sinn nicht ändert, allein ausgenommen,) als Betrug und vorsetzliches Falsum stren ger Ahndung unterliegen.', 'Jn Fällen, wo diese erfolgt ist, ist das Manuscript nach vollbrachten Drucke, sogleich auf das Revisionsamt nebst einem im Pappendeckel gebundenen Exemplar wieder einzuliefern, und würde jeder im Drucke ohne vorheri ge Anzeige und erhaltene Erlaubniss gemach te Zusatz, und jede erwiesene Verfälschung des Originals( die Fehler in der Rechtschrei bung oder im Styl, deren Verbesserung den Sinn nicht ändert, allein ausgenommen,) als Betrug und vorsetzliches Falsum stren ger Ahndung unterliegen.']"
447,446,22,446_obbestimm_licit_weissischen_sommerein,"['obbestimm', 'licit', 'weissischen', 'sommerein', 'wirthshaus', 'melk', 'obbestimten', 'zufinden', 'gedenken', 'ten']","['Die Kauflustigen haben daher an dem obbestimm ten Tag vormittag von 8 bis 12 Uhr, und nach mittag von 2 bis 6 Uhr in dem Weissischen Rössel wirthshaus zu Melk zu erscheinen.| Licit.', 'Die Kauflustigen haben daher an dem obbestimm ten Tag vormittag von 8 bis 12 Uhr, und nach mittag von 2 bis 6 Uhr in dem Weissischen Rössel wirthshaus zu Melk zu erscheinen.| Licit.', 'Kauflustige haben daher an obbestimm ten Tag und Stund in der Kanzley dieser Herr schaft zu erscheinen.| Licit.']"
448,447,21,447_beutel_fürstl_bessler_29zuerdb,"['beutel', 'fürstl', 'bessler', '29zuerdb', 'behagel', 'berioloi', 'bezoarstein', 'arrobesarchiote', 'behrs', 'berschina']","['14ten Beutel  Fürstl.', '17ten Beutel  Fürstl.', '15ten Beutel  Fürstl.']"
449,448,21,448_vers_word_lingier_englisch,"['vers', 'word', 'lingier', 'englisch', 'typogr', 'taal', 'anmerk', 'engelländisch', 'beschaut', 'term']","['Die  Vers.', 'Die  Vers.', 'Die  Vers.']"
450,449,21,449_burgermeister_stadtrichter_landesfürstl_rath,"['burgermeister', 'stadtrichter', 'landesfürstl', 'rath', 'richter', 'landesfl', 'amtsverwalter', 'regirender', 'pfullendorf', 'wenighofer']","['Von   Burgermeister, Stadtrichter und Rath der   landesfürstl.', 'Von   Burgermeister Stadtrichter und Rath der landesfürstl.', 'Von   Burgermeister, Stadtrichter und Rath der landesfürstl.']"
451,450,21,450_see_bewegung_wasser_fischer,"['see', 'bewegung', 'wasser', 'fischer', 'wassers', 'zeuze', 'gewütet', 'erachten', 'trat', 'verspühret']","['Einige Schifleute, die dieses ge sehen, und zugleich bemerket, dass das übri ge Wasser im Hafen ganz stille gewesen, ha ben geglaubt, auf der unruhigen Stelle ein ungewöhnliches Wasser thier zu entdecken; daher sie sich mit ihren Booten dahin bege  Sie haben aber nichts gefunden, und darauf mit noch viel verschiedenen anderen Leuten noch bey nahe eine Viertel Stunde der Bewegung des Wassers zugesehen, bis es endlich völlig wieder zur Ruhe gekommen.', 'DadasWasserzumletztenmalnachdemUfer zu| zu eilte; so warf es mit dem grösten Unge stüm die Zeuze samt denen gefangenen Fischen, auf das Land, und währender Bewegung em pfanden die Fischer einen unerträglichen Ge stank, dergestalt, dass ihnen übel, und so zu Mute ward, als wann sie in eine Ohn macht sinken solten.| Berlin  Novem.', 'Die Fischer stunden ganz nahe am Ufer, und waren eben im Begrif, die Zeuze an das Land zu ziehenals das, Wasser sich auf einmal erheb, und brausend aus dem allmahligen in die Höhe steigenden Ufer trat, und bis  Schuh auf das Land fort lief, dergestalt, das die Fischer bis über die Stie feln, und folglich an die 2 Schuh tief im Wasser zu stehen kamen.']"
452,451,21,451_brabant_juny_december_auss,"['brabant', 'juny', 'december', 'auss', 'augusti', 'bracciano', 'brabantia', 'junny', 'november', 'odescalchi']","['Aus Brabant von dem  Augusti.', 'Aus Brabant von dem  Augusti.', 'Aus Brabant von dem  Augusti.']"
453,452,21,452_nichts_tluckische_nepom_nietsch,"['nichts', 'tluckische', 'nepom', 'nietsch', 'anders', 'angern', 'nikol', 'deux', 'glaube', 'statt']","['Nichts.', 'Nichts.', 'Nichts.']"
454,453,21,453_paris_1761_tomes_1758,"['paris', '1761', 'tomes', '1758', 'edition', '12mo', 'histoire', 'pline', 'roncke', 'oraison']","['Tomes,  8vo Paris 1755.', 'Paris  März 1761.', 'Paris 1760. à  fl   Discours sur l’histoire d’Allemagne par  Colini,   1761. à   La Veritable politique des Personnes de Qua lité en Francois&lial, 12mo.']"
455,454,21,454_pferd_oberofficier1_blessirt_mann4,"['pferd', 'oberofficier1', 'blessirt', 'mann4', 'mann5', 'vomwachtmeisteran15', 'mann7', 'mann1', 'kürassier', 'unwissend']","['OberOfficier1 VomWachtmeisteran26 Pferd  Blessirt.', 'OberOfficier1 VomWachtmeisteran15 Pferd  Unwissend.', 'OberOfficier1 Mann7 Pferd  Blessirt.']"
456,455,21,455_wiener_zeitung_anhang_zur,"['wiener', 'zeitung', 'anhang', 'zur', '1796', '1791', '1785', '1786', '1795', '2869']","['1769| Anhang zur Wiener Zeitung 1791.', '1719| Anhang zur Wiener Zeitung 1796.', '1755| Anhang zur Wiener Zeitung 1796.']"
457,456,21,456_dritten_termin_zweyten_schätzung,"['dritten', 'termin', 'zweyten', 'schätzung', 'darüber', 'schätzungswerth', '1786', 'jäner', 'gebracht', 'ersten']","['für den zweyten der  Jäner, und für den dritten der  März 1786. mit dem Bey satz anberaumt worden, dass, wenn gedachte 2 Häuser und Uiberländgründe weder bey dem ersten noch zweyten Termin um den Schätzungsbetrag, oder darüber an den Mann gebracht werden könnten, bey dem dritten auch unter der Schätzung verkauft werden würden.', 'für den ersten, den  für den zweyten, und der  Jäner 1786. für den dritten Termin be stimmt worden, so zwar, dass, wenn dieses Haus weder bey dem ersten, noch zweyten Termin um den Schätzungswerth  200  oder darüber nicht sollte verkauft werden, dieses bey dem dritten auch unter der Schä tzung weggegeben werden würde.', 'für den zweyten der  Jäner, und für den dritten der  Hornung 1786. mit dem Bey satz bestimmt worden sind, dass, wenn die ses Haus bey dem ersten oder zweyten Ter min um die Schätzung, oder darüber nicht an Mann gebracht würde, selbes bey dem dritten auch unter der Schätzung verkauft werden würde; so haben die Kauflustige an den bestimmten Tägen vormittag um 10 Uhr vor diesem Magistrat zu erscheinen.| Licit.']"
458,457,21,457_frankreich_juny_aus_november,"['frankreich', 'juny', 'aus', 'november', 'augusti', 'july', 'december', 'april', 'westmünster', 'toulon']","['Aus Frankreich von dem  Juny.', 'Aus Frankreich von dem  Juny.', 'Aus Frankreich von dem  Juny.']"
459,458,21,458_moral_uns_natur_pflichten,"['moral', 'uns', 'natur', 'pflichten', 'muss', 'glück', 'lehren', 'unser', 'wir', 'glücke']","['Wird es also nicht gewiss seyn, dass die Tu gend, dass unser Glück ohne Mühe, ohne fortgesetzte Mühe weder erlanget, noch erhalten werden kann, und dass also die Moral ein Werk unsers ganzen Lebens, des jugendlichen, des männlichen, des höhern Alters; dass sie keine müssige Weisheit der Schulen, keine kraftlose Nahrung des Gedächtnisses, keine prahlende Wissenschaft sey, um in Gesellschaf ten, oder Büchern damit zu glänzen, sondern ein Unterricht, dem wir in unserm Herzen und ganzen Wandel, in der Stille und im Geräusche, in den Stunden der Arbeit, und der Erholung im Glücke, und im Unglücke, in gesunden und kranken Tagen, nahe am To de, und fern vom Graben in allen Verhältnissen des Lebens als Kind, als Vater, als Bru der, als Gatte, als Freund, als Lehrer, als Regent, als Unterthan, als Bürger des Va terlandes, und als Bürger der Welt, und der Ewigkeit folgen sollen?” Durch Ausü bung also des Guten, des Edlen.', 'Wenn wir nun durch Beyhülfe der Moral wahrhaft glücklich werden sollen; so muss sie uns die Pflichten aufdecken, die der Heiligkeit Gottes angemessen sind; folglich muss sie uns den Unterschied des Guten, und Bösen, des Edlen, und Unedlen, des Rühmlichen, und Schändlichen erkennen lehren, damit wir desto leichter das Gute suchen, und das Böse verwerfen.', 'Wenn wir und genau prüfen; wenn wir einen forschenden Blick auf andere, die neben uns sind, werfen, und„ wenn wir die Natur mit allen ihren Auftritten, und die Welt mit ihren Wundern, Ordnung, Mannigfaltigkeit, Schönheit,    betrachten; so finden wir so viele Spuren eines weisen, gütigen, und allmächtigen Schöpfers, dass es nicht auf unsern Willen ankömmt, ob wir ihn erkennen, und an ihn glauben wollen oder nicht.” Dieser gütige, dieser allmächtigen, dieser weise Schöpfer also kann uns nicht ohne Absichten geschlaffen haben; die Moral muss uns sie lehren diese Absichten, sie muss uns die Mittel sie zu erreichen, sie auszuführen aufdecken.']"
460,459,21,459_kupf_cassale_krems_vendôme,"['kupf', 'cassale', 'krems', 'vendôme', 'wäre', 'mit', 'zu', 'der', '', '']","['Kupf.', 'Kupf.', 'Kupf.']"
461,460,21,460_donnerstag_jenner_donnerstags_augusti,"['donnerstag', 'jenner', 'donnerstags', 'augusti', 'jahrtage', 'tritts', 'stahr', 'vorgestrigen', 'hornung', 'käys']","['Donnerstag den  Jenner.', 'Donnerstag den  Jenner.', 'Donnerstag den  Jenner.']"
462,461,21,461_rom_auss_fernerer_währenden,"['rom', 'auss', 'fernerer', 'währenden', 'aprilis', 'october', 'mart', 'april', 'conclave', 'vorgestrigen']","['Auss Rom vom  April.', 'Auss Rom vom  April.', 'Auss Rom vom  April.']"
463,462,21,462_erben_willingerischen_erdödi_milutinovich,"['erben', 'willingerischen', 'erdödi', 'milutinovich', 'hofkriegsräthl', 'adactum', 'josephi', 'curat', 'gilg', 'heimerl']","[""Milutinovich's Gläubiger  Erben."", 'aufgestellten  Willingerischen  Curat.adactum, Karl Joseph Erhard,     hofkriegsräthl.', 'aufgestellten  Willingerischen  Curat.adactum, Karl Joseph Erdard,     hofkriegsräthl.']"
464,463,21,463_montani_schulter_narcissi_nobili,"['montani', 'schulter', 'narcissi', 'nobili', 'lidl', 'jacob', 'stechern', 'folget', 'sorten', 'brüdere']","['Bey  Johann Jacob Lidl, Kupfer stechern zwischen dem hohen Markt, und Ju den Platz in dem Stern Hof im Schulter Gässel ist zu haben: Neu eröfneter  Geographischer Schau Platz des Hertzogtums Schlesien, das ist: neue, und noch niemals zum Vorschein gekommene Ent werfung des grossen Hertzogtums Ober und Nieder Schlesien, der Grafschaft Glatz, und anderer angräntzenden Ländern, darinnen nicht allein alle darin befindliche  Fürstentümer, und die  freye Standes Herrschaften, sondern auch alle Städt, Markt Fleken, Schlösser, Dör fer, Post Stationes, Berg, Wälder, Flüss, ⁊ bey Gelegenheit gegenwärtigen Kriegs Unter nehmungen zum Behuf, und Gebrauch einer hohen Generalität, wie auch anderer respective hoch und niederen Herren Standes Of ficteren, und allen übrigen Liebhaberen, und Kenneren guter Arbeit auf einer mit möglichmöglichsten sten Fleiss, und Mühe verfertigter, auch nur denen benöhtigten Eintheilungen, samt Com pass, und verschiedenen Mass Stäben, best versehenen Land Karten auf das vollkomme neste vorgestellet, sein in Kupfer gestochen, auf  Regal Bögen das Exemplar sauber illuminirter, und im Futeral, solche bequem bey sich zu trägen, à  Reichs Thaler, ohne Fute ral auch sauber  illuminirter, à  Ducaten, auf Leinwat aufgetzogen illum, und im Fu teral à  , auf Leinwat ohne Futeral à      Diese Karte ist auch schön auf Leinwat zu bekommen.', 'à  |  Es seynd hier wieder angekommen die Gebrüdere Montani mit verschiedenen Blu men Zwibeln, wie folget: Narcissi Nobili von  Sorten.', 'Es seynd hier wieder angekommen die Ge brüdere Montani mit verschiedenen Blumen zwiebeln, wie folget: Narcissi nobili von  Sorten.']"
465,464,21,464_schwimmer_axen_stäb_eisenen,"['schwimmer', 'axen', 'stäb', 'eisenen', 'feinen', 'gebrauchter', 'lakirt', 'stutten', 'neuer', 'tuch']","['Ein überführter viersitziger Reisebastard, 1 zwey sitziger sehr wenig gebrauchter Schwimmer, dann 1 überführtes Reisekallesch, alle mit eisenen Schwan nenhälsen versehen, sind zu verkaufen, und können vor dem Stubenthor auf dem Heumarkt  380 besichtiget werden, wenn die Kauflustige allda bey dem Hausmeister nach zufragen belieben wollen.', 'Ein überführter viersitziger Reisebastard, 1 zwey sitziger sehr wenig gebrauchter Schwimmer, dann 1 überführtes Reisekallesch, alle mit eisenen Schwan nenhälsen versehen, sind zu verkaufen, und können vor dem Stubenthor auf dem Heumarkt  380 besichtiget werden, wenn die Kauflustige allda bey dem Hausmeister nachzufragen belieben wollen.| Leere Fass zu verkaufen.', 'Ein überführter viersitziger Reisebastard, 1 zwey sitziger sehr wenig gebrauchter Schwimmer, dann 1 überführtes Reisekallesch, alle mit eisenen Schwan nenhälsen versehen, sind zu verkaufen, und können vor dem Stubenthor auf dem Heumarkt  380 besichtiget werden, wenn die Kauflustige allda bey dem Hausmeister nachzufragen belieben wollen.| Wagenpferde zu verkaufen.']"
466,465,21,465_windstill_west_klein_mklm,"['windstill', 'west', 'klein', 'mklm', 'nwmtlm', 'mtlm', '23', '21', '22', 'nord']","['20———    Windstill.21 Windstill.', '——— ——— West klein Windstill.', '——— ——— West klein ——— Windstill.']"
467,466,20,466_milit_militvm_mixt_mixti,"['milit', 'militvm', 'mixt', 'mixti', 'in', '', '', '', '', '']","['Milit.', 'Milit.', 'Milit.']"
468,467,20,467_unsere_euch_aumee_ausfällen,"['unsere', 'euch', 'aumee', 'ausfällen', 'gelieb', 'mitleidenswürdig', 'serai', 'seichten', 'destomehrist', 'ergebet']","['Wir verlieren die Zeit theils mit Harren und Zaudern, theils mit Ausfällen auf den einen oder den andern von unsern gelieb ten Brüdern.', 'Wir würden  Excellenz beschwerlich fallen, wann wir alhier alle unsere Bedrückungen der Länge nach erzehlen solten; dahero wir nur einen kurtzen Jnhalt dererselben hierher zu setzen uns die Freyheit nehmen.', 'Je mehr sich unsere Aumee entfernt,destomehrist man besorgt, ihr die nöhtige Provision aus diesem Churfürstentume zuzuführen.']"
469,468,20,468_ausschuss_ausschusse_erörterung_handlungsgesellschaft,"['ausschuss', 'ausschusse', 'erörterung', 'handlungsgesellschaft', 'ausschusses', 'ausschüssen', 'wohlfahrts', 'ostin', 'berichte', 'vorschläge']","['Reubel sagte, dass da durch die Staatsgüter verschleudert wür den, und man endlich, wenn man noch neue Assignaten ausgeben müsste, kein Un terpfand für dieselben mehr anzubiethen hätte; daher arbeite auch der Wohl fahrts Ausschuss gemeinschaftlich mit den übrigen Ausschüssen daran, der Konvenz gegen dieses Dekret Vorstellungen zu machen.', 'Die Erwägung der Berichte von beyden Ausschüssen des Hauses kam sodann zur Sprache, und, laut derselben Prüsung, schien es, dass es auf einen Schluss zur Wiedererstattung der in dem Dienste der Compagnie unrecht erworbenen Güter augesehen  Man that den Vorschlag die Untersuchung dieser Berichte einem gros sen Ausschusse der Kammer auszusetzen, allein dieser Antrag wurde verneinet, und die Sache nach einer langwierigen Berath schlagung auf den folgenden Tag verlegt.', 'Die Handlungsgesellschaft ihrer Seits hat am 2ten dieses einen Ausschuss von 25 Jnhabe ren zu ernennen beschlossen, um, samt den Directoren, mit dem geheimen Ausschusse des Unterhauses ihre Sachen auseinander zu legen, und in einer gestrigen allgemeinen Versammlung ist ein dem Parlamente vorzu legendes pro Memoria entworfen worden.']"
470,469,20,469_rom_beygehenden_juny_hang,"['rom', 'beygehenden', 'juny', 'hang', 'auss', 'florentz', 'jenner', 'aufroma', 'bestätter', 'nachernapoli']","['Aus Rom von dem  Juny.', 'Aus Rom von dem  Juny.', 'Aus Rom von dem  Juny.']"
471,470,20,470_grundbuche_gottl_reichsgräfl_grundbuchs,"['grundbuche', 'gottl', 'reichsgräfl', 'grundbuchs', 'grundbuchsbeamt', 'gelegeletaschenbuch', 'lustweg', 'grundbuchssätze', 'neuerfundner', 'nachtzeugtrüherl']","['Von dem Grundbuche der gräfl.', 'Von dem Grundbuche der gräfl.', 'Von dem Grundbuche des kais.']"
472,471,20,471_dito_divertirten_malabarischen_calender,"['dito', 'divertirten', 'malabarischen', 'calender', 'resia', 'eingebunden', 'finger', 'strohm', 'allerley', 'ulm']","['Den  dito.', 'Den  dito.', 'Den  dito.']"
473,472,20,472_hochwürd_gespannen_hocherwehnte_hochfürstl,"['hochwürd', 'gespannen', 'hocherwehnte', 'hochfürstl', 'vogteyamt', 'hochlöblich', 'eines', 'einem', 'ober', 'des']","['Von des hochwürd.', 'Von des hochwürd.', 'Von des hochwürd.']"
474,473,20,473_gestern_königl_printzes_vorgestern,"['gestern', 'königl', 'printzes', 'vorgestern', 'untersuchete', 'chatcart', 'stag', 'reisete', 'courier', 'traf']","['Gestern ist des Königl.', 'Gestern ist die königl.', 'Gestern ist der Königl.']"
475,474,20,474_1705_1710_1711_1303,"['1705', '1710', '1711', '1303', 'rfls', '97', '94', '93', '98', '1707']","['1705.', '1705.', '1705.']"
476,475,20,475_riegele_ritschel_mütz_oll,"['riegele', 'ritschel', 'mütz', 'oll', 'rindvieh', 'ritt', 'ritu', 'rihlr', 'rieg', 'rinecker']","[""Ritschel's Gläubiger."", 'Oll mütz, Riegele.', 'Oll mütz, Riegele.']"
477,476,20,476_nachricht_löschenkohl_signat_meldbrief,"['nachricht', 'löschenkohl', 'signat', 'meldbrief', 'sign', 'normalmessgesang', 'nachachtung', 'schild', 'besonders', 'welches']","['Nachricht.', 'L Nachricht.', 'Nachricht.']"
478,477,20,477_königl_jhre_zuma_bega,"['königl', 'jhre', 'zuma', 'bega', 'grodno', 'hauses', 'heiligk', 'besuchet', 'verlautet', 'nun']","['Wie nun Jhre Königl.', 'Dass Jhre Königl.', 'Dass Jhre Königl.']"
479,478,20,478_konfiskazion_deutschen_buchhändler_verbothen,"['konfiskazion', 'deutschen', 'buchhändler', 'verbothen', 'strafe', 'bücher', 'buchdrucker', 'erlaubniss', 'zurückbehaltenen', 'verbothener']","['Niemand soll mit Büchern hau siren, solche kolportiren und damit heimli cher Weise Gewerb treiben; die Uebertreter werden nebst Konfiskazion, aller bey den selben vorgefundenen Bücher in Verhaft ge zogen, und nach Befund der Umstände, je nachdem die also verkauften Bücher im ho hen Grade sittenverderblich, religionswidrig oder staatsgefährlich sind, mit schwerer an gemessener Strafe, und wenn sie Auslän der sind, auch mit der Landesverweisung belegt werden.', 'So wie allen und jeden Privat personen, die nicht zum Buchdrucker Ge werbe gehörig befugt sind, Buchdrucker oder Handpressen, und Druckcharaktere zu haben untersagt ist, so wird auch allen Buchdruckern bey Verlust ihres Gewerbes, nebst Konfiskazion ihrer Werkzeuge, und nach Beschaffenheit der Umstände noch wei terer Geld oder Leibesstrafe verbothen, an entlegenen oder unzugänglichen oder verbor genen Orten Pressen aufzustellen, und auf heimliche Weise und durch lichtscheuende Anstalten setzen oder drucken zu lassen.', 'So wie allen und jeden Privat personen, die nicht zum Buchdrucker Ge werbe gehörig befugt sind, Buchdrucker oder Handpressen, und Druckcharaktere zu haben untersagt ist, so wird auch allen Buchdruckern bey Verlust ihres Gewerbes, nebst Konfiskazion ihrer Werkzeuge, und nach Beschaffenheit der Umstände noch wei terer Geld oder Leibesstrafe verbothen, an entlegenen oder unzugänglichen oder verbor genen Orten Pressen aufzustellen, und auf heimliche Weise und durch lichtscheuende Anstalten setzen oder drucken zu lassen.']"
480,479,20,479_fleisch_fleischm_hauermeisters_fleischhacker,"['fleisch', 'fleischm', 'hauermeisters', 'fleischhacker', 'aufgeyort', 'ckerzunft', 'fleischlieferungen', 'fleischergewerbe', 'fleischhackerm', 'pferdefutter']","['Fleisch hauermeisters, gewilliget worden.', 'Fleisch hackermeister in der Stadt Thiernstein, und Viktoria seiner Ehegattin eigenthümliches Be hausung samt dem dabey befindlichen Fleisch hackergewerb Schuldenhalber licitando wird ver kauft werden, wessenthalben sich diejenige, welche diese Behausung samt Fleischhackergewerb zu kaufen Lust tragen, an besagten Tag früh um 8 Uhr zur Licitation in der hiesig herr schaftlichen Amtskanzley einzufinden haben.', 'Das for derste Fleisch ware dichte, und fast wie Rind fleisch, das hinter Fleisch aber gleich einem guten Kalbfleisch.']"
481,480,20,480_frist_convocations_anberaumet_andert,"['frist', 'convocations', 'anberaumet', 'andert', 'tagsatzung', 'anmeldungs', 'endlicher', 'allendliche', 'allendlicher', 'subclausulapræclusipraeclusi']","['Da nun zu diesem Ende der  July Nachmittag um  Uhr zur ge wöhnlichen Tagsatzung für die erst andert und dritte, auch allendliche Frist subclausulapræclusipraeclusi bestimmet worden.', 'Jahrs Nachmittag präcise um  Uhr zur Convocations und Anmeldungstagsatzung zu all endlicher Frist anberaumet worden.', 'Nachmittag um  Uhr zur gewöhn lichen Convocations und Anmeldungs tagsatzung zu all endlicher Frist anberaumet worden.']"
482,481,20,481_julii_soissons_preyserin_joanneadamoott,"['julii', 'soissons', 'preyserin', 'joanneadamoott', 'moniardin', 'grätz', 'claudia', 'paulaner', 'wyden', 'genua']","['Paris  Julii.', '(  )   Julii.', 'Julii.']"
483,482,20,482_jesu_vättern_katholische_anmüthigen,"['jesu', 'vättern', 'katholische', 'anmüthigen', 'zusammge', 'bewehrten', 'schriftstellern', 'leiden', 'bittere', 'christen']","[""6  Le Sainte Bible contenant l'ancien& le nouveau Testament, traduit en françois sur la Vulgate, par  le Maistre de Sacy, nouvelle édition ornée de 300 figures, gravées d'après les Dessins de Marlier, XII Livraisons, imprimées sur PapierVelin, par Didot le jeune."", 'Vättern und bewehrten Schriftstellern zusammge tragen,  1764. in Franzband   Das bittere Leiden und Sterben JEsu Christi, in anmüthigen Gedanken vorgestellet von einem Priester der Gesellschaft JEsu, 12mo.', 'Vättern und bewehrten Schriftstellern zusammge tragen,  1764. in Franzband   Das bittere eine Leiden und Sterben JEsu Christi in anmüthigen Gedanken vorgestellet von einem Priester der Gesellschaft JEsu, 12mo.']"
484,483,20,483_eodem_efendi_effendi_ahmed,"['eodem', 'efendi', 'effendi', 'ahmed', 'africanischer', 'emanueld', 'elbeuff', 'emmisemmissariussarius', 'eiber', 'briliktschi']","['Eodem hat bey einer Hochlöbl.', 'Eodem hat eine Löbl.', 'Eodem ist der Kaiserl.']"
485,484,20,484_titl_fidi_tribum_æternum,"['titl', 'fidi', 'tribum', 'æternum', '16tes', 'werf', 'præterpraeter', 'trenton', 'tion', 'ueberschrift']","['( Titl.)', '( Titl.)', '( Titl.)']"
486,485,19,485_elbstrom_vom_juny_elb,"['elbstrom', 'vom', 'juny', 'elb', 'augusti', 'aprill', 'july', 'strom', 'ebstromsvom', 'elberfeld']","['Von dem Elbstrom vom  Augusti.', 'Von dem Elbstrom vom  Augusti.', 'Von dem Elbstrom vom  Augusti.']"
487,486,19,486_nürnberg_böhmen_1762_pastell,"['nürnberg', 'böhmen', '1762', 'pastell', 'feldzügen', 'angefüh', 'illuminirte', '1771', 'belagerungen', 'vorgefal']","['8vo Nürnberg, 1762.', '8vo Nürnberg 1762. ordinarf gebunden        vierter Theil dritte Abtheilung der Geschichte des seit 1756. in Deutschland und des sen angränzenden Ländern geführten Kriegs, in welchen nicht allein in dem Jahr 1760. vorgefal lene Kriegs begebenheiten mit unpartherischer Fe der beschrieben, und durch beyge ügte richtige Ab risse der Belagerungen und Schlachten erläutert, sondern auch in denen beygesigten Aumerkungen von den vornehmsten Generols, und andern in die sem Kriege bekannt gewordenen Personen die Lebens und andere merkwürdige Bde angefüh ret werden, zlo Frankfurt und Leipzig 1762.     die dazu gehörige illuminirte Plans jedes Stück    Praetische Anweisung zur Pastell mahlerey ge schrieben von Georg Christoph Günther samt ei nem Formnlar aller Farben, weiche zum Pastell mahlen gebraucht werden, 4to Nürnberg 1762.', '8vo Nürnberg 1762. ordinari gebunden       kurz gefaste Geschichte aller   Regimenter zu Pferd und zu Fuss, bis auf das Jahr 1762 fortgesetzt, samt einer Tabell, worin nen jedes Regiments Uuiform mit Farben angezei get wird,   Frankf und Leipzig 1762.      vierter Theil dritte Abtheilung der Geschichte des seit 1756. in Deutschland und des sen angränzenden Ländern geführten Kriegs, in welchen nicht allein in dem Jahr 1760. vorgefal leue Kriegs begebenheiten mit unpartheyischer Fe der beschrieben, und durch beygesügte richtige Ab risse der Belagerungen und Schlachten erläutert, sondern auch in denen beygefügten Anmerkungen von den vornehmsten Generals, und andern in die sem Kriege bekannt gewordenen Personen die Lebens und andere merkwürdige Umstände angefüh ret werden, 4ro Frankfurt und Leipzig 1762.     die dazu gehörige illuminirte Plans jedes Stück    Practische Anweisung zur Pastell mahlerey ge schrieben von Georg Christoph Günther samt ei nem Formular aller Farben, welche zum Pastell mahlen gebraucht werden, 4to Nürnberg 1762.']"
488,487,19,487_oest_isch_engl_,"['oest', 'isch', 'engl', '', '', '', '', '', '', '']","['Oest.', 'Oest.', 'Oest.']"
489,488,19,488_integrum_activum_adel_accordiret,"['integrum', 'activum', 'adel', 'accordiret', 'ad5tum', 'rovacs', 'ad9num', 'aeneid', 'adnum', 'optimas']","['in integrum.', 'in integrum.', 'in integrum.']"
490,489,19,489_nigl_kö_alleuja_areiern,"['nigl', 'kö', 'alleuja', 'areiern', 'walsh', 'talbot', 'apartements', 'knoll', 'jntendant', 'danck']","['und Kö nigl.', 'und Kö nigl.', 'und Kö nigl.']"
491,490,19,490_1780_november_1779_wien,"['1780', 'november', '1779', 'wien', 'browa', 'pilsnerkreis', 'tenhof', 'oktober', 'sept', 'zien']","['Wien den  November 1780.', 'Wien den  November 1780.', 'Wien den  November 1780.']"
492,491,19,491_gedrukt_ghelen_peter_kaiserl,"['gedrukt', 'ghelen', 'peter', 'kaiserl', 'wien', 'pantzens', 'hinterlassene3', 'petervan', 'sebastians', 'zierraten']","['Wien gedrukt und zu haben bey  Peter  Ghelen Kaiserl.', 'Wien gedrukt und zu haben bey  Peter  Ghelen Kaiserl.', 'Wien gedrukt und zu haben bey  Peter  Ghelen Kaiserl.']"
493,492,19,492_bestandlustige_vorbestimmten_uhr_früh,"['bestandlustige', 'vorbestimmten', 'uhr', 'früh', 'grad', 'fruh', 'habendemnachall', 'herrschast', 'lest', 'stimmer']","['Die Bestandlustige ha ben sich also an vorbestimmten Tag früh um 9 Uhr in dem herrschast.', 'Die Bestandlustige ha ben sich also an vorbestimmten Tag früh um 9 Uhr in dem herrschastl.', 'Die Bestandlustige ha ben sich also an vorbestimmten Tag früh um 9 Uhr in dem herrschaftl.']"
494,493,19,493_leipzig_78o82_79496_79294,"['leipzig', '78o82', '79496', '79294', 'ansgefallen', 'manufakturisten', 'jubilate', 'babadagh', 'wolfersdorf', 'vierter']","['Leipzig.', 'Leipzig.', 'Leipzig.']"
495,494,19,494_schwachs_mitlm_klein_lessing,"['schwachs', 'mitlm', 'klein', 'lessing', 'minireren', 'lackner', 'lack', 'wild', 'bunden', 'kleinere']","['klein  mitlm.', 'klein  mitlm.', 'klein  mitlm.']"
496,495,19,495_gestochenen_titel_vignette_vignetten,"['gestochenen', 'titel', 'vignette', 'vignetten', 'kupfer', 'lizita', 'tionskatalogen', 'männchen', 'zeichnissen', 'prächtigen']","['Mit ei nem prächtigen Kupfer, gestochenen Titel und Vignette.', 'Mit ei nem prächtigen Kupfer, gestochenen Titel und Vignette.', 'Mit einem prächtigen Kupfer und gestochenen Titel und Vignette.']"
497,496,19,496_oesterr_wilh_oester_altes,"['oesterr', 'wilh', 'oester', 'altes', 'eisen', 'freidinger', 'eisentandls', 'obmann', 'ocob', 'oetter']","['Oesterr.', 'Oesterr.', 'Oesterr.']"
498,497,19,497_margaret_margareth_lady_alt,"['margaret', 'margareth', 'lady', 'alt', 'ehewe', 'poppin', 'lindsay', 'fordyce', 'furtner', 'moos']","['alt 1  zu Margaret.', 'alt 1  zu Margaret.', 'alt 1  zu Margaret.']"
499,498,19,498_bandagen_zähne_bruchbänder_präserviren,"['bandagen', 'zähne', 'bruchbänder', 'präserviren', 'überziehen', 'repariren', 'mechanischer', 'arbeit', 'tanzen', 'fechten']","['Er schmeichelt sich, allen denjenigen, die bey ihm Bruchbänder Nabelbruchbänder, Bruchbeitel, von allen Gat tungen von elastischer und mechanischer Art für beyderley Geschlecht von jedem Alter Bauch gurten, Bandagen für kleine Kinder, Ban dagen für diejenigen, welche sich im Reiten, Tanzen, Fechten und dergleichen Leibesübungen für Schaden präserviren wolten, neu bestellen, oder auch alte Bandagen repariren, und frisch überziehen lassen, und sich somit seiner Arbeit bedienen werden, alle Zufriedenheit zu ver schaffen, und hoffet, dass seine Arbeit nicht minder, als der billige Preis bey dem hochhochgeehrten 1628| geehrten Publikum für ihn die beste Empfeh lung bewirken werden.— Er wohnet auf der neuen Wieden in der Pressgasse im schwarzen Adler im Barbierischen Haus  368 im ersten Stock.', 'Er schmeichelt sich, allen denjenigen, die bey ihm Bruchbänder, Nabelbruchbander, Bruchbeitel, von allen Gat tungen von elastischer und mechanischer Art, für beyderley Geschlecht von jedem Alter Bauch gurten, Bandagen für kleine Kinder, Ban dagen für diejenigen, welche sich im Reiten, Tanzen, Fechten und dergleichen Leibesübungen für Schaden präserviren wollen, neu bestellen, oder auch alte Bandagen repariren, und frisch überziehen lassen, und sich somit seiner Arbeit bedienen werden, alle Zufriedenheit zu ver schaffen, und hoffet, dass seine Arbeit nicht minder, als der billige Preis bey dem hoch geehrten Publikum für ihn die beste Empfeh lung bewirken werden.— Er wohnet auf der neuen Wieden in der grossen neuen Gasse im Annaberg  167 im ersten Stock.', 'Er schmeichelt sich, allen denjenigen, die bey ihm Bruchbänder, Nabelbruchbänder, Bruchbeitel, von allen Gat tungen von elastischer und mechanischer Art, für beyderley Geschlecht von jedem Alter Bauch gurten, Bandagen für kleine Kinder, Ban dagen für diejenigen, welche sich im Reiten, Tanzen, Fechten und dergleichen Leibesübungen für Schaden präserviren wollen, neu bestellen, oder auch alte Bandagen repariren, und frisch überziehen lassen, und sich somit seiner Arbeit bedienen werden, alle Zufriedenheit zu ver schaffen, und hoffet, dass seine Arbeit nicht minder, als der billige Preis bey dem hoch geehrten Publikum für ihn die beste Empfeh lung bewirken werden.— Er wohnet auf der neuen Wieden in der grossen neuen Gasse im Annaberg  167 im ersten Stock.']"
500,499,19,499_1777_april_wien_wintermonats,"['1777', 'april', 'wien', 'wintermonats', '1781', 'winkelberg', 'herbstmonat', 'schottenhof', 'märz', '9ten']","['Wien den  April 1777.', 'Wien den  April 1777.', 'Wien den  April 1777.']"
501,500,19,500_septemb_termine_juli_august,"['septemb', 'termine', 'juli', 'august', 'dritten', 'für', 'zwar', 'gust', 'hiezu', 'pro2do']","['Da nun hiezu 3 Termine, und zwar für den er sten der 16 Juli, für den zweyten der  Au gust, und für den dritten der  Septemb.', 'Da nun hiezu 3 Termine, und zwar für den ersten der  Juli, für den 2ten der  August, und für den 3ten der  Septemb.', 'Da nun hiezu 3 Termine, und zwar für den ersten der  Juli, für den zwey ten der  August, und für den dritten der  Septemb.']"
502,501,19,501_septemb_treviglio_regensburgischen_bischöflich,"['septemb', 'treviglio', 'regensburgischen', 'bischöflich', 'donaustauf', 'septembr', 'quartier', 'wien', 'pestrowitz', 'herstmesse']","['Wien den  Septemb.', 'Wien den  Septemb.', 'Wien den  Septemb.']"
503,502,19,502_ruk_kirchen_andacht_procession,"['ruk', 'kirchen', 'andacht', 'procession', 'prinzessin', 'kirche', 'segen', 'litaney', 'fest', 'charlotte']","['Heute haben Jhre Römisch Kai serlich und Königlich Catholische Majestät Vormittags: und Jhre Ver wittibt Kaiserliche Majestat Eleonora Magdalena Theresia nebst De ro Durchleuchtigsten Erz Herzoginnen Nachmittags mit allseitig gros sem Gefolg in der  Stephans Dom Kirchen wegen des Beschlus dasig  tägiger Andacht bei dem GOttes Dienst welchen jedesmalen Jhre Hochfürstl.', 'Ho heit der Prinzessin Charlotte dem Hoch amt, und Nachmittags um  Uhr dem Rosen kranz, der Predig, der Litaney, und dem Segen mit dem Hochwürdigsten Altars Sa crament zum Beschluss der neun tägigen Xa verianischen Andacht bey Hof in der  Fran cisci Xaverii Kapellen beygewohnet.', 'Hoheit der Prinzessin Charlotte, und dem Hoch Adelichem Gefolg in offentlichen Staat aus der Burg nach alhiesiger  Peters Kirchen erhoben, alda der Vesper abgewartet, von dor ten aus sodann die Procession zu Fuss nach der durch Gelübd erbauten prächtigen Saulen zu Ehren der Allerheiligsten Dreyfaltigkeit beglei tet, und alda der alljährlich mit einer Predig, und gesungener Litaney feyerlich be gangenen allgemeinen offentlichen Danksagung wegen Abwendung der alhier im Jahr 1679. gewesten grossen Pest, mit Erscheinung deren Herren Bottschaftern, und eines zahlreichen Hohen Adels, auch zugegen gewesten sehr grossen Menge Volks, andächtigst beyge wohnet, hernach die Procession wiederum in die  Peters Kirchen zuruk begleitet, und nach daselbst empfangenem  Segen, in vor gemeldetem offentlichem Staat in die Burg zu ruk begeben, von wannen die Allerhöchste Herrschaften Sich in vorgedachtes Theatrum verfüget, alda der Musicalischen Opera, De metrio genannt, zugesehen, und seynd folglich Abends um  Uhr nacher Schönbrunn zu ruk gekehret.| Montag den  Dito.']"
504,503,19,503_durchl_jhre_düpont_jubil,"['durchl', 'jhre', 'düpont', 'jubil', 'sephst', 'cemb', 'jh', 'jo', 'ro', 'nachdeme']","['Jhre Durchl.', 'Jhre Durchl.', 'Jhre Durchl.']"
505,504,19,504_pauli_paul_paulini_plenitz,"['pauli', 'paul', 'paulini', 'plenitz', 'paulus', 'zeuge', 'dievondraguignanaber', 'regs', 'achttägiger', 'barnabiter']","['Nachdem an eben gemeldeten Tag das Vicariat von  Paul die noch rukständige Contributionen abgeführet so seynd die von dorten mitgenommene Geisel widerum frey gelassen und zuruk nacher Haus ge schicket;dievonDraguignanaber noch zurukbehatten worden.', 'Pauli an Paulini, 138 wenn sie gross an statt wenn sie so gross.', 'Pauli an Paulini.']"
506,505,19,505_leopoldst_alt_67_liechtenst,"['leopoldst', 'alt', '67', 'liechtenst', 'leopoldt', 'jaidenstorferischen', 'ckerstorf', 'rappoltenstein', 'stöffing', 'tonerin']","['Seiner,  alt 22  in  Leopoldst.', 'alt 40  in der Leopoldst.', 'alt 40  in  Leopoldst.']"
507,506,19,506_kaiserl_fisciadjunctus_carolov_kaiserische,"['kaiserl', 'fisciadjunctus', 'carolov', 'kaiserische', 'maxim', 'vorfahrer', 'schreibet', 'kaiser', 'caroli', 'söhne']","['Von des Kaiserl.', 'Von des Kaiserl.', 'Von des Kaiserl.']"
508,507,19,507_grundherrlichkeit_grundherrlichkeiten_privilegio_disciplineædisciplineae,"['grundherrlichkeit', 'grundherrlichkeiten', 'privilegio', 'disciplineædisciplineae', 'burgerregim', 'generalität', 'privileg', 'prudentia', 'originalobligation', 'schwören']","['Grundherrlichkeit.', 'Grundherrlichkeit.', 'Grundherrlichkeit.']"
509,508,19,508_münz_münzen_gestraffet_paarem,"['münz', 'münzen', 'gestraffet', 'paarem', 'beschnittene', 'anschaffen', 'abgangs', 'bevorstehen', 'sorten', 'münze']","['Wo aber irgend einer eines an deren Münz umpräget, oder wiederum im Tigel bringet, und geringe Münz daraus machet, der solle an Leib oder Gut, nach Gestalt der Sachen gestraffet werden.', 'Zum dritten: wann einer der Münz ihre rechte Schwere gefährlich be nihmt, solche Münz fälschere nachfolgen der massen gestraffet werden sollen; nämlich: welche falsche Münz machen, zeichnen oder dieselbige falsche Münz aufwechseln, oder sonst zu sich bringen, und wiederum gefährlich und boshaftiglich, dem Nächsten zum Nachtheil, wissentlich ausgeben, die sollen nach Gewohnheit, auch Satzung de ren Rechten mit dem Feuer vom Leben zum Tod gestraffet werden.', 'Die beschnittene Münzen soll nie mand ohne Abzug am Gewicht anzunehmen schuldig seyn, und deswegen hiernächst bey fürwährenden Reichs tag nach Proportion des befindlichen Abgangs ein gewisses sta tuiret werden, denen Münz ständen aber bevorstehen, dergleichen beschnittene Münz sorten gegen Leidung eines Abgangs für Münz kösten auszuwechseln, jedoch dass der jenige Münz stand, so diese an sich löset, solche in gute, und meistentheils grobe Reichs münzen zu verwenden, nach Vor schrift des mehr ermeldeten Reichsschlusses vom Jahr 1667.']"
510,509,19,509_kaiserl_kaisers_excellenz_majest,"['kaiserl', 'kaisers', 'excellenz', 'majest', 'der', 'seine', 'des', '', '', '']","['Der Kaiserl.', 'Der Kaiserl.', 'Der Kaiserl.']"
511,510,19,510_catalonien_spanier_oesterreichisch_barcellona,"['catalonien', 'spanier', 'oesterreichisch', 'barcellona', 'stüken', 'duca', 'spaniern', 'ubergab', 'anzugreiffen', 'provence']","['Dass täglichen die alldasige Catalonier Zu sammenkunften hielten und weilen die Sach vor die Oesterreichische Parthey nach Wunsch aussgeschlagen machten sich viele von den gut Oesterreichisch Ge sinten reyssfertig von Rom wider nach Catalonien abzugehen umb daselbsten ihro Majest.', 'DEr Vice König von Peru liesse jüngst hin seine mehreste Rahts Glieder sel versammeln und hielte ihnen vor das Engelländische Geschwader vor  PortoVelo anzugreiffen mit  Kriegs Schiffen von   und  Stüken Canons und  Fregatten von  bis  Stüken; alle Rähte waren darin einhellig willens der Admiral Castagnetta aber setzte sich da gegen unter dem Vorwand er hätte noch keinen Befehl von  Diese Abschlagung hat unter denen Spaniern in Jndien gross Misvergnügen verursachet.', 'Dito waren dahier Brieffe unterm  Juny aus Wälschland ein geloffen; des Jnnhalts: dass man daselbsten die Nachricht aus Catalonien empfangen; wie dass nachdeme der Castillianische General Duca diPopoli, die unvergleichliche Standhaftigkeit deren Cataloniern gesehen habe derselbe den  Juny Kriegs Raht gehalten und darin beschlossen die Stadt Barcellona mit einer ordentlichen Belagerung anzugreiffen und endlich zur Ubergab zu zwingen; welchemnach besagter Duca die Lauf graben bey den Capucinern eröfnen und dazu 2000.']"
512,511,19,511_saamen_romani_kauli_flor,"['saamen', 'romani', 'kauli', 'flor', 'schönsten', 'broccoli', 'sorten', 'extra', 'brocoli', 'schön']","['Saamen von Kauli Flor, von denen schönsten Sorten, Saamen von Broccoli Romani, extra schön.', 'Saamen von Kauli Flor, von denen schönsten Sorten, Saamen von Broccoli Romani, extra schön.', 'Saamen von Kauli Flor, von denen schönsten Sorten, Saamen von Broccoli Romani, extra schön.']"
513,512,19,512_auss_december_mayland_vom,"['auss', 'december', 'mayland', 'vom', 'rom', 'engelland', 'madrit', 'neapel', 'octob', 'bon']","['Auss Rom vom  December.', 'Auss Mayland vom  December.', 'Auss Mayland vom  December.']"
514,513,18,513_speckerische_gläubiger_uhderscher_bankoobligatton,"['speckerische', 'gläubiger', 'uhderscher', 'bankoobligatton', 'bankalrealitäten', 'bansysche', 'schuldenfond', 'rechnungsoffiz', 'wablesche', 'stockhamerische']","['Speckerische Gläubiger.', 'Speckerische Gläubiger.', 'Speckerische Gläubiger.']"
515,514,18,514_würkl_schuhm_schich_abök,"['würkl', 'schuhm', 'schich', 'abök', 'schäl', 'maurers', 'grim', 'schil', 'schuhmach', 'ehew']","['würkl.', 'würkl.', 'würkl.']"
516,515,18,515_liecht_nord_horizont_strahlen,"['liecht', 'nord', 'horizont', 'strahlen', 'hell', 'sonne', 'norden', 'wolken', 'graden', 'sterne']","['Dito Abends gegen halb  Uhr, nach deme sich der seit zwey Monaten beständig mit Wolken bedeckte Himmel in etwas auf gekläret, hat sich ein von mittelmässiger Art erscheinendes Nord liecht oder sogenannte Auroraborealis  borealisan unserem Horizont ge gen Norden gezeiget; die Umstände die ses Nord liechts, wie selbe von    Maxim.', 'Dieses Nord liecht war recht ordentlich gegen Norden gerichtet, es nahme am Ho rizont über  Grad Raum ein, der äus serste Nord östliche Strahl, welcher am stärkesten beständig erschiene, durchstriche die Gegend vom grossen Bären( Ursamajor nach Herrn Doppelmayers Charten zwischen den Sternen    und   und reichte bis in den Drachen schweif in einer Höhe von  bis  Graden hinauf: das Liecht dieses Stralls ware meisten theils rötlicht, und blitzend, der äusserste Nord westliche Strall aber, welcher meisten theils mit weissen Liecht blitzte, gienge vom Hori zont neben der LucidaLyræLyrae gegen Norden über, durchstriche das Haupt des nämlichen Drachens, und dessen in der Krüm mung stehende Sterne       .bis gegen den Cepheum in einer Höhe von  Graden hinauf; die zwischen diesen zweyen Endstrallenaufsteigendeundabwechslende übrigeStrallenerreichenmeistentheilsdie Hö| Höhe von  bis  Graden gegen den Drachen.', 'Hell,     Astronomo auf dem ObservatoriopublicoUniversitatis beobachtet worden, sind folgende: Anfänglich erschien dieses Nord liecht mit starkem hell roten Liecht, bald in Gestalt gerader vom HoriHorizont zont aufsteigenden Strahlen, bald in Ge stalt einer grossen hell roten hin und her schiessenden Wolken, gleich als wäre der Himmel von einer nicht weit des Calen bergs entstandenen Feuers brunst erleich tet worden: nach  Uhr verschwunde nach und nach die Röte, doch verbliebe der Him mel an der Norden gegend mit einem star ken, gleich einer Morgen demmerung, weissen Liecht beleuchtet, von welchem dann und wann hell weisse Strallen in verschie dener Zahl, bald fünf oder sechs, bald nur zwey oder drey mit einer erstaunlichen Geschwindigkeit aufschossen, und bis gegen  viertel auf  Uhr zimlich deutlich zu sehen waren; dann aber erschienen wiede rum Wolken, durch welche das Nord liecht nach und nach verschwunde, also, dass ge gen halb  Uhr kaum etwas mehr zu merken ware.']"
517,516,18,516_markt_viertel_vierzger_brunerin,"['markt', 'viertel', 'vierzger', 'brunerin', 'salzfass', 'krautäckerl', 'halsgeschmuck', 'saifensiedergerechtigkeit', 'körnerschittkasten', 'rubineln']","['Jn dem Markt Pottendorf ist ein Freyhaus samt dabey befindlicher Saifensiedergerechtigkeit, mit oder ohne Grundstücken zu verkaufen, wer solches zu kaufen Lust hat, kann sich zu Klo sterneuburg bey  Georg Wischer, burgerl.', 'Markts Langenloys wird hiemit zu vernehmen gegeben: Nachdem die verwittibte Maria An na Brunerin, behaust geweste Burgerin alhier, mit Tode abgegangen, wegen vorhandenen 2 Erben und Pupillen aber erfoderlich ist, dass die Verlassenschaftsbehausung alhier  349, so ein halbes Vierzger Lehen, wohl und gut gebauet, und in 7 Zimmern, 2 Kucheln, Speis, Körnerschittkasten, grossen Keller, Press, Sta deln nd Stallung bestehet, dazu auch noch 6 1 2 Viertel Weingärten und ein Krautäckerl gehören, dann 450 Eimer Weine 1772 75 77 78 79 und 80er hiesiges Gewächs, auch alle vorhandene Fass in eisenen Banden, 18 Silberlöffel, 4 paar derley Messer und Gabel, Vorleglöffel, und Salzfass, einige goldene Ringe, 13 Schnur gute Perlen und anderer Halsgeschmuck mit Rubineln, Brillanten und Rauten, Kleider, Wäsche, Leinwand, Zinn, Messing, Sessel, Bilder, Kästen, dann ver schiedene andere Effekten und Hauseinrichtung licitando verkaufet werden;alsistzudem Ende eine Licitationstagsatzung auf ben  Jä ner 1781, und zwar zu Licitirung der Behau sung auf aldasigen Rathhause fruh um 8 Uhr, nachmittag aber um 2 Uhr, und die folgende Tage um diese Stunden in der Verlassenschafts behausung anberaumet worden.', 'Markts Langenloys wird hiemit zu vernehmen gegeben: Nachdem die verwittibte Maria An na Brunerin, behaust geweste Burgerin alhier, mit Tode abgegangen, wegen vorhandenen 2 Erben und Pupillen aber erfoderlich ist, dass die Verlassenschaftsbehausung alhier  349, so ein halbes Vierzger Lehen, wohl und gut gebauet, und in 7 Zimmern, 2 Kucheln, Speis, Körnerschittkasten, grossen Keller, Press, Sta del nndund Stallung bestehet, dazu auch noch 6 1 2 Viertel Weingärten und ein Krautäckerl gehören, dann 450 Eimer Weine 1772 75 77 78 79 und 80er hiesiges Gewächs, auch alle vorhandene Fass in eisenen Banden, 18 Silberlöffel, 4 paar derley Messer und Gabel, Vorleglöffel, und Salzfass, einige goldene Ringe, 13 Schnur gute Perlen und anderer Halsgeschmuck mit Rubineln, Brillanten und Rauten, Kleider, Wäsche, Leinwand, Zinn, Messing, Sessel, Bilder, Kästen, dann ver schiedene andere Effekten und Hauseinrichtung licitando verkaufet werden; als ist zu dem Ende eine Licitationstagsatzung auf den  Jä ner 1781, und zwar zu Licitirung der Behau sung auf aldasigen Rathhause fruh um 8 Uhr, nachmittag aber um 2 Uhr, und die folgende Tage um diese Stunden in der Verlassenschafts behausung anberaumet worden.']"
518,517,18,517_nürnb_dean_nordmark_wirtens,"['nürnb', 'dean', 'nordmark', 'wirtens', 'gr', 'jahr', '', '', '', '']","['Nürnb.', 'Nürnb.', 'Nürnb.']"
519,518,18,518_hungarn_scheine_zeitung_pränumerationen,"['hungarn', 'scheine', 'zeitung', 'pränumerationen', 'zeitungen', 'jedesmahl', 'hohlung', 'verlieren', 'verabfolgen', 'bemüssiget']","['Zugleich werden die Präumeranten ersucht, auf ihre Scheine Acht zu geben und sie nicht zu verlieren, sie auch bey Ab hohlung der Zeitung jedesmahl mitzubriungen, weil man, der Ordnnng wegen, sich bemüssiget sieht, ohne Scheine keine Zeitung verabfolgen zu lassen.', 'Zugleich werden die Pränumeranten ersucht, auf ihre Scheine Acht zu geben und sie nicht zu verlieren, sie auch dey Ab hohlung der Zeitung jedesmahl mitzubringen, weil man, der Ordnung wegen, sich bemüssiget sieht, ohne Scheine keine Zeitung verabfolgen zu lassen.', 'Zugleich werden die Pränumeranten ersucht, auf ihre Scheine Acht zu geben und sie nicht zu verlieren, sie auch bey Ab hohlung der Zeitung jedesmahl mitzubringen, weil man, der Ordnung wegen, sich bemüssiget sieht, ohne Scheine keine Zeitung verabfolgen zu lassen.']"
520,519,18,519_wolfg_glaserergewölb_kärntnerstrasse_wolf,"['wolfg', 'glaserergewölb', 'kärntnerstrasse', 'wolf', 'wolfen', 'niemerge', '1078', '960', 'daniel', 'bestellen']","['Wolfg.', 'Wolfg.', 'alt   Dem Wolfg.']"
521,520,18,520_labella_dibrusseles_casp_arunculen,"['labella', 'dibrusseles', 'casp', 'arunculen', 'arnunculen', 'esestetto', 'mändl', 'belladibrusseles', 'polonoise', 'gelbe']","['Arunculen laBella diBrusseles.', 'Arunculen laBella diBrusseles.', 'Arunculen laBella diBrusseles.']"
522,521,18,521_1798_september_obrizberg_agram,"['1798', 'september', 'obrizberg', 'agram', 'citat', 'brünn', 'pölten', 'eger', 'covoc', 'bollinamuck']","['Pölten am  September 1798.| Citat.', 'Brünn am  September 1798.', 'Pölten am  September 1798.']"
523,522,18,522_rthlr_rthl_rthkr_,"['rthlr', 'rthl', 'rthkr', '', '', '', '', '', '', '']","['Rthlr.', 'Rthlr.', 'Rthlr.']"
524,523,18,523_verordnung_hochlöbl_hochwürd_eines,"['verordnung', 'hochlöbl', 'hochwürd', 'eines', 'artitschocken', 'hoher', 'rationen', 'einer', 'loht', 'löbl']","['Auf Verordnung einer hochlöbl.', 'Auf Verordnung einer hochlöbl.', 'Auf Verordnung einer hochlöbl.']"
525,524,18,524_benedict_benedicti_xiii_benedicto,"['benedict', 'benedicti', 'xiii', 'benedicto', 'hieronimus', 'heiligkeit', 'alexandre', 'emygdii', 'benedictischer', 'religiossimus']","['Hieronimus Benedicti.', 'Hieronimus Benedicti.', 'Heiligkeit  Benedict der XIII.']"
526,525,18,525_tungslustigen_pach_frhl_ckerbäckergewölbe,"['tungslustigen', 'pach', 'frhl', 'ckerbäckergewölbe', 'quemlichkeit', 'stunden', 'kärntnerthor', 'publikums', 'herrschaftl', 'mehrerer']","['Daher die Pach tungslustigen an obbestimmten Tag und Stunde in der herrschaftl.', 'Zu mehrerer Be quemlichkeit des Publikums kann man auch zu allen Stunden des Tages in seinem Zu ckerbäckergewölbe nächst dem Kärutnerthore im frhl.', 'Zu mehrerer Be quemlichkeit des Publikums kann man auch zu allen Stunden des Tages in seinem Zu ckerbäckergewölbe nächst dem Kärntnerthor im frhl.']"
527,526,18,526_kauflustigen_kauflustige_licit_thurngasse,"['kauflustigen', 'kauflustige', 'licit', 'thurngasse', '516', 'gewöhnlichen', 'wollzeil', 'liebig', 'raaben', '349']","['Daher wer den die Kauflustigen am obbemeldten Tage zu den gewöhnlichen vor und nachmittagsstunden im Hause  349 zu erscheinen hiemit vorgeladen.| Licit.', 'Es haben daher die Kauflustigen an obbestimmten Tagen zu den gewöhn lichen Licitationstunden in dem Haus  516 zun 3 Raaben in der rothen Thurngasse zu erscheien.| Licit.', 'Es haben daher die Kauflustigen an obbestimmten Tagen zu den gewöhn lichen Licitationsstunden in dem Haus  516 zun 3 Raaben in der rothen Thurngasse zu erscheinen.| Licit.']"
528,527,18,527_diamant_diamanten_ring_brillanten,"['diamant', 'diamanten', 'ring', 'brillanten', 'christall', 'pagaden', 'lædorlaedor', 'ausspanien', 'wige', 'türkes']","['„ „ „  Ring mit einem Diamant und  Rubinen.', '„ „  Ring mit einem Diamant  Lediger und  Diamant auf einem Christall.', '„ „ „  Diamant Ring.']"
529,528,18,528_1770_automen_pfeifenspiele_zeigern,"['1770', 'automen', 'pfeifenspiele', 'zeigern', 'esistihmaucheine', 'rode', 'repetiren', 'wande', 'rädern', 'haye']","['1770.', '1770.', '1770.']"
530,529,18,529_hohengerolzeck_ehrenritter_kapitular_leyen,"['hohengerolzeck', 'ehrenritter', 'kapitular', 'leyen', 'erwin', 'graf', 'dohna', 'wohlgebohrne', 'maximilian', 'hofburg']","['Erzherzoge Maximilian, Hoch und Deutschmeister, auch Koad jutor des hohen Erz und Domstiftes Köln  und Herrn Herzoge Albert von Sachsen Teschen, nach eröfterter Kapu zinerkirche zum voraus erhoben, allwo, wie oben gesagt, die   obersten Hofäm ter, Ministers, geheimen Räthe, Käm merer, und Truchsesse, wie auch alle Hof und Stadtdamen in tiefester Trauer in den desfalls zubereiteten Bänken ver sammelt waren, und die Ankunft der höchsten Leiche erwartet hatten.', 'Gnaden ernannte Lehensbe vollmächtigte war der hochwürdig hoch und wohlgebohrne Herr Franz Erwin Graf von der Leyen zu Hohengerolzeck, der Erz und hohen Domstifter Trier, Bamberg, und Würzburg Kapitular, dann des Maltheserordens Ehrenritter, welcher sich zu diesem Ende unter Vor trettung vieler Bedienten in Gallalivree, und mit einem Gefolge verschiedener Wä gen in die   Hofburg begab, vor dem allerhöchsten kais.', 'Gnaden ernannte Lehensbevollmächtigte war der Hochwür dig hoch und wohlgebohrne Herr Franz Erwin Carl Caspar Graf von der Leyen zu Hohengerolzeck, deren Erz und hohen Domstiftern Trier, Bamberg und Würz burg Kapitular, dann des Maltheser Ordens Ehrenritter, welcher sich zu diesem Ende unter Vortrettung vieler Be dienten in Galla Livree, und mit einem Gefolge verschiedener Wägen in die   Hofburg begab, vor dem allerhöchsten kais.']"
531,530,18,530_türken_algier_tunis_dej,"['türken', 'algier', 'tunis', 'dej', 'pforte', 'algierischen', 'sieraskier', 'tribut', 'gier', 'reyen']","['Ungeachtet dass auch zu besagten Li vorno  Schiffe seit wenig Tagen von Tunis angelanget so hat man doch wegen des Ubels der Pest zu Algier nichtes anders erfahren könnenals dass 1043| deren Vorsorgen so man zu Tunis darwider machte ungeachtet doch zu förchten seye dass dieses Ubel auch al dahin sich ausbreiten werde.| Florentz   Den 15den dieses als am Fest der  Theresia und hohen Namens Tag unserer Gross Hertzogin sahe man den gesamt hiesigen Adel in grosser Gala.', 'Aus Algier vernimmt man, es sey daselbst zu Ende des Aprils ein Sieraskier von der Pforte angekommen, um den Tribut und die seit 12 Jahren rückständigen Zahlungen im Namen des Grosssultans zu fodern; er soll aber von dem Dej sehr unfreundlich aufgenommen worden seyn, der ihm auch auf seine Fode rung geantwortet haben soll: er erkenne weder Tribut, noch sonst eine Schuld gegen den Grosssultan; Algier sey ein freyer und unabhängiger Staat, mäch tig genug um den Schutz der Pforte ent behren zu können.— Wenn diese Ant wort wirklich so gelautet hat, so ist man neugierig zu vernehmen, was sie zu Kon stantinopel für Eindrücke hervorbringen werde; diejenigen, die den Dej von Al gier, das Heftige seines Charakters und seinen unerschrockenen Muth kennen, halten ihn ohne Anstand jener Erklä rung fähig.— Wenn es der nämliche Sieraskier war, der den Auftrag hatte, eine Versöhnung zwischen dem Dej und dem Spanischen Hofe zu vermitteln, so lässt sich leicht vorher sehen, wie unwirk sam bey solchen Verhältnissen die Be mühungen der Pforte seyn müssen.', 'Briefe von Cadix unter dato den  vergangenen Monats geben, dass eine kleine Geleitschaft von  Engländischen Kauffardey schiffen auf dasiger Höhe mit ei nigen Algierischen Sambechin schifen zusamzusammen| men getroffen, bey welcher Gelegenheit die erstere von denen lezteren alsogleich vistiret, auch darauf nur  denenselen wieder ent lassen, zwey aber mit dem Vorwand, dass ih re Pässe nicht vollkommen nett wären, ange halten, und auf jedwederes  Türken gese tzet worden seyen, welche solche nacher Algier hätten führen sollen.']"
532,531,18,531_meinung_ernstlicher_hieran_gnädigster,"['meinung', 'ernstlicher', 'hieran', 'gnädigster', 'unser', 'wornach', 'willen', 'meynung', 'will', 'gnädigst']","['Hieran beschie het Unser Gnädigst auch Ernstlicher Willen und Meinung; wornach sich ein jeder zu rich ten und vor Schaden zu hüten wissen wird.', 'Hieran beschiehet Unser Gnädigst auch ernstlicher Will und Meinung.', 'Wornach sich also jedermänniglich zu rich ten und vor Schaden zu hüten wissen wird dann hieran beschiehet Unser ernstlicher Will und Meinung.']"
533,532,18,532_berlin_wintermonat_gemel_verlautet,"['berlin', 'wintermonat', 'gemel', 'verlautet', 'eintreffen', 'deten', 'schau', 'oktob', 'besitz', 'aufwartung']","['Berlin.', 'Berlin.', '8 Berlin.']"
534,533,18,533_gart_zehend_gabr_zession,"['gart', 'zehend', 'gabr', 'zession', 'bestand', 'garnis', 'aufwiegelung', 'gadus', 'lota', 'entsponnen']","['Gart.', 'Gart.', 'Gart.']"
535,534,18,534_städte_taillono_souteniret_philippischen,"['städte', 'taillono', 'souteniret', 'philippischen', 'reichsbe', 'porcari', 'stadt', 'croatische', 'selavoniern', 'fürwährende']","['Städte in Pohlen und Litthauen ergehen lassen, worinnen ih nen gemeldet wird, wie nach dem letz ten Reichstage von 1770. das Policey Departement bey dem immerwährenden Rathe Macht und Gewalt haben soll, die Rechnungen aller königl.', 'Vorgestern wurde wieder ein so genannter Schub von armen Leuten und Müssig gän gern mit Wägen unter Begleitung einiger Philippischen Dragoner von hier nach jedes deren Heimat befördert.', 'Zugleich verdoppelt der Kardinale Legat seine Sorgfalt, um allent halben Ordnung und Ruhe in der Stadt zu erhalten, und das mässige Gesindel, von welchem am ersten etwas zu besorgen wäre, aus der Stadt und derselben Ge bieth zu entfernen.']"
536,535,18,535_marx_alt_summa_darunter,"['marx', 'alt', 'summa', 'darunter', 'herst', 'groschopfin', 'wint', 'pernpkarz', 'streitl', 'phillip']","['alt 63  zu  Marx.', 'Diess, alt   in  Marx.', 'Marx.']"
537,536,18,536_andre_schuster_weingarten_schmalznop,"['andre', 'schuster', 'weingarten', 'schmalznop', 'beerwanger', 'schuft', 'satke', 'berlendi', 'carrati', 'weinschenk']","['Demnach Andre Stock, ein der gräfl.', 'Andre, bey dem gold.', 'Ein Andre.']"
538,537,17,537_brücke_hohen_396_nähere,"['brücke', 'hohen', '396', 'nähere', '151', 'hofagenten', 'mündlich', 'schneiderherberge', 'hohenbrücke', 'brosslern']","['Des Näheren wegen ha, man sich schriftlich oder mündlich an den   Herrn Hofagenten  Brosslern, auf der hohen Brücke  396 im 3ten Stock wohnhaft, zu wenden.| Reisekompagnon und Wirthschafterin wer den gesucht.', 'Nähere Nachricht erhält man auf der hohen Brücke  151 auf der hin tern Stiege im ersten Stock, wo dieselben auch zu sehen sind.', 'Des Näheren wegen hat man sich schriftlich oder mündlich an den   Herrn Hofagenten  Brosslern, auf der hohen Brücke  396 im 3ten Stock wohnhaft, zu wenden.| Anzeige.']"
539,538,17,538_gesandte_galla_erschienen_converts,"['gesandte', 'galla', 'erschienen', 'converts', 'charingcross', 'beängstig', 'mitmittag', 'petermaison', 'ritersaal', 'schlafgemacht']","['Die Herren Bottschaf ter und Gesandte erschienen mit dem hohen Adel diesen Vormittag in kostbarester Galla in der Burg, höchst erwehnten Königl.', 'Nachmittags versammelten sich in seinem Quar tier die Herren Reichs rähte, die Gesandte deren fremden Mächten, der Adel, und andere Per sonen von Distinction, da dann des Abends der Ball von der Frau Gemahlin des gemelde ten Herrn Botschafters, mit dem Königl.', 'Abends war Galla in dem grossen Ritersaal, und hernach Tafel von  Converts, welcher der König und die Kö niginn Juliana nebst des Prinzen Friderichs beywohneten.']"
540,539,17,539_wechselbriefe_wechselbrief_betrimscher_assekurationsscheine,"['wechselbriefe', 'wechselbrief', 'betrimscher', 'assekurationsscheine', 'schaldscheine', 'mecsery', 'rentbriefe', 'registrator', 'und', '']","['Wechselbriefe.', 'Wechselbriefe.', 'Wechselbriefe.']"
541,540,17,540_mariah_sterng_auster_alt,"['mariah', 'sterng', 'auster', 'alt', 'pauer', 'kern', 'maria', 'nr', 'herrs', 'jgnaz']","['alt 2  zu Mariah.', 'alt 1  zu Mariah.', 'alt 6  zu Mariah.']"
542,541,17,541_1776_advente_feistriz_dijon,"['1776', 'advente', 'feistriz', 'dijon', 'abzuge', 'nerals', 'überbrachte', 'pressen', 'staatsrath', 'boston']","['1776.', '1776.', '1776.']"
543,542,17,542_1774_allergerechtest_rescripts_erlassenen,"['1774', 'allergerechtest', 'rescripts', 'erlassenen', 'bewogen', 'cassel', '1775', 'pfund', 'vermög', 'höchsten']","['1774.', '1774.', '1774.']"
544,543,17,543_alt_76_wieden_schneidermeist,"['alt', '76', 'wieden', 'schneidermeist', 'wenzl', '65', 'hausecker', 'biner', 'drechslers', 'dietz']","['Wenzl, alt 6 J am Salzgries   Hr Karl Ehrlich, Raitoffiz  d  Cammeral Haupt buchhalterey, alt 56  am Hof   Dem  Franz Kralitscheck,  Schneidermeist.', 'alt 76  auf  Wieden   Mich. Marksteiner, Krenhandler, alt 87  zu Erd berg   Dem  Wenzl Hartl,  Schuhmach.', 'Rath  Te meswar, alt 76  auf  Wieden   Martin Jnnenheiter, Holzscheiber, alt 88  in der Rossau   Dem  Georg Ramminger, bg Leimsied.']"
545,544,17,544_xviii_xiii_xvii_xiil,"['xviii', 'xiii', 'xvii', 'xiil', 'xlii', 'xxxix', 'usque', 'tomus', 'ad', 'und']","['XVIII.', 'XVIII.', 'XVIII.']"
546,545,17,545_gelbe_gefüllte_jonqui_quilien,"['gelbe', 'gefüllte', 'jonqui', 'quilien', 'jon', 'arnunculen', 'lien', 'tazzetten', 'tazzerten', 'narcissen']","['Gelbe Arnunculen.', 'Gelbe Arnunculen.', 'Gelbe Jonqui lien.']"
547,546,17,546_mein_mylords_mylord_meylords,"['mein', 'mylords', 'mylord', 'meylords', 'behüte', 'gott', 'herr', 'edele', 'seres', 'erhalte']","['Mein Herr!', 'Mein Herr!', 'Mein Herr!']"
548,547,17,547_nunc_restitut_revis_execut,"['nunc', 'restitut', 'revis', 'execut', 'restit', 'attentat', 'restirut', '2dæ2dae', 'varna', 'versa']","['nunc restitut.', 'nunc restitut.', 'nunc restitut.']"
549,548,17,548_holz_kolorirt_hartem_machoni,"['holz', 'kolorirt', 'hartem', 'machoni', 'getäuscht', 'erfundenen', 'inländischen', 'ähnlich', 'kenner', 'aufmerksamer']","['Ein grosser Theil der selben von gewöhnlichen hartem inländischen Holz ist mit diesem von ihm selbst erfundenen Machoni Firniss so ähnlich kolorirt, dass selbst Kenner bey aufmerksaner Betrachtung derselben sich getäuscht haben.', 'Ein grosser Theil der selben von gewöhnlichen hartem inländischen Holz ist mit diesem von ihm selbst erfundenen Machoni Firnis so ähnlich kolorirt, dass selbst Kenner bey aufmerksamer Betrachtung derselben sich getäuscht haben.', 'Ein grosser Theil der selben von gewöhnlichen hartem inländischen Holz ist mit diesem von ihm selbst erfundenen Machoni Firniss so ähnlich kolorirt, dass selbst Kenner bey aufmerksamer Betrachtung derselben sich getäuscht haben.']"
550,549,17,549_ungarn_ssenkriege_jmmendorf_rudolph,"['ungarn', 'ssenkriege', 'jmmendorf', 'rudolph', 'kipferer', 'aufenthalt', 'prosper', 'binder', 'ernstbrunn', 'nächste']","['Von der Gräflich Locatellischen Amtskanzley der Herrschaft Jmmendorf wegen dem Ernst Binder, diesseitigen Unterthannssohn aus dem Dorf Jmmendorf, allenfalls dessen Erben und Erbenserben, auch sonst jedermann, deme daran gelegen, hiemit anzufügen: demnach obgedachter Ernst Binder vor etlich und dreyssig Jahren als Riemergesell zu Wien in der Arbeit gestanden, und sohin sich in den Soldatenstand begeben; von welcher Zeit an man von ihme oder seinen eigentlichen Aufenthalt, Leben oder Tod eine zuverlässige Nachricht einzuholen vermögend wa re; dahingegen sich bey der allhiesig Herrschaft lichen Waysencassa noch ein demselben zugehöri ges Vermögen in Deposito befindet, um dessen Ausfolglassung bereits seine nächste Befreundte das geziemende Ansuchen gemacht haben.', 'Lehner vor beyläufig 9 Jahren in das Ungarn, unwissend wohn, verreiset, und man von dessen Aufenthalt, Leven oder Tod bisher keine weitere Erfahrung hat einhollen können, so wird er Johann Lehner in Kraft gegenwär tigen Edikts, als der einzige nächste Freund zu der Joseph Obermayrischen Verlassenschaft, gegen weiters von der löbl.', 'Von der Amtskanzley der reichsfreyherrlich Toussaintischen Herrschaft Schönau in   wird hiemit dem Leopold Fürbass, herrschaftlichen Unterthans Sohn von Günselsdorf, wel cher schon über 32 Jahr abwesend, und dem Vernehmen nach sich ins Ungarn begeben ha ben soll, sowohl, als im Fall seines Abster bens den etwa rückgelassenen Kindern, oder auch in Ermanglung der den sich legitimirenden näch sten Befreundten durch dieses Edikt kund und zu wissen gemacht: welchergestalten gedachten Leo pold Fürbass sowohl seine väter als mütter dann grossmütter und brüderliche Erbschaft, in Kapital zusammen mit 1263  18  nebst den hievon auszurechnen kommenden Jnteressen bey wiederholt herrschaftlichen Waisenamt rich tig zu fodern habe; um damit nun nach Ver fliessung der gewöhnlichen Zeit, oberwehnt mehr als 32 Jahre ersagte Erbschaftsabhandlung der Gebühr nach vorgenommen werden könne, so erfodert die Nothdurft ediktaliter einzuberuffen, welche sich zu dieser Erbschaft den bekannten Rechten gemäss, gründlich werden legitimiren können, und wie zumal der Termin von heute Dato an, 1 Jahr 6 Wochen und 3 Täg ananberaumt beraumt worden, so werden all diejenige, welche an dieser Erbschaft einige Sprüche und Fo derungen zu haben vermeinen, dergestalten für gefodert, dass solche mit ihren Sprüch und Fode rungen bey hiesiger Amtskanzley alsogewiss sich legitimiren sollen, wie im widrigen nach Ver lauf dieses Termins sie nicht mehr gehöret, son derneoipso mit der poena præclusionispraeclusionis,&c perpetuisilentii angesehen, und was in derley Vorfallenheiten der Ordnung gemäss ist, für gekehret werden soll.']"
551,550,17,550_zeitungskomtoir_zeitungsblätter_auskunft_journal,"['zeitungskomtoir', 'zeitungsblätter', 'auskunft', 'journal', 'blätter', 'zeitung', 'zeitungs', 'kundgemachte', 'jnfantens', 'streittheo']","['Die al lenfällige Liebhaber mögen sich daher der nä hern Auskunft und Addresse halber, im hiesigen Zeitungskomtoir melden, und sich der billig sten Behandlung versichert halten.| Licit.', 'Auswärtige Lieb haber, denen es vielleicht beschwärlich fallen möchte, alsdann persönlich zugegen zu seyn, können sowohl die genau angezeigte Zahl des Blattes, als des Buches, und ihre bestimm ten Ansatzpreie, nebst andern nöthig gewähl ten Anstalten zuverlässig an den wohlehrwürdi gen Herrn Michael Domfort, der Streittheo logie ausserordentlichen Lehrer, in die   a kademische Bibliothek an eben diesen obbemeld ten Ort, oder auf die erzbischöfliche Cur Post frey einsenden.', 'Briefe und alle übrige Zusendungen müssen franko zugeschickt werden.| Politisches Journal, nebst Anzeige von gelehrten und andern Sachen, dessen Einrichtung und Beschaffenheit bekannt ist, wird auch im künftigen Jahre auf gleiche Weise, und mit Unterhaltung der bis herigen ausgebreiteten Korrespondenz so fort gesetzt werden, dass ausser den statistischen und andern neuesten Nachrichten, die vollkommen ste Vollständigkeit aller politischen Begeben heiten und Merkwürdigkeiten dargestellet wird, wodurch dieses Jnstitut auf eine von al len andern verschiedene, ihm eigene Weise, nützlich zu seyn bestimmt — Dieses poli tische Journal wird allezeit regelmässig am letz ten Tage jedes Monats auf dem kais.']"
552,551,17,551_geister_geistergeschichte_assemblee_elisäischen,"['geister', 'geistergeschichte', 'assemblee', 'elisäischen', 'geistl', 'vorzustellen', 'auszuführen', 'seligen', 'felder', 'schwer']","['ich werde demnach den  August die Elisäischen Felder oder die Assemblee der seligen Geister, die Ehre haben vorzustellen: ein Werk, das gewiss so schwer als schön auszuführen ist!', 'ich werde demnach den  August die Elisäischen Felder oder die Assemblee der seligen Geister, die Ehre haben vorzustellen: ein Werk, das gewiss so schwer als schön auszuführen ist!', 'Eine Dame, die einen neuen Kopfputz aufhatte, den man a la Tale stris nennt, kam unversehens mit demselben ei nem Lichte zunahe, so, dass das Zeug zu glim men anfing: ohne es zu wissen,fuhrsieineine| Gesellschaft, und unglücklicher Weise gerieth durch den Zug in dem Zimmer, als ihn eben die ganze Gesellschaft bewunderte, derselbe in eine völlige Entzündung; hierauf entstand ein fürchterlich Geschrey, und alle Anwesende hat ten die grösste Mühe, ehe es ihnen gelung selbi gen löschen zu konnen; alles war aber einer Verwüstung ähnlich; selbst  d Osmany, die berühmteste Putzmacherinn in Paris konnte die Forme nicht nieder in Ordnung bringen.']"
553,552,17,552_ther_alt__,"['ther', 'alt', '', '', '', '', '', '', '', '']","['Ther.', 'Ther.', 'Ther.']"
554,553,17,553_aegidi_pelser_haunoldischen_jägerzeil,"['aegidi', 'pelser', 'haunoldischen', 'jägerzeil', 'kaspar', '300', 'befreundte', 'bor', 'leonische', 'schwarzleithner']","['Von dem Edlen von Zornischen Grund buch des Freygrunds Jägerzeil wird anmit bekannt gemacht: es sey über das von dem Haunoldischen Massevertretter Herrn Doktor Fütterer gestellte Ansuchen nunmehr in die unabgetheilte Feilbietung der auf dem Frey grund liegend, zur Haunoldischen Konkurs massa gehörigen 3 Häuser, und hiezu gehö rigen Uiberländgründen, wovon das Haus  8, samt den kleinen Gebäude linkerhand, und Schupfen auf 3100  das Haus  16, samt den hiezu gehörigen grossen Zier garten, und den gegen das Haus  17 lie genden grossen Hof und Schupfen auf 3250  dann das Haus  17, samt den dabey be findlichen sehr grossen mit Bäumen besetzten Grasgarten, und Schupfen auf 4320  ge schätzt worden ist, gewilliget worden; da nun hiezu der  September   nachmit tag um 3 Uhr bestimmt worden ist, als ha den all diejenige, welche ein, oder anderes von gedachten Häusern an sich bringen wol len, an obbestimmten Tag und Stund auf dem Freygrund Jägerzeil in der   lie gend, zum grünen Kranz genannten Augu stin Haunoldischen Behausung sich einzufin den, und allda die weitere Behandlung ab zuwarten.| Licit.WirthshausinBestand Von Seiten des Wirthschaftsamts der gräfl.', 'passauischen Konsistorialrath und Officialatsnotarii  von dem Joseph Anton Desebruck, gewesten Haus inhaber allhier, insgesamt 200  legirt wor den wären, zumal aber ausser ihnen bereits angemeldten Erben etwa noch einige von erst ermeldten Herrn Aegidi Kaspar von Pelser  rückgelassene Befreundte in dem nämlich zwey ten, oder nach mehrern Grad vorfindig seyn dörften, so wurde das Ansuchen gemacht, auch dieselbe mit Präfigirung eines Termins von 1 Jahr 6 Wochen und 3 Täg durch ein Valval edikt einzuberuffen; gleichwie wir aber nun die sen billigen Gesuch auch nicht entgegen seyn könnten; so haben all jene von Herrn Aegidi Kaspar von Pelser etwa noch weiters vorfindi ge Befreundte in dem obbestimmten Termin, bey unser und gemr.', 'passauischen Konsistorialrath und Officiatatsnotarii  von dem Joseph Anton Desebruck, gewesten HausHausinhaber inhaber allhier, insgesamt 200  legirt wor den wären, zumal aber ausser ihnen bereits angemeldten Erben etwa noch einige von erst ermeldten Herrn Aegidi Kaspar von Pelser  rückgelassene Befreundte in dem nämlich zwey ten, oder nach mehrern Grad vorfindig seyn dörften, so wurde das Ansuchen gemacht, auch dieselbe mit Präfigirung eines Termins von 1 Jahr 6 Wochen und 3 Täg durch ein Valval edikt einzuberuffen; gleichwie wir aber nun die sen billigen Gesuch auch nicht entgegen seyn könnten; so haben all jene von Herrn Aegidi Kaspar von Pelser etwa noch weiters vorfindi ge Befreundte in dem obbestimmten Termin, bey unser und gemr Stadt Pupillenraitkammer, entweder selbst, oder durch genugsam Bevoll mächtigte alsogewiss zu erscheinen, und sich be hörig zu legitimiren, wie im widrigen nach Verstreichung dieses Termins niemand mehr gehört, und ihnen das ewige Stillschweigen auferlegt werden soll.']"
555,554,17,554_oxhöfte_caffee_zucker_cotton,"['oxhöfte', 'caffee', 'zucker', 'cotton', 'braunen', 'ballen', 'jndigo', 'barriques', 'dito', 'orhöfte']","['406 Oxhöfte braunen Zucker: 10 Ballen Cotton, und  Oxhöfte Jndigo.', 'Der Duc de Guise: |  Oxhöfte braunen Zucker, und  dito weissen;  Oxhöfte Caffee,  Barriques und  Viertel, nebst  Oxhöften Jndigo.', 'Die Fidele:  Oxhöfte braunen Zucker,  dito Caffee;  Ballen Cotton, und  Oxhöfte Jndigo.']"
556,555,17,555_deutschen_subpræsidiopraesidio_hausgwöhr_peremptorie,"['deutschen', 'subpræsidiopraesidio', 'hausgwöhr', 'peremptorie', 'vorhandenen', 'liquidationstagsatzung', 'sprüche', 'comprettische', '2do', 'jnteressirte']","['nachmitag um 4 Uhr vor der subPræsidioPraesidio des Herrn   Wald stätten in dessen im deutschen Haus im 2ten Stock habenden Wohnung angeordneten Ab handlungskommission zu erscheinen, zur Con vocations und Liquidationstagsatzung pro   2do,acultimotermino bestimmet worden  Solchemnach werden all und jede Jnteressirte, so an des obbenannten Johann Nedobitti seel.', 'Caraffaischer Verlassenschafts kurator eine peremptorie klausulirte Konvo kations und Liquidationstagsatzung auf den  März 1780 nachmittag um 4 Uhr vor der subPræsidioPraesidio des Herrn Baron von Waldstät ten verordneten ordinäre Abhandlungskommis sion in dero in dem deutschen Haus gegen den Freythof hinaus im  Stock habenden Woh nung zu erscheinen  pro 1mo, 2do,3tioac ultimotermino bestimmt worden  Sol chemnach werden alle, welche an des obbenann ten Herrn Carl Otto Grafens von Caraffa  Verlassenschaft einige Sprüche und Foderun gen haben, oder zu haben vermeinen, an ob gedachten Tag, Stund und Orte alsogewiss erscheinen, ihre habende Sprüche anmelden, und zugleich der Ordnung nach behörig liqui diren, wie im widrigen von den Anwesen den und dem aufgestellten Herrn Curatore die Nothdurften vernommen, hierüber exofficio relationirt, den Ausbleibenden aber das ewi ge Stillschweigen auferlegt werden soll.', 'von Gruber, als ge richtlich aufgestellten Curatorisadactum zu Ausfindigmachung des etwa vorhandenen Æris alieni eine peremptorie causulirte Convoca tions und Liquidationstagsatzung auf den  Juni   nachmittag um 4 Uhr bey der subpræsidiopraesidio des Herrn Baron von Waldstät ten aufgestellten ordinari Abhandlungskommis sion in dero in dem deutschen Haus in 2ten Stock habenden Wohnzimmer zu erscheinen pro 1mo2do3tioacultimoTermino bestimmt worden  Solchemnach werden all und je de Jnteressirte, so an des obbemeldten Ziegel mayer  Verlassenschaft, Erbschaft oder Schuldenhalber einige Sprüche und Foderungen haben, oder zu haben vermeinen, an obge dachten Tag, Stund und Ort, entweder per sönlich, oder durch genugsam Bevollmächtigte alsogewiss erscheinen, ihre habende Sprüche an melden, und zugleich mit Beybringung der behörigen Dokumenten rechtens liquidiren, als im widrigen die Abhandlung des obbemeldten Ziegelmayer mit den anwesenden Jnteressirten vorgenommen, hierüber exofficio relationiret, auch nach vorhandenen Umständen, und nach Befund der Sache die Verlassenschaft, oder den Creditoribus addiciret, oder den sich legitimir ten Erben  cum commodo&onere eingeant wortet, den ausbleibenden aber das ewige Still schweigen auferlegt werden soll.| Wir Friderich Jgnaz Maurer, Jhrer   apost.']"
557,556,17,556_norden_gräfinn_hungarn_grönningen,"['norden', 'gräfinn', 'hungarn', 'grönningen', 'frau', 'grafen', 'ningen', 'herrn', 'kaiser', 'würtemberg']","['Die allhier anwesende höchst und hohe fremde Herrschaften, der Herr Graf, und die Frau Gräfinn von Norden, dann der Herr Graf, und die Frau Gräfinn von Grönningen, mit Dero hohen Famille, sa hen in den Wohnzimmern    des Durchl.', 'Majestät mit Herrn Grafen und Frau Gräfin von Norden, dann den  Grafen von Grönningen, nebst den durchl.', 'der Kaiser, mit dem Herrn Grafen, und Frau Gräfinn von Norden, dem Herrn Grafen, und Frau Gräfinn von Grönningen, dann dem Durchl.']"
558,557,17,557_gnaden_michaelbayrischen_buchsamte_bischof,"['gnaden', 'michaelbayrischen', 'buchsamte', 'bischof', 'zufolge', 'salzburg', 'kloster', 'wien', 'hochlöbl', 'hubce']","['Sitz Burg Wien im Jahr 1708. denen Barfüsser Vättern des Ordens der Allerheiligsten Dreyfaltig keit von Entschliessung gefangener Chri sten in der Alster Gassen vor dem Schot ten Thor ange eignet von selbigen Ta gen an bis an unsere Zeiten durch Christ Catholische Wiener Oesterreicher und andere Völkerschaften eiferig besuchet wird.', 'Von dem Kloster Michaelbayrischen Grund buchsamte in Wien wind hiemit bekannt gemacht: es sey zufolge eines von den hochlöbl.', 'Von dem Kloster Michaelbayrischen Grund buchsamte in Wien wird hiemit bekannt gemacht: es sey zufolge eines von den hochlöbl.']"
559,558,17,558_kaiserl_coharischen_guarantirten_decretum,"['kaiserl', 'coharischen', 'guarantirten', 'decretum', 'schröffl', 'feyerer', 'taxische', 'renthen', 'curiers', 'beygewohntem']","['des Kaiserl.', 'des Kaiserl.', 'guarantirten so genannten Leib Renthen Lotterie, per Decretum  intimiret worden dass dieselben vermög allergnädig sten Kaiserl.']"
560,559,17,559_sebast_severin_befferhand_tare,"['sebast', 'severin', 'befferhand', 'tare', 'oberstbat', 'seyboth', 'courette', 'gelhütte', 'sebieth', 'erstrcue']","['Dem  Sebast.', 'Dem Sebast.', 'Dem Sebast.']"
561,560,17,560_licit_1485_2321_2057,"['licit', '1485', '2321', '2057', '1329', '2353', '2355', '2964', '3003', '2928']","['1485|| Licit.', '2353 Nro | Licit.', '1329  41| Licit.']"
562,561,17,561_on_andreasde_auroribus_ehrwürdig,"['on', 'andreasde', 'auroribus', 'ehrwürdig', 'elo', 'domesticus', 'encomiastes', 'discalceaten', 'feries', 'evangiles']","['Heiligkeit Clementis des XII Prælatus domesticus&assistens, Bi schof zu Helenopolis, und deren  Missionen in Norden Vicariusgeneralis Apostolicus; die vorhergehende Pre dig aber der Ehrwürdig und Hochge lehrte Herr GeorgiusBartholomæus Sommer Vicarius in Erdberg gehalten.', 'Historicus& Encomiastes Marianus, referens Miranda, Ope DeiparæDeiparae circa Mortales patrara, unà cum Elo giis, ex plurimis Scriptor.', ""Jn dem Augustin Bernardischen Buchhand lungs Gewölb bey der obern Jesuiten pforte gegen über seynd zu haben: L' Année Chretienne, Contenant les Messes des Dimanches, feries& fetes de toute l' Annéc avec l' Explication des Epistres,& des Evangiles,& on Abregé de la vie des saints, dont on fait l' office Tomes8vòàParisrelie für  .""]"
563,562,17,562_auszufeilen_verwilliget_öffentlich_liegende,"['auszufeilen', 'verwilliget', 'öffentlich', 'liegende', 'aufgestellt', 'verkaufen', 'tschachnerisch', 'tschachnerischen', '166', 'curatoris']","['aufgestellt Tschachnerischen Herrn Curators verwilliget worden, das Tschachnerisch auf der Wieden liegende Haus  166 öffentlich auszufeilen, und an den Meistbietenden zu verkaufen.', 'aufgestellt Tschachnerischen Herrn Curators verwilliget worden, das Tschachnerisch auf der Wieden liegende Haus  166 öffentlich auszufeilen, und an den Meistbietenden zu verkaufen.', 'aufgestellt Tschachnerischen Herrn Curators verwilliget worden, das Tschachnerisch auf der Wieden liegende Haus  166 öffentlich auszufeilen, und an den Meistbietenden zu verkaufen.']"
564,563,17,563_rheims_aufhalten_könig_fontainebleau,"['rheims', 'aufhalten', 'könig', 'fontainebleau', 'jagd', 'nacher', 'rast', 'erlaubnuss', 'cuerva', 'commœdiecommoedie']","['Der Grass von Montijo welcher für  Wochen Erlaubnuss begehret anhe ro zu kommen wird übermorgen er wartet; Es wäre aber dem König angenehmer gewesen wann derselbe bey diesen misslichen Zeiten an seinem Gesandtschafts Ort verbliben wäre indeme man sicher weis dass dieser Mi nister nur darum anhero zu kommen verlanget um dessen Herrn Bruder Marquis de Mansera zu einer Com pagnie der Königl.', 'Den  dieses ist der König in Begleitung des Hertzogen von Orleans und Hertzogen von Chartres nacher Rheims abgereiset den 15ten zuvor haben sich Jhro Majestät fürs erste mal Stiffel anziehen lassen weilen sie ent schlossen seynd einen Theil des Wegs nacher Rheims zu Pferde zu machen.', 'Der König wird in dem Jhrer Königlichen Hochheit dem Regenten gehörigen Schloss zu Villers Cotteret auf der Hinreise nacher Rheims zwey und in der Ruckreise von dar drey Tage sich aufhalten sie haben bereits die vornehm sten von ihren Bedienten voraus geschickt um dieses Schoss auf das allerprächtigste auszu rüsten und allen nöhtigen Vorat an Lebens Mitteln anzuschaffen.']"
565,564,17,564_emmer_wein_fässer_sätl,"['emmer', 'wein', 'fässer', 'sätl', 'gänter', 'weinlöse', 'weinhändler', 'eichene', 'meistbiettenden', 'ungarischer']","['Der Weinhandel dieses Reichs dürfte wohl überhaupt bald sehr abnehmen, da einem Befehl der Königinn gemäss, nach der diesjährigen Weinlöse, viele beträcht liche Weingärten gewaltsam vertilget, und in Ackerland verwandelt werden sol len, damit der Feldbau, der so sehr durch den Weinbau verdrängt worden ist, dass er bey weitem nicht mehr fähig war, das Land mit dem nothwendig sten Bedürfnissehinlänglich zu versehen, wieder in Aufnahme komme, und mehr verbreitet werde.', 'Emmer leere Wein fässer in eisernen Banden von verschiedenen Gattungen, wie auch  Emmer Fuhr fässer dann eichene Sätl, und Gänter dem Meistbiettenden, verkauffet werden.| AVERTISSEMENT.', 'Emmer leere Wein fässer in eisernen Banden von verschiedenen Gattungen, wie auch  Emmer Fuhr fässer dann eichene Sätl, und Gänter dem Meistbiettenden, verkauffet werden.| EDICT.']"
566,565,17,565_kayserl_langenkell_kayserling_definidefinitortor,"['kayserl', 'langenkell', 'kayserling', 'definidefinitortor', 'zwey', 'graf', 'und', 'von', '', '']","['Kayserl.', 'Kayserl.', 'Kayserl.']"
567,566,16,566_junii_pampelona_turin_langefuhr,"['junii', 'pampelona', 'turin', 'langefuhr', 'moscua', 'julij', 'konstantinopel', 'augspurg', 'dantzig', 'madrit']","['Den  Junii.', 'Den  Junii.', 'Der  Junii.']"
568,567,16,567_erbsenhandel_auszufeilen_verkaufen_meistbietenden,"['erbsenhandel', 'auszufeilen', 'verkaufen', 'meistbietenden', 'erbsenhandl', 'zufeilen', 'verkäufliche', 'einträglichen', 'thigen', 'öffentlich']","['Erbsenhandel offentlich auszufeilen und an den Meistbietenden zu verkaufen.', 'Erbsenhandel öffentlich auszufeilen und an den Meistbietenden zu verkaufen.', 'Erbsenhandel öffentlich auszufeilen und an den Meistbietenden zu verkaufen.']"
569,568,16,568_koch_rosenbergers_rosenberg_gläubiger,"['koch', 'rosenbergers', 'rosenberg', 'gläubiger', 'orsi', 'vertratten', 'kisslisches', 'kick', 'thur', 'ursin']","[""Koch's Gläubiger."", ""Koch's Gläubiger."", ""Koch's Gläubiger.""]"
570,569,16,569_ungeb_eccl__,"['ungeb', 'eccl', '', '', '', '', '', '', '', '']","['ungeb.', 'ungeb.', 'ungeb.']"
571,570,16,570_vilno_keogh_dio_egger,"['vilno', 'keogh', 'dio', 'egger', 'pferdgeschier', 'braittensee', 'fuhrwägen', 'licitir', 'medici', 'pflug']","['Das Exem plar illuminirter per     in Futteral   illuminirter mit Register Rucken Blättern und  Türkischen Haupt und Gräntz Festungen per     deto in Futeral per    Es seynd in der Nudow und Christo phorischen Buchhandlung auf den Kohlmarkt in den grossen Michaeler Haus bey den gol denen Anker wie auch bey dem Berleger des Wienerischen Diarii zu haben die so genannte O Predigen über die neun tägige trostrei chste Andacht der Erwartung der Ge burt unsers Heilands und Erlösers JE Su Christi welche den 16ten Tag dieses Monats Decembris bis auf den Heiligen Christag sowol in der Kaiserl.', 'Hintritt des  Dio nystii Mac keogh de Killearny, gewest   Hof medici in Schönbrunn, zu Licitir und Verkau fung an den Meistbietenden dessen anhero dienst baren  Joch Aeckern, sammt dem darauf neu erbauten Stadl und Garten zu Braittensee im obern und untern Gern liegend, wie auch  Pflug und Egger,  Fuhrwägen, Pferdgeschier, und  Küchen, der  dies laufenden Monats März frühe um  Uhr in diesseitiger Collegii Kanzley bestimmet worden.', 'Hintritt des  Dio nysui  keogh de Killcarny, gewest   Hof medici in Schönbrunn, zu Licitir, und Verkau fung an den Meistbietenden dessen anhero dienst baren  Joch Aeckern, sammt dem darauf neu erbauten Stadl und Garten zu Braittensee im obern und untern Gern liegend, wie auch  Pflug und Egger,  Fuhrwägen, Pferdgeschier, und  Kühen, der  dies laufenden Monats März fruhe um  Uhr in diesseitiger Collegii Kanzley bestimmet worden.']"
572,571,16,571_theres_alsterg_vivat_,"['theres', 'alsterg', 'vivat', '', '', '', '', '', '', '']","['Theres.', 'Theres.', 'Theres.']"
573,572,16,572_einzuberuffen_vorzuladen_fürzuladen_einzuberufen,"['einzuberuffen', 'vorzuladen', 'fürzuladen', 'einzuberufen', 'beschluss', 'künftig', 'anzusuchen', 'verleihung', 'berufen', 'folgt']","['vorzuladen und einzuberuffen.', 'vorzuladen und einzuberuffen.', 'vorzuladen, und einzuberuffen.']"
574,573,16,573_gruber_grumkow_grundbüchel_grunstädter,"['gruber', 'grumkow', 'grundbüchel', 'grunstädter', 'grundemann', 'hofgreissl', 'raulfürst', 'grundmaass', 'bürgl', 'gruberische']","['Grumkow.', 'Veit Gruber Kutscher in dem Kais.', 'alt 6  Dem Mich. Gruber, kais.']"
575,574,16,574_erzherzogl_bischöfl_erzherzogin_eisenhuetisch,"['erzherzogl', 'bischöfl', 'erzherzogin', 'eisenhuetisch', 'colockza', 'kohlanin', 'errur', 'bathyani', 'erzherz', 'patre']","['erzherzogl.', 'Von der Erzherzogl.', 'Von der Erzherzogl.']"
576,575,16,575_kroatien_milutinovich_warasdiner_ziskus,"['kroatien', 'milutinovich', 'warasdiner', 'ziskus', 'legatarien', 'zeitlichen', 'kantonsgerichte', 'edikte', 'verstorbenen', 'georger']","['Von dem   Warasdiner  Georger Gränz regiments Kantonsgerichte wird andurch bekannt ge macht: es sey zur Ausfindigmachung der etwa vor handenen Schulden, oder Erbsinteressenten des zu Recha in Kroatien verstorbenen Pfarrers, Fran ziskus Rosenberger, die gewöhnliche ConvocationsConvocationsedikte edikte auszufertigen befunden worden.', 'Von dem   Warasdiner  Georger Gränz regiments Kantonsgerichte wird andurch bekannt ge macht: es sey zur Ausfindigmachung der etwa vor handenen Schulden, oder Erbsinteressenten des zu Racha in Kroatien verstorbenen Pfarrers, Fran ziskus Rosenberger, die gewöhnliche Convocations edikte auszufertigen befunden worden.', 'Von dem   Warasdiner  Georger Gränz regiments Kantonsgerichte wird andurch bekannt ge macht: es sey zur Ausfindigmachung der etwa vor handenen Schulden, oder Erbsinteressenten des zu Racha in Kroatien verstorbenen Pfarrers, Fran ziskus Rosenberger, die gewöhnliche Convocations edikte auszufertigen befunden worden.']"
577,576,16,576_leipz_neefe_querfol_damn,"['leipz', 'neefe', 'querfol', 'damn', 'eichstädt', 'expens', 'parit', 'nunc', 'durchl', 'und']","['und Leipz.', 'und Leipz.', 'und Leipz.']"
578,577,16,577_alsterb_am_alsterbach_,"['alsterb', 'am', 'alsterbach', '', '', '', '', '', '', '']","['am Alsterb.', 'am Alsterb.', 'am Alsterb.']"
579,578,16,578_bürgermeister_rath_geben_vernehmen,"['bürgermeister', 'rath', 'geben', 'vernehmen', 'wir', 'hiemit', 'wien', 'jedermann', 'stadt', 'lebengeben']","['Wir Bürgermeister und Rath der Stadt Wien geben hiemit jedermann zu vernehmen.', 'Wir Bürgermeister, und Rath der Stadt Wien geben hiemit zu vernehmen.', 'Wir Bürgermeister, und Rath der Stadt Wien geben hiemit zu vernehmen.']"
580,579,15,579_strande_recognosciren_trenscheen_strand,"['strande', 'recognosciren', 'trenscheen', 'strand', 'meer', 'ritten', 'see', 'gefechts', '25den', 'bgeben']","['Jn der Nacht so des 25den Dieses ist das SchifS.Barbara mit  Tartanen von den hiesigen Hafen um wieder die Bar barischen See Räuber welche mit unge wöhnlicher Vermessenheit in diesen Ge genden herum streiffen zu Kreutzen aus geloffen.', 'bega ben sich alsdann hinaus an See strand um wegen der auf morgen angesetzten eröfnung deren trenscheen vor diesseitiger Weichselmünde die ge gend daselbst zu recognosciren.', 'Sie konnte aber wegen Unge stümme des Meeres nicht weiter, als bis nach Limpia kommen, woselbst sie so gleich ans Land stieg, und den Weeg landwärts nach Nizza fortsetzte, um sich nicht ferners dem Eigensinne der Wellen auszusetzen.']"
581,580,15,580_1763_bieses_behodene_oppignorirt,"['1763', 'bieses', 'behodene', 'oppignorirt', 'einantwortungserinnerung', 'jährungszeit', '1763sten', 'edictal', 'adjudiciret', 'bemelt']","['1763.', '1763.', '1763.']"
582,581,15,581_maschinen_webermittel_opferkuh_aufzunehmen,"['maschinen', 'webermittel', 'opferkuh', 'aufzunehmen', 'freywillig', 'funken', 'optica', 'bewogen', 'electricität', 'maschine']","['Webermittel hat sich durch diese gute Erfindung bewogen gefunden, den Mathias Opferkuh freywillig in das Mittel aufzunehmen, welche löbl.', 'Webermittel hat sich durch diese gute Erfindung bewogen gefunden, den Mathias Opferkuh freywillig in das Mittel aufzunehmen, welche löbl.', 'Er trägt daher den Liebhabern der Wissenschaften und Künste seine Dienste mit dem Beysatze an, dass er auch, aus ser den angeführten Arbeiten, alle Gattungen von mechanischen Maschinen nach jeder Zeichnung oder auf Angebung der Herren Liebhaber, als auch Dreschmaschinen auf eine ganz einfache Art, welche doch sehr gute Dienste machen, dann Baumwoll Spinne Kartätsch und andere Maschinen im Kleinen sowohl, als im Grossen zu errichten im Stande | Franz Zambra, wohnhaft in der Rossau  25, gibt sich die Eh re ein hochschätzbares Publikum zu berichten, dass er sich in den Stand gesetzt habe, jeden Liebhaber physikalischer Jnstrumente mit Barometer und Ther mometern jeder Art und Grösse nach den neuesten Erfindungen zu bedienen.']"
583,582,15,582_band_letzter_bandmach_dritter,"['band', 'letzter', 'bandmach', 'dritter', 'ratheder', 'franç', 'ebenderselbe', '11ter', 'jahrgangs', '4tes']","['4ter und letzter Band  Augsb.', 'Dritter und letzter Band.', 'Dritter und letzter Band.']"
584,583,15,583_deutschen_böhmen_rehm_kohlmarkt,"['deutschen', 'böhmen', 'rehm', 'kohlmarkt', 'buchhändler', 'zutreffende', 'worte', 'brandauschen', 'dauschen', 'neunte']","['mit Schuber 24  Wenn es möglich ist, durch Worte Jemand ein Spiel zu lernen, so wird der Käufer oder Käu ferin in dem Stand gesetzt, sich und eine ganze grosse Gesellschaft nicht allein sattsam zu unterhal ten, sondern auch vieles, zwar zufällige, doch öf ters wirklich Zutreffende aus der Karte sagen zu können.| Bey Ritter  Mössle am Graben, und bey  Rötzel, Buchhändler in der Singerstrasse, ist nun auch um 38  zu haben: Das zweyte Heft  Blums neuesten deutschen Reichskriegskanzley.', '1  30  Alle 6 Bände 5 | Ankündigung Bey Peter Rehm, Buchhändler, am Kohlmarkt in dem kleinen Baron Brandauschen Hause, in der Ho henleitnerschen Buchhandlung am Kohlmarkt, und in der Dollschen Buchhandlung am Stephansfreyt hof, im deutschen Hause, ist neu erschienen: Worte einer edlen Mutter an den Geist und das Herz ihrer Tochter.', 'Bey Peter Rehm, Buchhändler, am Kohlmarkt in dem kleinen Baron Brandauschen Hause, in der Ho henleitnerschen Buchhandlung am Kohlmarkt, und in der Dollschen Buchhandlung am Stephansfreyt hof, im deutschen Hause, ist neu erschienen: Worte einer edlen Mutter an den Geist und das Herz ihrer Tochter.']"
585,584,15,584_ungarn_publikum_kapuzinern_tischler,"['ungarn', 'publikum', 'kapuzinern', 'tischler', 'tischlermeister', 'adel', 'bestverfertigter', '1121', 'schloisneckischen', 'verkaufgewölb']","['Tischler meister, macht einem hohen Adel und verehrungs würdigen Publikum bekannt,dassbeyihmvon verschiedener Gattung bestverfertigter Tischlerarbeit alsogleich, oder gegen Bestellung bald möglichst zu haben  Er hat sein Verkaufgewölb am neuen Markt neben den Kapuzinern im Schloisneckischen Haus  1121, seine Wohnung im Burgerspi tal Hof  5, Stiegen  9, ersten Stock  | Forte piano.', 'Tischler meister, macht einem hohen Adel und verehrungs würdigen Publikum bekannt, dass bey ihm von verschiedener Gattung bestverfertigter Tischlerarbeit alsogleich, oder gegen Bestellung bald möglichst zu haben  Er hat sein Verkaufgewölb am neuen Markt neben den Kapuzinern im Schloisneckischen Haus  1121, seine Wohnung im Burgerspi tal Hof  5, Stiegen  9, ersten Stock  | Forte piano.', 'Tischler meister, macht einem hohen Adel und verehrungs würdigen Publikum bekannt, dass bey ihm von verschiedener Gattung bestverfertigter Tischlerarbeit alsogleich, oder gegen Bestellung bald möglichst zu haben  Er hat sein Verkaufgewölb am neuen Markt neben den Kapuzinern im Schloisneckischen Haus  1121, seine Wohnung im Burgerspi tal Hof  5, Stiegen  9, ersten Stock  | Forte piano.']"
